code_universite;code_etablissement;code_domaine;inscrits_f;inscrits_m;annee
3;312;71;37;1;2021
3;312;71;23;3;2021
3;312;71;31;0;2021
3;312;71;0;0;2021
3;312;71;32;3;2021
3;312;71;30;1;2021
3;312;71;30;0;2021
3;312;71;31;3;2021
3;312;71;36;0;2021
3;312;72;42;0;2021
3;312;71;26;4;2021
3;312;71;2;7;2021
3;312;71;17;5;2021
3;312;71;21;3;2021
3;312;71;33;1;2021
3;312;71;25;0;2021
3;312;71;31;2;2021
3;312;71;29;0;2021
3;312;71;27;2;2021
3;312;72;38;0;2021
3;312;71;24;6;2021
3;312;71;12;7;2021
3;312;71;33;4;2021
3;312;71;31;4;2021
3;312;71;7;2;2021
3;312;71;7;3;2021
3;312;71;23;3;2021
3;312;71;14;1;2021
3;312;71;15;0;2021
3;312;71;39;3;2021
3;312;71;22;1;2021
3;312;71;40;0;2021
3;312;71;24;3;2021
3;312;72;26;1;2021
3;312;71;33;6;2021
3;312;71;11;9;2021
3;312;71;18;1;2021
3;312;71;14;0;2021
3;312;71;16;1;2021
3;312;71;30;4;2021
3;312;71;23;7;2021
3;312;71;25;3;2021
3;311;52;29;26;2021
3;311;53;31;28;2021
3;311;53;9;6;2021
3;311;53;36;24;2021
3;311;53;18;32;2021
3;311;42;25;23;2021
3;311;53;11;10;2021
3;311;53;4;13;2021
3;311;53;24;22;2021
3;311;52;36;24;2021
3;311;53;29;28;2021
3;311;53;3;4;2021
3;311;53;25;31;2021
3;311;53;21;33;2021
3;311;42;22;24;2021
3;311;53;7;12;2021
3;311;53;11;14;2021
3;311;53;26;16;2021
3;311;52;26;33;2021
3;311;53;34;20;2021
3;311;53;7;5;2021
3;311;53;27;18;2021
3;311;53;19;30;2021
3;311;42;12;16;2021
3;311;53;7;10;2021
3;311;53;10;16;2021
3;311;53;17;14;2021
3;311;53;12;3;2021
3;311;52;6;3;2021
3;311;42;20;17;2021
3;311;31;7;1;2021
3;311;53;23;9;2021
3;311;41;12;7;2021
3;311;42;9;7;2021
3;311;53;3;7;2021
3;311;53;10;15;2021
3;311;53;8;8;2021
3;311;42;20;21;2021
3;311;53;14;4;2021
3;311;31;8;12;2021
3;311;52;2;0;2021
3;311;53;8;8;2021
3;311;53;4;0;2021
3;311;53;3;11;2021
3;311;41;2;7;2021
3;311;52;2;3;2021
3;311;53;3;5;2021
3;311;53;2;0;2021
3;311;53;2;7;2021
3;311;41;3;1;2021
3;311;53;7;1;2021
3;311;52;3;1;2021
3;311;53;7;6;2021
3;311;53;4;1;2021
3;311;53;2;1;2021
3;311;41;8;1;2021
3;311;53;9;0;2021
3;311;53;3;1;2021
3;311;53;3;1;2021
3;311;53;2;0;2021
3;311;53;1;2;2021
3;311;53;6;2;2021
3;311;53;2;0;2021
3;311;53;2;5;2021
3;311;41;1;1;2021
3;311;53;4;2;2021
3;311;41;6;0;2021
3;310;53;53;141;2021
3;310;53;70;159;2021
3;310;53;49;63;2021
3;310;53;73;95;2021
3;310;53;61;33;2021
3;310;53;77;28;2021
3;307;62;24;5;2021
3;307;62;55;9;2021
3;307;71;98;28;2021
3;307;71;65;10;2021
3;307;71;17;3;2021
3;307;71;16;4;2021
3;307;71;19;2;2021
3;307;71;22;1;2021
3;307;71;48;4;2021
3;307;71;22;1;2021
3;307;71;5;6;2021
3;307;71;7;3;2021
3;307;71;14;2;2021
3;307;71;12;2;2021
3;307;71;20;1;2021
3;307;71;44;1;2021
3;307;71;17;4;2021
3;307;71;15;5;2021
3;307;53;25;5;2021
3;307;71;6;0;2021
3;307;71;6;0;2021
3;307;44;6;0;2021
3;307;71;8;1;2021
3;307;53;11;3;2021
3;307;43;2;6;2021
3;307;43;1;4;2021
3;307;43;0;6;2021
3;307;43;0;2;2021
3;307;43;3;6;2021
3;307;71;22;1;2021
3;307;71;11;1;2021
3;307;71;12;0;2021
3;307;43;15;19;2021
3;307;43;14;6;2021
3;305;43;17;3;2021
3;305;43;21;0;2021
3;305;81;27;0;2021
3;305;81;28;4;2021
3;305;43;13;1;2021
3;305;43;9;0;2021
3;305;43;140;14;2021
3;305;81;112;14;2021
3;305;43;81;6;2021
3;305;81;57;5;2021
3;305;43;20;1;2021
3;305;81;18;7;2021
3;305;43;42;3;2021
3;305;43;20;1;2021
3;305;43;26;0;2021
3;306;22;89;6;2021
3;306;22;93;56;2021
3;306;22;98;9;2021
3;306;22;42;13;2021
3;306;22;17;0;2021
3;306;34;111;17;2021
3;306;34;84;15;2021
3;306;34;29;2;2021
3;306;22;12;8;2021
3;306;22;27;3;2021
3;306;22;30;5;2021
3;306;22;48;10;2021
3;306;22;14;3;2021
3;306;34;78;18;2021
3;306;34;87;8;2021
3;306;34;9;0;2021
3;306;22;12;1;2021
3;306;22;24;3;2021
3;306;22;64;4;2021
3;306;22;21;12;2021
3;306;22;47;10;2021
3;306;22;41;5;2021
3;306;22;19;6;2021
3;306;22;15;5;2021
3;306;22;26;4;2021
3;306;22;18;0;2021
3;306;22;14;3;2021
3;306;22;32;4;2021
3;306;22;32;6;2021
3;306;22;38;5;2021
3;306;22;15;3;2021
3;306;22;8;0;2021
3;306;22;15;2;2021
3;306;22;19;1;2021
3;306;34;72;8;2021
3;306;34;11;8;2021
3;306;34;10;1;2021
3;306;22;12;5;2021
3;306;22;51;13;2021
3;306;22;10;7;2021
3;306;22;20;4;2021
3;306;22;20;4;2021
3;306;22;23;3;2021
3;306;22;36;1;2021
3;306;22;34;1;2021
3;306;22;6;0;2021
3;306;22;16;2;2021
3;306;22;16;2;2021
3;306;22;16;2;2021
3;306;22;3;2;2021
3;306;22;14;5;2021
3;306;22;9;1;2021
3;306;34;46;6;2021
3;306;34;15;2;2021
3;306;34;18;3;2021
3;306;22;6;4;2021
3;306;22;48;21;2021
3;306;34;18;1;2021
3;306;34;23;7;2021
3;306;22;0;0;2021
3;306;22;6;0;2021
3;306;22;17;0;2021
3;306;22;17;0;2021
3;306;22;52;20;2021
3;306;22;43;4;2021
3;306;22;13;3;2021
3;306;22;43;4;2021
3;306;34;46;10;2021
3;306;34;37;8;2021
3;306;34;26;0;2021
3;306;34;42;1;2021
3;306;22;35;15;2021
3;306;22;60;8;2021
3;306;22;16;4;2021
3;306;22;36;2;2021
3;306;22;2;7;2021
3;306;22;7;5;2021
3;306;22;1;2;2021
3;306;22;3;4;2021
3;306;22;11;5;2021
3;306;22;4;1;2021
3;306;22;3;2;2021
3;306;22;9;4;2021
3;306;22;6;3;2021
3;306;22;4;0;2021
3;306;22;14;7;2021
3;306;22;13;5;2021
3;306;22;10;11;2021
3;306;22;1;5;2021
3;306;22;1;1;2021
3;308;42;24;24;2021
3;308;42;8;10;2021
3;308;42;14;14;2021
3;308;42;27;22;2021
3;308;42;8;5;2021
3;308;42;13;7;2021
3;308;42;53;71;2021
3;308;42;23;38;2021
3;308;53;30;43;2021
3;308;42;67;81;2021
3;308;42;22;27;2021
3;308;53;24;41;2021
3;308;42;18;26;2021
3;308;42;27;40;2021
3;308;42;47;26;2021
3;308;42;22;37;2021
3;308;42;34;21;2021
3;308;42;16;9;2021
3;308;42;9;5;2021
3;308;42;39;23;2021
3;308;42;13;11;2021
3;308;42;10;12;2021
3;308;42;43;19;2021
3;308;42;18;5;2021
3;308;42;18;10;2021
3;309;71;76;72;2021
3;309;71;76;61;2021
3;309;71;74;62;2021
3;309;71;21;15;2021
3;309;71;23;14;2021
3;303;32;42;26;2021
3;303;32;30;13;2021
3;303;32;106;19;2021
3;303;32;120;34;2021
3;303;32;135;47;2021
3;303;32;115;38;2021
3;303;32;27;8;2021
3;303;32;19;4;2021
3;303;32;20;16;2021
3;303;32;14;4;2021
3;303;32;57;12;2021
3;303;32;38;4;2021
3;303;32;29;15;2021
3;303;32;29;5;2021
3;303;32;20;4;2021
3;303;32;12;1;2021
3;303;32;17;8;2021
3;303;32;20;2;2021
3;303;32;14;20;2021
3;303;32;6;6;2021
3;303;32;21;18;2021
3;303;32;19;6;2021
3;303;32;23;8;2021
3;303;32;5;3;2021
3;303;32;502;152;2021
3;303;32;375;91;2021
3;303;32;333;89;2021
3;303;32;63;32;2021
3;303;32;58;11;2021
3;303;32;70;11;2021
3;303;32;78;21;2021
3;303;32;99;48;2021
3;303;32;91;36;2021
3;303;32;56;29;2021
3;303;32;16;6;2021
3;303;32;15;14;2021
3;303;32;16;8;2021
3;303;32;16;16;2021
3;303;32;15;8;2021
3;303;32;70;26;2021
3;303;34;2;12;2021
3;303;34;3;5;2021
3;303;34;0;5;2021
3;303;34;2;13;2021
3;303;34;4;9;2021
3;301;62;57;20;2021
3;301;53;32;69;2021
3;301;53;27;21;2021
3;301;53;21;16;2021
3;301;53;55;50;2021
3;301;53;21;17;2021
3;301;53;44;19;2021
3;301;44;36;15;2021
3;301;44;23;26;2021
3;301;44;33;2;2021
3;301;43;71;8;2021
3;301;43;37;6;2021
3;301;43;37;9;2021
3;301;44;40;30;2021
3;301;44;60;22;2021
3;301;44;38;14;2021
3;301;44;34;21;2021
3;301;42;43;83;2021
3;301;42;53;72;2021
3;301;53;46;34;2021
3;301;53;21;38;2021
3;301;41;40;31;2021
3;301;41;43;42;2021
3;301;44;16;4;2021
3;301;44;27;12;2021
3;301;44;19;13;2021
3;301;41;12;5;2021
3;301;41;24;18;2021
3;301;43;58;4;2021
3;301;43;18;3;2021
3;301;44;23;9;2021
3;301;44;34;8;2021
3;301;44;13;3;2021
3;301;44;20;5;2021
3;301;44;25;1;2021
3;301;44;19;4;2021
3;301;44;27;4;2021
3;301;53;21;42;2021
3;301;43;47;2;2021
3;301;53;53;23;2021
3;301;42;47;76;2021
3;301;42;40;27;2021
3;301;44;16;7;2021
3;301;44;17;6;2021
3;301;44;36;6;2021
3;301;44;25;8;2021
3;301;53;13;34;2021
3;301;42;50;64;2021
3;301;44;50;10;2021
3;301;43;31;1;2021
3;301;43;22;5;2021
3;301;44;30;21;2021
3;301;43;50;12;2021
3;301;44;16;16;2021
3;301;44;8;4;2021
3;301;81;15;0;2021
3;301;44;8;5;2021
3;301;41;44;47;2021
3;301;62;37;9;2021
3;301;42;43;50;2021
3;301;42;56;50;2021
3;301;42;38;33;2021
3;301;44;32;6;2021
3;301;44;25;1;2021
3;301;44;18;3;2021
3;301;44;20;4;2021
3;301;44;22;10;2021
3;301;44;19;6;2021
3;301;53;12;14;2021
3;301;53;17;13;2021
3;301;53;15;22;2021
3;301;43;15;3;2021
3;301;43;12;2;2021
3;301;43;10;1;2021
3;301;81;11;1;2021
3;301;43;14;0;2021
3;301;43;17;3;2021
3;301;44;9;5;2021
3;301;44;13;4;2021
3;301;44;10;5;2021
3;301;44;17;7;2021
3;301;44;13;2;2021
3;301;44;22;3;2021
3;301;44;14;4;2021
3;301;44;16;4;2021
3;301;42;19;28;2021
3;301;41;52;46;2021
3;301;41;13;23;2021
3;301;44;14;4;2021
3;301;44;9;2;2021
3;301;44;13;2;2021
3;301;44;9;3;2021
3;301;44;11;5;2021
3;301;44;9;3;2021
3;301;44;16;7;2021
3;301;53;18;13;2021
3;301;44;6;9;2021
3;301;44;27;5;2021
3;301;43;17;0;2021
3;301;44;8;4;2021
3;301;53;21;42;2021
3;301;44;20;5;2021
3;301;44;9;15;2021
3;301;43;13;0;2021
3;301;81;10;0;2021
3;301;81;8;0;2021
3;301;43;15;1;2021
3;301;43;15;1;2021
3;301;44;7;5;2021
3;301;44;9;2;2021
3;301;44;5;5;2021
3;301;44;11;5;2021
3;301;44;10;2;2021
3;301;44;11;2;2021
3;301;44;11;0;2021
3;301;44;12;2;2021
3;301;42;17;9;2021
3;301;41;22;18;2021
3;301;44;14;2;2021
3;301;44;12;5;2021
3;301;44;8;3;2021
3;301;44;9;5;2021
3;301;44;15;2;2021
3;301;44;8;4;2021
3;301;53;7;10;2021
3;301;44;17;3;2021
3;301;43;18;3;2021
3;301;44;10;6;2021
3;301;53;18;34;2021
3;301;44;15;3;2021
3;301;44;15;7;2021
3;301;44;34;18;2021
3;301;44;41;11;2021
3;301;44;31;13;2021
3;301;44;26;13;2021
3;301;44;11;4;2021
3;301;43;106;17;2021
3;301;43;83;13;2021
3;301;43;74;10;2021
3;301;43;74;17;2021
3;301;43;53;9;2021
3;301;41;18;10;2021
3;301;41;18;8;2021
3;301;41;25;8;2021
3;301;41;19;5;2021
3;301;41;13;4;2021
3;301;44;56;35;2021
3;301;44;51;33;2021
3;301;44;72;38;2021
3;301;44;64;24;2021
3;301;44;37;12;2021
3;301;44;71;22;2021
3;301;44;63;9;2021
3;301;44;73;7;2021
3;301;44;80;14;2021
3;301;44;51;6;2021
3;301;42;37;10;2021
3;301;42;36;10;2021
3;301;42;39;23;2021
3;301;42;40;19;2021
3;301;42;30;7;2021
3;301;53;20;28;2021
3;301;53;14;14;2021
3;301;53;16;16;2021
3;301;53;12;15;2021
3;301;53;13;9;2021
3;302;31;248;247;2021
3;302;34;237;185;2021
3;302;42;72;95;2021
3;302;31;210;141;2021
3;302;34;192;85;2021
3;302;42;90;80;2021
3;302;31;67;25;2021
3;302;42;67;61;2021
3;302;31;42;28;2021
3;302;31;48;37;2021
3;302;31;55;18;2021
3;302;31;41;19;2021
3;302;34;63;28;2021
3;302;34;46;25;2021
3;302;34;58;22;2021
3;302;34;25;6;2021
3;302;31;37;14;2021
3;302;31;41;17;2021
3;302;34;32;10;2021
3;302;34;31;16;2021
3;302;31;56;29;2021
3;302;31;40;21;2021
3;302;34;19;16;2021
3;302;34;7;5;2021
3;302;31;30;14;2021
3;302;31;20;8;2021
3;302;31;19;8;2021
3;302;31;16;2;2021
3;302;34;36;7;2021
3;302;34;14;5;2021
3;302;34;32;12;2021
3;302;34;17;4;2021
3;302;31;42;16;2021
3;302;31;24;6;2021
3;302;34;29;11;2021
3;302;34;18;4;2021
3;302;31;62;30;2021
3;302;31;27;9;2021
3;302;31;61;25;2021
3;302;31;46;25;2021
3;302;34;48;17;2021
3;302;34;32;4;2021
3;302;31;26;12;2021
3;302;31;23;9;2021
3;302;31;24;18;2021
3;302;31;21;12;2021
3;302;31;33;17;2021
3;302;31;18;9;2021
3;302;34;13;6;2021
3;302;34;8;7;2021
3;302;31;28;13;2021
3;302;31;21;4;2021
3;302;42;32;19;2021
3;302;42;23;9;2021
3;302;31;35;14;2021
3;302;31;23;12;2021
3;302;34;18;23;2021
3;302;34;17;8;2021
3;302;34;18;13;2021
3;302;34;41;21;2021
3;302;31;3;1;2021
3;302;31;3;5;2021
3;302;31;7;6;2021
3;302;31;16;3;2021
3;302;31;8;1;2021
3;302;31;24;5;2021
3;302;31;20;9;2021
3;302;31;9;3;2021
3;302;31;17;16;2021
3;304;71;362;152;2021
3;304;71;306;102;2021
3;304;71;345;145;2021
3;304;71;332;114;2021
3;304;71;340;131;2021
3;304;71;313;127;2021
3;304;71;32;14;2021
3;304;71;34;3;2021
3;304;71;43;10;2021
3;304;71;27;14;2021
3;304;71;27;3;2021
3;304;71;13;15;2021
3;304;71;10;10;2021
3;304;71;23;18;2021
3;304;71;23;1;2021
3;304;71;33;26;2021
3;304;71;40;9;2021
3;304;71;9;13;2021
3;304;71;27;12;2021
3;304;71;21;4;2021
3;304;71;15;18;2021
3;304;71;21;7;2021
3;304;71;11;4;2021
3;304;71;14;5;2021
3;304;71;20;10;2021
3;304;71;25;6;2021
3;304;71;14;2;2021
3;304;71;21;8;2021
3;304;71;25;10;2021
3;304;71;12;5;2021
3;304;71;4;19;2021
3;304;71;15;8;2021
3;304;71;0;0;2021
3;304;71;27;9;2021
3;304;71;19;4;2021
3;304;71;38;18;2021
3;304;71;8;24;2021
3;304;71;47;14;2021
3;304;71;42;12;2021
3;304;71;24;5;2021
3;304;71;14;3;2021
3;304;71;21;9;2021
3;304;71;16;10;2021
3;304;71;13;1;2021
3;304;71;12;4;2021
3;304;71;40;6;2021
3;304;71;18;2;2021
3;304;71;19;16;2021
3;304;71;35;11;2021
3;304;71;35;14;2021
3;304;71;5;21;2021
3;304;71;25;6;2021
3;304;71;28;2;2021
3;304;71;34;5;2021
3;304;71;10;2;2021
3;304;71;8;4;2021
3;304;71;32;2;2021
3;304;71;11;2;2021
3;304;71;7;5;2021
3;304;71;5;0;2021
3;304;71;5;0;2021
3;304;71;10;0;2021
13;1323;42;10;11;2021
13;1323;31;25;5;2021
13;1323;31;33;6;2021
13;1323;52;37;53;2021
13;1323;53;6;10;2021
13;1323;42;8;12;2021
13;1323;31;33;5;2021
13;1323;31;38;7;2021
13;1323;52;8;10;2021
13;1323;42;7;2;2021
13;1323;42;3;2;2021
13;1323;44;1;10;2021
13;1323;52;16;12;2021
13;1323;52;13;20;2021
13;1323;44;3;15;2021
13;1323;52;4;15;2021
13;1323;31;52;3;2021
13;1323;31;10;6;2021
13;1323;53;9;7;2021
13;1323;53;13;9;2021
13;1324;53;94;135;2021
13;1324;53;22;31;2021
13;1324;53;23;16;2021
13;1324;53;49;46;2021
13;1324;53;30;17;2021
13;1324;42;26;6;2021
13;1324;42;39;29;2021
13;1305;42;62;79;2021
13;1305;53;24;100;2021
13;1305;31;40;10;2021
13;1305;53;30;95;2021
13;1305;53;12;16;2021
13;1305;53;16;39;2021
13;1305;53;4;19;2021
13;1305;53;21;54;2021
13;1305;53;2;15;2021
13;1305;42;16;12;2021
13;1305;42;11;7;2021
13;1305;42;12;14;2021
13;1305;31;13;3;2021
13;1305;31;38;6;2021
13;1305;31;26;16;2021
13;1305;53;10;16;2021
13;1305;53;19;23;2021
13;1305;53;0;20;2021
13;1305;53;20;56;2021
13;1305;53;3;20;2021
13;1305;42;20;10;2021
13;1305;42;9;9;2021
13;1305;42;10;18;2021
13;1305;31;18;10;2021
13;1305;31;18;3;2021
13;1305;31;18;7;2021
13;1305;31;40;21;2021
13;1305;31;49;12;2021
13;1305;53;10;16;2021
13;1305;53;8;14;2021
13;1305;42;16;8;2021
13;1301;31;20;4;2021
13;1301;31;18;48;2021
13;1301;82;40;11;2021
13;1301;42;24;41;2021
13;1301;42;9;10;2021
13;1301;42;7;16;2021
13;1301;42;61;90;2021
13;1301;31;73;54;2021
13;1301;42;31;66;2021
13;1301;42;11;19;2021
13;1301;42;10;16;2021
13;1301;31;57;24;2021
13;1301;82;35;7;2021
13;1301;31;15;5;2021
13;1303;42;33;43;2021
13;1303;42;11;5;2021
13;1303;42;7;6;2021
13;1303;42;8;8;2021
13;1303;42;13;6;2021
13;1303;42;7;8;2021
13;1303;42;3;5;2021
13;1303;42;4;5;2021
13;1303;31;22;9;2021
13;1303;53;29;58;2021
13;1303;53;20;14;2021
13;1303;53;9;26;2021
13;1303;53;3;28;2021
13;1303;53;3;28;2021
13;1303;53;18;64;2021
13;1303;53;1;11;2021
13;1303;53;13;47;2021
13;1303;53;0;9;2021
13;1303;53;12;30;2021
13;1303;53;11;4;2021
13;1303;53;10;15;2021
13;1303;53;16;6;2021
13;1303;31;12;8;2021
13;1303;53;35;14;2021
13;1303;31;16;7;2021
13;1303;31;20;5;2021
13;1303;31;12;5;2021
13;1303;31;12;5;2021
13;1303;31;25;1;2021
13;1303;31;11;5;2021
13;1302;42;15;17;2021
13;1302;53;7;8;2021
13;1302;53;8;23;2021
13;1302;31;42;32;2021
13;1302;53;4;7;2021
13;1302;42;5;8;2021
13;1302;42;4;6;2021
13;1302;31;54;20;2021
13;1302;31;45;22;2021
13;1302;31;33;7;2021
13;1302;53;4;6;2021
13;1302;53;4;9;2021
13;1302;53;11;16;2021
13;1302;53;1;8;2021
13;1302;31;27;4;2021
13;1302;31;33;19;2021
13;1302;53;6;8;2021
13;1302;53;5;6;2021
13;1302;42;3;8;2021
13;1302;42;9;2;2021
13;1304;53;24;116;2021
13;1304;53;19;69;2021
13;1304;53;22;76;2021
13;1304;53;22;42;2021
13;1304;53;10;32;2021
13;1304;31;104;53;2021
13;1304;31;36;5;2021
13;1304;31;52;7;2021
13;1304;31;27;21;2021
13;1304;31;29;15;2021
13;1304;42;33;42;2021
13;1304;42;31;24;2021
13;1304;42;34;36;2021
13;1304;53;26;55;2021
13;1304;53;23;24;2021
13;1304;53;18;14;2021
13;1306;53;17;80;2021
13;1306;42;38;51;2021
13;1306;53;42;47;2021
13;1306;53;10;21;2021
13;1306;53;1;15;2021
13;1306;53;11;37;2021
13;1306;53;14;33;2021
13;1306;53;19;29;2021
13;1306;42;5;4;2021
13;1306;42;41;23;2021
13;1306;42;16;9;2021
13;1306;53;9;23;2021
13;1306;53;1;17;2021
13;1306;53;12;34;2021
13;1306;53;20;28;2021
13;1306;53;9;13;2021
13;1306;42;5;8;2021
13;1306;42;15;17;2021
13;1306;42;12;6;2021
13;1307;53;7;15;2021
13;1307;31;34;4;2021
13;1307;53;31;22;2021
13;1307;42;2;6;2021
13;1307;53;2;5;2021
13;1307;53;7;15;2021
13;1307;31;33;11;2021
13;1307;31;24;12;2021
13;1307;53;33;15;2021
13;1307;53;31;24;2021
13;1307;42;9;10;2021
13;1307;42;6;10;2021
13;1307;53;6;11;2021
13;1308;31;36;12;2021
13;1308;31;30;12;2021
13;1308;42;33;41;2021
13;1308;53;8;52;2021
13;1308;53;12;39;2021
13;1308;42;6;17;2021
13;1308;42;13;8;2021
13;1308;53;7;14;2021
13;1308;53;8;21;2021
13;1308;53;1;11;2021
13;1308;53;4;19;2021
13;1308;31;16;8;2021
13;1308;31;17;5;2021
13;1308;53;8;35;2021
13;1308;53;6;15;2021
13;1308;53;11;15;2021
13;1308;53;6;14;2021
13;1308;31;45;9;2021
13;1308;31;10;8;2021
13;1308;42;7;15;2021
13;1308;42;9;8;2021
13;1308;42;10;6;2021
13;1308;42;9;8;2021
13;1308;31;16;7;2021
13;1308;31;13;5;2021
13;1308;53;11;11;2021
13;1308;53;4;11;2021
13;1309;53;37;52;2021
13;1309;53;11;16;2021
13;1309;53;18;6;2021
13;1309;53;13;11;2021
13;1309;53;8;9;2021
13;1309;53;10;16;2021
13;1309;53;15;10;2021
13;1309;53;6;9;2021
13;1309;31;16;7;2021
13;1309;31;10;5;2021
13;1309;42;26;41;2021
13;1309;42;6;4;2021
13;1309;42;18;27;2021
13;1309;42;16;1;2021
13;1309;42;17;13;2021
13;1309;53;25;75;2021
13;1309;53;10;26;2021
13;1309;53;4;10;2021
13;1309;53;10;8;2021
13;1309;53;9;23;2021
13;1309;53;1;9;2021
13;1309;53;10;13;2021
13;1309;31;41;16;2021
13;1309;31;63;15;2021
13;1309;31;45;10;2021
13;1309;31;41;7;2021
13;1309;31;42;6;2021
13;1309;31;18;2;2021
13;1310;52;50;94;2021
13;1310;53;35;189;2021
13;1310;53;33;92;2021
13;1310;42;53;75;2021
13;1310;31;41;24;2021
13;1310;31;49;31;2021
13;1310;31;26;32;2021
13;1310;52;17;30;2021
13;1310;52;31;29;2021
13;1310;53;12;22;2021
13;1310;42;13;17;2021
13;1310;42;42;107;2021
13;1310;53;13;20;2021
13;1310;53;3;20;2021
13;1310;53;3;16;2021
13;1310;53;20;60;2021
13;1310;53;9;16;2021
13;1310;53;5;26;2021
13;1310;53;8;19;2021
13;1310;53;7;23;2021
13;1310;53;8;31;2021
13;1310;53;11;21;2021
13;1310;52;7;11;2021
13;1310;31;18;7;2021
13;1310;31;33;22;2021
13;1310;82;9;8;2021
13;1310;31;13;13;2021
13;1310;31;8;6;2021
13;1310;31;14;8;2021
13;1310;31;72;26;2021
13;1310;52;44;26;2021
13;1310;52;23;30;2021
13;1310;52;4;16;2021
13;1310;53;5;23;2021
13;1310;53;4;31;2021
13;1310;53;3;25;2021
13;1310;53;19;64;2021
13;1310;53;2;9;2021
13;1310;53;6;16;2021
13;1310;31;11;7;2021
13;1310;31;24;9;2021
13;1310;82;9;9;2021
13;1310;31;31;17;2021
13;1310;53;5;18;2021
13;1310;53;6;54;2021
13;1310;53;12;18;2021
13;1310;31;10;5;2021
13;1310;31;14;11;2021
13;1310;31;20;6;2021
13;1310;42;25;59;2021
13;1310;42;14;15;2021
13;1310;42;10;12;2021
13;1310;31;10;7;2021
13;1310;31;16;8;2021
13;1310;31;12;0;2021
13;1310;53;15;19;2021
13;1310;53;16;8;2021
13;1310;31;17;5;2021
13;1310;31;11;14;2021
13;1310;53;24;9;2021
13;1310;53;11;8;2021
13;1312;31;28;20;2021
13;1312;31;16;21;2021
13;1312;31;14;7;2021
13;1312;42;24;33;2021
13;1312;52;38;53;2021
13;1312;53;26;72;2021
13;1312;53;39;45;2021
13;1312;53;12;18;2021
13;1312;52;19;31;2021
13;1312;42;10;5;2021
13;1312;42;19;9;2021
13;1312;53;18;24;2021
13;1312;53;6;13;2021
13;1312;53;8;19;2021
13;1312;31;23;6;2021
13;1312;31;16;2;2021
13;1312;31;14;9;2021
13;1312;52;7;9;2021
13;1312;52;21;26;2021
13;1312;53;7;20;2021
13;1312;53;12;11;2021
13;1312;53;8;12;2021
13;1312;53;8;15;2021
13;1312;31;27;4;2021
13;1312;31;28;6;2021
13;1312;31;26;6;2021
13;1312;42;10;2;2021
13;1312;42;10;5;2021
13;1314;51;20;1;2021
13;1314;53;20;31;2021
13;1314;53;21;80;2021
13;1314;42;36;57;2021
13;1314;51;29;2;2021
13;1314;53;13;12;2021
13;1314;53;13;13;2021
13;1314;42;17;8;2021
13;1314;42;29;21;2021
13;1314;53;2;17;2021
13;1314;53;17;26;2021
13;1314;42;15;10;2021
13;1314;42;12;11;2021
13;1314;53;11;5;2021
13;1314;53;8;10;2021
13;1314;51;34;3;2021
13;1314;53;6;12;2021
13;1314;53;9;13;2021
13;1314;51;17;0;2021
13;1314;51;18;3;2021
13;1314;53;10;13;2021
13;1314;53;14;7;2021
13;1314;62;12;17;2021
13;1314;62;11;13;2021
13;1311;51;54;10;2021
13;1311;51;26;1;2021
13;1311;51;30;2;2021
13;1311;51;28;4;2021
13;1311;51;41;3;2021
13;1311;42;22;33;2021
13;1311;42;6;3;2021
13;1311;42;30;23;2021
13;1311;42;17;21;2021
13;1311;42;0;2;2021
13;1311;42;13;4;2021
13;1311;31;54;16;2021
13;1311;31;48;28;2021
13;1311;31;17;4;2021
13;1311;31;19;10;2021
13;1311;31;57;8;2021
13;1311;31;20;12;2021
13;1311;31;15;2;2021
13;1315;31;14;0;2021
13;1315;31;14;2;2021
13;1315;31;21;2;2021
13;1315;31;9;7;2021
13;1315;31;13;11;2021
13;1315;31;17;4;2021
13;1315;42;10;12;2021
13;1315;42;4;8;2021
13;1315;42;8;4;2021
13;1315;53;4;10;2021
13;1315;53;1;4;2021
13;1315;53;14;10;2021
13;1315;53;11;4;2021
13;1315;31;23;7;2021
13;1315;31;63;27;2021
13;1315;31;18;15;2021
13;1315;42;49;76;2021
13;1315;52;31;60;2021
13;1315;53;14;124;2021
13;1315;51;48;8;2021
13;1315;31;11;2;2021
13;1315;31;20;4;2021
13;1315;31;19;3;2021
13;1315;31;9;5;2021
13;1315;31;25;7;2021
13;1315;42;49;41;2021
13;1315;42;16;8;2021
13;1315;42;3;11;2021
13;1315;51;12;0;2021
13;1315;44;15;3;2021
13;1315;52;12;21;2021
13;1315;52;10;33;2021
13;1315;53;8;54;2021
13;1315;53;5;12;2021
13;1315;53;3;32;2021
13;1315;53;2;15;2021
13;1315;52;11;33;2021
13;1315;51;17;2;2021
13;1315;51;52;6;2021
13;1315;53;1;16;2021
13;1315;53;1;19;2021
13;1315;52;24;55;2021
13;1315;53;0;32;2021
13;1315;82;10;6;2021
13;1315;31;21;3;2021
13;1315;31;20;6;2021
13;1315;31;24;5;2021
13;1315;53;14;50;2021
13;1315;42;10;8;2021
13;1315;42;11;17;2021
13;1315;42;8;5;2021
13;1315;42;18;11;2021
13;1313;42;69;82;2021
13;1313;53;32;101;2021
13;1313;53;32;84;2021
13;1313;31;47;25;2021
13;1313;42;15;36;2021
13;1313;42;3;10;2021
13;1313;42;4;6;2021
13;1313;42;15;13;2021
13;1313;53;15;27;2021
13;1313;53;4;39;2021
13;1313;53;5;9;2021
13;1313;53;16;9;2021
13;1313;53;9;13;2021
13;1313;53;10;35;2021
13;1313;53;3;16;2021
13;1313;42;5;23;2021
13;1313;42;22;5;2021
13;1313;42;9;10;2021
13;1313;42;11;14;2021
13;1313;53;20;32;2021
13;1313;53;11;43;2021
13;1313;53;6;13;2021
13;1313;53;14;14;2021
13;1313;53;13;15;2021
13;1313;53;6;19;2021
13;1313;53;8;20;2021
13;1313;31;39;11;2021
13;1313;31;32;7;2021
13;1313;42;13;8;2021
13;1313;42;11;2;2021
13;1313;51;10;15;2021
13;1313;51;6;11;2021
13;1313;42;13;8;2021
13;1313;42;8;12;2021
13;1313;53;21;8;2021
13;1313;53;14;8;2021
13;1320;52;33;75;2021
13;1320;42;59;105;2021
13;1320;53;34;103;2021
13;1320;53;28;121;2021
13;1320;31;52;53;2021
13;1320;31;21;12;2021
13;1320;31;38;24;2021
13;1320;42;34;50;2021
13;1320;53;12;41;2021
13;1320;52;13;28;2021
13;1320;53;11;33;2021
13;1320;53;5;18;2021
13;1320;52;27;45;2021
13;1320;44;7;16;2021
13;1320;42;3;21;2021
13;1320;42;10;14;2021
13;1320;53;8;28;2021
13;1320;53;1;11;2021
13;1320;53;2;16;2021
13;1320;53;21;31;2021
13;1320;31;38;24;2021
13;1320;31;15;11;2021
13;1320;31;16;9;2021
13;1320;31;41;19;2021
13;1320;42;27;34;2021
13;1320;31;59;24;2021
13;1320;31;21;9;2021
13;1320;31;16;7;2021
13;1320;53;15;39;2021
13;1320;52;17;37;2021
13;1320;53;18;59;2021
13;1320;31;7;6;2021
13;1320;42;34;69;2021
13;1320;53;7;45;2021
13;1320;53;5;16;2021
13;1320;53;0;18;2021
13;1320;53;4;12;2021
13;1320;53;2;45;2021
13;1320;42;17;5;2021
13;1320;42;11;8;2021
13;1320;44;7;14;2021
13;1320;52;27;42;2021
13;1320;42;1;0;2021
13;1320;31;11;12;2021
13;1322;52;18;45;2021
13;1322;52;20;30;2021
13;1322;52;26;24;2021
13;1322;52;9;5;2021
13;1322;52;5;10;2021
13;1322;53;3;37;2021
13;1322;53;3;11;2021
13;1322;53;3;11;2021
13;1322;53;6;20;2021
13;1322;53;6;12;2021
13;1322;53;6;13;2021
13;1322;53;11;8;2021
13;1322;42;9;22;2021
13;1322;42;0;0;2021
13;1322;53;9;10;2021
13;1322;53;16;6;2021
13;1322;42;4;2;2021
13;1322;53;8;7;2021
13;1322;42;0;1;2021
13;1322;42;0;0;2021
13;1322;42;6;6;2021
13;1322;42;4;8;2021
13;1321;42;74;77;2021
13;1321;42;15;10;2021
13;1321;42;23;36;2021
13;1321;42;15;12;2021
13;1321;42;32;39;2021
13;1321;42;9;6;2021
13;1321;42;14;12;2021
13;1321;53;42;73;2021
13;1321;53;14;12;2021
13;1321;53;17;36;2021
13;1321;53;15;15;2021
13;1321;53;19;26;2021
13;1321;53;5;21;2021
13;1321;53;21;65;2021
13;1321;53;1;26;2021
13;1321;53;10;52;2021
13;1321;53;18;43;2021
13;1321;53;4;24;2021
13;1321;53;1;24;2021
13;1321;53;83;10;2021
13;1321;44;22;2;2021
13;1321;53;38;2;2021
13;1321;51;42;0;2021
13;1321;31;24;18;2021
13;1321;31;33;10;2021
13;1321;31;51;26;2021
13;1321;31;15;5;2021
13;1321;31;50;21;2021
13;1321;31;21;5;2021
13;1321;31;19;5;2021
13;1321;31;66;21;2021
13;1321;31;28;3;2021
13;1321;34;21;6;2021
13;1321;34;15;6;2021
13;1325;42;76;89;2021
13;1325;53;11;48;2021
13;1325;42;16;8;2021
13;1325;42;30;37;2021
13;1325;42;21;9;2021
13;1325;42;28;30;2021
13;1325;53;0;8;2021
13;1325;53;4;18;2021
13;1325;51;40;5;2021
13;1325;51;31;0;2021
13;1325;51;58;5;2021
13;1316;53;28;60;2021
13;1316;53;34;24;2021
13;1316;51;25;3;2021
13;1316;31;23;45;2021
13;1316;53;16;71;2021
13;1316;53;7;26;2021
13;1316;53;16;12;2021
13;1316;53;10;13;2021
13;1316;53;2;11;2021
13;1316;53;5;18;2021
13;1316;51;51;4;2021
13;1316;31;67;12;2021
13;1316;42;16;6;2021
13;1316;42;19;25;2021
13;1316;53;4;13;2021
13;1316;53;4;9;2021
13;1316;51;45;2;2021
13;1316;31;58;13;2021
13;1316;53;11;23;2021
13;1316;53;9;17;2021
13;1316;42;8;6;2021
13;1316;42;32;7;2021
13;1316;53;1;19;2021
13;1316;53;9;15;2021
13;1316;53;9;9;2021
13;1316;53;4;7;2021
13;1316;51;10;3;2021
13;1316;51;12;0;2021
13;1316;31;16;5;2021
13;1316;31;19;3;2021
13;1317;42;5;17;2021
13;1317;53;1;5;2021
13;1317;53;0;3;2021
13;1317;53;6;2;2021
13;1317;31;25;12;2021
13;1317;53;6;1;2021
13;1317;53;3;8;2021
13;1317;51;8;0;2021
13;1317;31;32;12;2021
13;1317;42;7;4;2021
13;1317;42;2;6;2021
13;1317;53;1;3;2021
13;1317;53;2;2;2021
13;1317;51;6;0;2021
13;1317;31;27;6;2021
13;1318;51;52;6;2021
13;1318;53;13;82;2021
13;1318;51;75;20;2021
13;1318;31;29;14;2021
13;1318;31;24;14;2021
13;1319;52;43;55;2021
13;1319;52;23;25;2021
13;1319;52;17;30;2021
13;1319;52;18;20;2021
13;1319;52;11;36;2021
13;1319;53;52;39;2021
13;1319;53;18;9;2021
13;1319;53;14;13;2021
13;1319;53;14;11;2021
13;1319;53;5;15;2021
13;1319;53;8;7;2021
13;1319;53;8;5;2021
13;1319;53;12;47;2021
13;1319;53;10;17;2021
13;1319;53;7;18;2021
13;1319;53;20;26;2021
13;1319;31;35;9;2021
13;1319;31;31;6;2021
13;1319;31;23;2;2021
13;1319;42;29;34;2021
13;1319;42;7;12;2021
13;1319;42;11;13;2021
13;1319;42;14;8;2021
13;1319;53;6;15;2021
13;1319;53;3;12;2021
4;405;83;45;40;2021
4;405;83;35;62;2021
4;405;83;5;4;2021
4;405;83;40;36;2021
4;405;83;23;52;2021
4;405;83;32;24;2021
4;405;83;3;1;2021
4;405;83;41;25;2021
4;405;83;23;11;2021
4;405;31;41;24;2021
4;405;31;30;10;2021
4;405;83;25;19;2021
4;405;83;20;12;2021
4;404;31;23;2;2021
4;404;31;6;9;2021
4;404;31;15;7;2021
4;404;31;16;3;2021
4;404;31;4;21;2021
4;404;31;11;10;2021
4;404;31;49;18;2021
4;404;31;20;1;2021
4;404;31;18;5;2021
4;404;31;23;4;2021
4;404;31;20;3;2021
4;404;31;12;4;2021
4;404;31;381;205;2021
4;404;42;42;27;2021
4;404;42;27;19;2021
4;404;31;243;116;2021
4;404;31;88;48;2021
4;404;31;107;36;2021
4;404;31;25;22;2021
4;404;31;60;23;2021
4;404;31;139;46;2021
4;404;31;53;38;2021
4;404;31;21;6;2021
4;404;31;14;8;2021
4;404;31;19;6;2021
4;404;31;14;12;2021
4;404;31;22;6;2021
4;404;31;19;3;2021
4;404;31;22;8;2021
4;404;31;15;7;2021
4;404;31;50;27;2021
4;404;34;14;2;2021
4;404;31;19;1;2021
4;404;31;19;1;2021
4;404;31;17;8;2021
4;404;31;19;8;2021
4;430;53;11;35;2021
4;430;53;16;32;2021
4;430;53;16;28;2021
4;423;53;62;82;2021
4;423;53;75;104;2021
4;423;53;65;86;2021
4;423;42;7;16;2021
4;423;53;8;4;2021
4;423;53;9;5;2021
4;423;53;7;3;2021
4;423;53;14;0;2021
4;423;53;22;9;2021
4;427;21;5;3;2021
4;427;21;4;7;2021
4;427;21;1;5;2021
4;427;21;4;6;2021
4;427;21;3;6;2021
4;427;21;5;3;2021
4;427;21;6;3;2021
4;427;21;2;2;2021
4;427;21;2;6;2021
4;427;21;1;6;2021
4;427;21;22;18;2021
4;427;21;2;4;2021
4;427;21;3;2;2021
4;427;21;6;1;2021
4;427;21;3;0;2021
4;427;21;2;2;2021
4;427;21;1;0;2021
4;427;21;1;3;2021
4;427;21;1;0;2021
4;427;21;3;1;2021
4;427;21;4;0;2021
4;427;21;9;2;2021
4;427;21;12;9;2021
4;427;21;8;3;2021
4;427;21;11;1;2021
4;427;21;8;2;2021
4;427;21;7;2;2021
4;427;21;8;1;2021
4;426;51;27;3;2021
4;426;51;27;2;2021
4;426;51;25;6;2021
4;426;51;25;6;2021
4;426;51;36;3;2021
4;426;51;20;5;2021
4;426;51;18;1;2021
4;426;51;7;1;2021
4;426;51;10;0;2021
4;426;51;8;0;2021
4;425;62;23;10;2021
4;425;62;18;11;2021
4;425;62;25;9;2021
4;425;62;20;9;2021
4;425;62;20;6;2021
4;425;62;23;11;2021
4;424;62;14;9;2021
4;424;62;20;8;2021
4;424;62;11;8;2021
4;424;34;15;4;2021
4;424;62;16;2;2021
4;424;34;15;3;2021
4;424;62;11;5;2021
4;424;34;20;3;2021
4;424;62;16;6;2021
4;424;62;7;4;2021
4;424;62;7;1;2021
4;424;62;10;2;2021
4;424;62;11;2;2021
4;429;41;21;30;2021
4;429;41;21;27;2021
4;429;41;22;28;2021
4;431;53;25;17;2021
4;431;53;21;20;2021
4;431;53;8;16;2021
4;431;53;8;14;2021
4;431;52;5;2;2021
4;431;53;7;7;2021
4;431;53;12;13;2021
4;428;53;27;23;2021
4;428;53;26;30;2021
4;428;53;35;47;2021
4;428;42;74;46;2021
4;428;42;57;53;2021
4;428;42;58;42;2021
4;428;53;37;18;2021
4;428;53;32;23;2021
4;428;53;39;20;2021
4;428;42;29;14;2021
4;428;42;21;14;2021
4;428;53;14;11;2021
4;428;53;0;1;2021
4;428;42;3;5;2021
4;428;42;12;5;2021
4;428;42;4;4;2021
4;428;41;17;27;2021
4;428;53;5;4;2021
4;428;53;8;3;2021
4;428;53;7;3;2021
4;428;53;13;7;2021
4;428;53;7;2;2021
4;433;53;33;22;2021
4;433;53;8;4;2021
4;433;53;16;4;2021
4;433;53;6;9;2021
4;433;53;6;10;2021
4;433;53;11;9;2021
4;433;53;8;12;2021
4;422;52;171;74;2021
4;422;52;133;69;2021
4;422;52;136;55;2021
4;422;52;138;70;2021
4;422;52;17;3;2021
4;422;52;12;8;2021
4;422;52;214;128;2021
4;422;52;205;126;2021
4;422;52;16;7;2021
4;422;52;12;9;2021
4;422;52;4;1;2021
4;422;52;14;2;2021
4;422;52;13;4;2021
4;422;52;3;1;2021
4;422;52;12;6;2021
4;422;52;4;2;2021
4;420;53;20;14;2021
4;420;53;27;36;2021
4;420;53;34;33;2021
4;420;53;20;11;2021
4;420;44;7;3;2021
4;420;41;2;10;2021
4;420;44;5;8;2021
4;420;41;6;8;2021
4;419;53;67;88;2021
4;419;53;111;74;2021
4;419;53;123;68;2021
4;419;53;81;36;2021
4;419;62;61;19;2021
4;419;62;39;16;2021
4;418;53;32;107;2021
4;418;53;40;85;2021
4;418;53;69;81;2021
4;418;53;78;72;2021
4;418;53;82;32;2021
4;418;53;85;30;2021
4;415;34;18;5;2021
4;415;34;21;6;2021
4;415;31;22;6;2021
4;415;31;17;2;2021
4;415;31;26;7;2021
4;415;31;16;2;2021
4;415;31;19;5;2021
4;415;31;15;3;2021
4;415;31;93;26;2021
4;415;31;80;20;2021
4;415;31;19;5;2021
4;415;31;146;38;2021
4;415;31;21;70;2021
4;415;31;174;99;2021
4;415;42;50;41;2021
4;415;42;32;19;2021
4;415;34;51;20;2021
4;415;34;19;3;2021
4;414;62;111;47;2021
4;414;62;66;21;2021
4;413;62;16;3;2021
4;413;62;21;4;2021
4;413;62;19;1;2021
4;412;42;17;8;2021
4;412;53;19;15;2021
4;412;53;11;5;2021
4;412;53;21;14;2021
4;412;53;6;12;2021
4;412;53;18;1;2021
4;412;42;25;20;2021
4;412;42;28;25;2021
4;412;53;10;8;2021
4;412;53;41;20;2021
4;412;53;8;14;2021
4;412;53;2;4;2021
4;412;42;28;29;2021
4;412;42;13;17;2021
4;412;53;33;14;2021
4;412;53;47;72;2021
4;412;42;4;6;2021
4;412;42;15;15;2021
4;412;42;20;20;2021
4;412;53;15;10;2021
4;412;53;6;6;2021
4;412;53;6;7;2021
4;412;53;7;6;2021
4;412;53;6;6;2021
4;410;22;184;69;2021
4;410;22;91;13;2021
4;410;22;86;15;2021
4;410;22;53;9;2021
4;410;22;41;5;2021
4;410;22;59;5;2021
4;410;22;48;9;2021
4;410;22;42;11;2021
4;410;22;11;0;2021
4;410;22;149;29;2021
4;410;22;25;0;2021
4;410;22;25;8;2021
4;410;22;40;4;2021
4;410;22;24;0;2021
4;410;22;34;4;2021
4;410;22;9;1;2021
4;410;22;43;7;2021
4;410;22;23;1;2021
4;410;22;96;13;2021
4;410;22;16;0;2021
4;410;22;29;7;2021
4;410;22;49;14;2021
4;410;22;19;5;2021
4;410;22;11;3;2021
4;410;22;16;2;2021
4;410;22;28;9;2021
4;410;22;45;4;2021
4;410;22;22;5;2021
4;410;22;29;3;2021
4;410;22;12;2;2021
4;410;22;8;0;2021
4;410;22;34;3;2021
4;410;22;41;7;2021
4;410;22;29;2;2021
4;410;22;17;0;2021
4;410;22;13;3;2021
4;410;22;23;3;2021
4;410;22;49;5;2021
4;410;22;23;2;2021
4;410;22;26;3;2021
4;410;22;28;6;2021
4;410;22;28;9;2021
4;411;22;81;44;2021
4;411;22;36;12;2021
4;411;22;44;13;2021
4;411;22;28;1;2021
4;411;22;61;25;2021
4;411;22;16;3;2021
4;411;22;35;2;2021
4;411;22;13;5;2021
4;411;22;23;13;2021
4;411;22;12;1;2021
4;411;22;24;10;2021
4;411;22;36;19;2021
4;411;22;13;1;2021
4;411;22;19;1;2021
4;411;22;1;0;2021
4;411;22;13;6;2021
4;411;22;22;3;2021
4;411;22;17;4;2021
4;411;22;18;0;2021
4;409;21;65;17;2021
4;409;21;69;23;2021
4;409;21;60;29;2021
4;409;21;16;12;2021
4;409;21;10;1;2021
4;409;21;19;4;2021
4;409;21;10;4;2021
4;409;21;1;7;2021
4;409;21;8;5;2021
4;409;21;13;4;2021
4;409;21;25;13;2021
4;409;21;20;24;2021
4;409;21;25;8;2021
4;409;21;13;1;2021
4;409;21;7;2;2021
4;409;21;9;2;2021
4;409;21;8;8;2021
4;409;21;10;0;2021
4;409;21;22;5;2021
4;409;21;36;2;2021
4;409;21;9;18;2021
4;409;21;21;6;2021
4;409;21;33;4;2021
4;409;21;15;0;2021
4;409;21;14;1;2021
4;409;21;9;7;2021
4;409;21;20;4;2021
4;409;21;13;0;2021
4;409;21;6;3;2021
4;409;21;5;0;2021
4;409;21;12;6;2021
4;409;21;8;1;2021
4;409;21;11;2;2021
4;409;21;12;3;2021
4;409;21;16;3;2021
4;409;21;7;0;2021
4;409;21;5;6;2021
4;417;52;45;78;2021
4;417;52;41;17;2021
4;417;52;12;4;2021
4;417;52;16;1;2021
4;417;52;4;11;2021
4;417;52;2;12;2021
4;417;52;8;19;2021
4;417;52;17;3;2021
4;417;52;10;8;2021
4;417;52;37;13;2021
4;417;52;36;14;2021
4;417;52;46;11;2021
4;417;52;10;6;2021
4;417;52;4;5;2021
4;417;52;6;13;2021
4;417;52;11;9;2021
4;417;52;6;13;2021
4;417;52;21;18;2021
4;417;52;14;11;2021
4;417;52;6;4;2021
4;417;52;12;9;2021
4;417;52;16;26;2021
4;417;52;5;2;2021
4;432;42;41;72;2021
4;432;53;17;14;2021
4;432;42;23;21;2021
4;432;42;18;9;2021
4;432;42;17;12;2021
4;432;42;71;80;2021
4;432;42;68;114;2021
4;432;53;49;114;2021
4;432;42;70;84;2021
4;432;53;28;31;2021
4;432;42;11;12;2021
4;432;42;27;23;2021
4;432;53;61;72;2021
4;432;53;45;39;2021
4;432;42;25;16;2021
4;432;42;9;4;2021
4;432;53;12;21;2021
4;432;53;11;10;2021
4;432;42;19;11;2021
4;432;42;13;14;2021
4;432;42;22;15;2021
4;432;42;8;4;2021
4;416;53;35;27;2021
4;416;81;34;7;2021
4;416;44;18;5;2021
4;416;44;11;3;2021
4;416;53;24;16;2021
4;416;41;5;3;2021
4;416;41;15;3;2021
4;416;44;29;9;2021
4;416;81;22;5;2021
4;416;44;12;0;2021
4;416;53;26;13;2021
4;416;81;8;1;2021
4;416;81;10;1;2021
4;416;44;35;5;2021
4;416;43;24;4;2021
4;416;81;25;5;2021
4;416;43;7;0;2021
4;416;53;9;3;2021
4;416;81;19;2;2021
4;416;43;17;1;2021
4;416;53;12;5;2021
4;421;11;98;5;2021
4;421;21;13;3;2021
4;421;11;24;2;2021
4;421;21;16;2;2021
4;421;11;20;4;2021
4;421;11;18;3;2021
4;421;11;18;2;2021
4;421;11;59;1;2021
4;421;11;36;0;2021
4;421;11;42;3;2021
4;421;11;73;8;2021
4;421;21;11;4;2021
4;421;21;15;2;2021
4;421;21;6;0;2021
4;421;21;8;2;2021
4;421;21;10;0;2021
4;408;72;41;4;2021
4;408;31;26;8;2021
4;408;32;36;5;2021
4;408;31;24;9;2021
4;408;32;37;4;2021
4;408;72;20;2;2021
4;408;81;12;3;2021
4;408;32;24;3;2021
4;408;32;17;3;2021
4;408;34;8;6;2021
4;408;34;14;4;2021
4;408;72;22;5;2021
4;408;72;26;4;2021
4;408;34;14;5;2021
4;408;72;14;2;2021
4;408;72;10;1;2021
4;408;34;14;3;2021
4;408;32;24;1;2021
4;408;32;81;7;2021
4;408;72;85;18;2021
4;408;31;35;12;2021
4;408;81;15;3;2021
4;408;72;39;4;2021
4;408;34;24;8;2021
4;408;72;27;0;2021
4;408;34;24;8;2021
4;408;72;15;4;2021
4;408;72;19;2;2021
4;408;72;26;3;2021
4;408;81;13;4;2021
4;408;72;38;3;2021
4;408;32;41;9;2021
4;408;31;41;16;2021
4;407;44;112;22;2021
4;407;53;168;205;2021
4;407;44;49;10;2021
4;407;43;47;11;2021
4;407;53;32;34;2021
4;407;42;22;50;2021
4;407;53;36;37;2021
4;407;42;36;36;2021
4;407;43;45;15;2021
4;407;44;46;15;2021
4;407;42;25;47;2021
4;407;42;27;39;2021
4;407;53;31;32;2021
4;407;53;23;41;2021
4;407;43;50;8;2021
4;407;44;49;14;2021
4;407;42;20;49;2021
4;407;42;22;40;2021
4;407;53;29;28;2021
4;407;53;28;32;2021
4;407;43;45;7;2021
4;407;44;45;6;2021
4;407;42;21;49;2021
4;407;42;31;28;2021
4;407;53;36;27;2021
4;407;53;29;34;2021
4;407;53;15;4;2021
4;407;53;14;5;2021
4;407;53;2;2;2021
4;407;53;1;0;2021
4;407;53;1;0;2021
4;407;44;2;0;2021
4;407;44;2;0;2021
4;407;44;4;0;2021
4;407;43;1;0;2021
4;407;43;7;0;2021
4;407;43;5;2;2021
4;406;34;8;2;2021
4;406;62;9;0;2021
4;406;62;14;4;2021
4;406;51;12;1;2021
4;406;62;9;1;2021
4;406;62;4;6;2021
4;406;62;20;4;2021
4;406;62;5;2;2021
4;406;34;10;1;2021
4;406;62;8;2;2021
4;406;62;9;2;2021
4;406;51;6;2;2021
4;406;62;7;2;2021
4;406;62;8;5;2021
4;406;62;18;3;2021
4;406;62;80;22;2021
4;406;62;8;1;2021
4;406;51;11;1;2021
4;406;62;5;5;2021
4;406;62;13;1;2021
4;406;62;9;1;2021
4;406;44;9;0;2021
4;406;62;10;0;2021
4;406;62;2;9;2021
4;406;62;5;2;2021
4;406;43;1;0;2021
4;406;44;1;1;2021
4;406;62;4;0;2021
4;406;62;3;1;2021
4;406;62;5;0;2021
4;406;62;5;0;2021
4;406;62;5;0;2021
4;406;62;7;1;2021
4;406;62;12;1;2021
4;406;62;15;3;2021
4;406;62;7;0;2021
4;406;62;6;2;2021
4;406;62;3;0;2021
4;406;62;10;1;2021
4;406;62;6;3;2021
4;406;62;7;8;2021
4;406;62;5;2;2021
4;406;62;3;0;2021
4;406;62;6;0;2021
4;406;62;7;1;2021
4;406;62;7;1;2021
4;406;62;6;1;2021
4;406;62;4;0;2021
4;406;62;2;2;2021
4;406;62;6;1;2021
4;406;62;5;1;2021
4;406;62;3;1;2021
4;406;51;4;1;2021
4;406;51;10;0;2021
4;406;51;5;0;2021
4;406;51;3;0;2021
4;406;34;3;0;2021
4;406;34;1;1;2021
4;406;34;3;0;2021
4;406;62;3;5;2021
4;406;62;7;0;2021
4;406;62;8;4;2021
4;406;62;2;5;2021
4;406;62;5;1;2021
4;403;31;304;180;2021
4;403;34;200;103;2021
4;403;42;113;82;2021
4;403;31;74;33;2021
4;403;42;70;60;2021
4;403;34;98;37;2021
4;403;31;85;27;2021
4;403;42;48;28;2021
4;403;31;15;9;2021
4;403;31;75;28;2021
4;403;31;23;4;2021
4;403;42;53;21;2021
4;403;34;54;14;2021
4;403;34;41;9;2021
4;403;31;101;28;2021
4;403;31;32;4;2021
4;403;42;20;6;2021
4;403;42;10;4;2021
4;403;31;11;4;2021
4;403;31;10;7;2021
4;403;34;16;4;2021
4;403;34;20;5;2021
4;403;31;27;6;2021
4;403;31;28;2;2021
4;403;31;8;8;2021
4;403;31;6;2;2021
4;403;31;7;3;2021
4;403;31;11;3;2021
4;403;34;12;1;2021
4;403;34;16;2;2021
4;403;42;11;4;2021
4;403;42;10;1;2021
4;403;34;30;7;2021
4;403;34;25;5;2021
4;402;32;79;327;2021
4;402;32;69;305;2021
4;402;32;35;211;2021
4;402;32;12;70;2021
4;402;32;13;10;2021
4;402;32;33;8;2021
4;402;32;32;6;2021
4;402;32;23;6;2021
4;402;32;9;6;2021
4;402;32;25;3;2021
4;402;32;21;10;2021
4;402;32;34;10;2021
4;402;32;12;5;2021
4;402;32;15;5;2021
4;402;32;18;3;2021
4;402;32;16;2;2021
4;402;32;13;3;2021
4;402;32;26;5;2021
4;402;32;7;1;2021
4;402;32;34;4;2021
4;402;32;17;18;2021
4;402;32;22;20;2021
4;402;32;15;16;2021
4;402;32;14;24;2021
4;402;32;24;9;2021
4;402;32;14;5;2021
4;402;34;16;15;2021
4;402;32;13;8;2021
4;402;32;9;7;2021
4;402;32;21;13;2021
4;402;32;6;20;2021
4;402;32;19;4;2021
4;402;32;15;11;2021
4;402;34;14;9;2021
4;402;32;16;13;2021
4;402;32;9;6;2021
4;402;32;14;5;2021
4;402;34;1;2;2021
4;402;34;1;6;2021
4;402;34;0;5;2021
4;402;32;4;8;2021
4;402;32;7;3;2021
4;402;32;16;6;2021
4;401;43;46;3;2021
4;401;44;61;10;2021
4;401;53;48;21;2021
4;401;42;51;83;2021
4;401;41;19;9;2021
4;401;44;38;5;2021
4;401;44;19;5;2021
4;401;44;18;14;2021
4;401;44;15;5;2021
4;401;42;81;68;2021
4;401;44;23;3;2021
4;401;43;46;5;2021
4;401;81;43;3;2021
4;401;43;37;3;2021
4;401;53;39;31;2021
4;401;43;47;0;2021
4;401;44;22;0;2021
4;401;44;19;2;2021
4;401;53;14;18;2021
4;401;53;12;2;2021
4;401;44;20;0;2021
4;401;41;6;6;2021
4;401;41;8;2;2021
4;401;44;12;3;2021
4;401;44;22;7;2021
4;401;44;10;5;2021
4;401;44;7;1;2021
4;401;42;39;23;2021
4;401;42;44;49;2021
4;401;44;13;4;2021
4;401;43;44;2;2021
4;401;81;17;2;2021
4;401;43;24;6;2021
4;401;53;36;16;2021
4;401;43;26;1;2021
4;401;44;38;7;2021
4;401;44;10;0;2021
4;401;44;18;5;2021
4;401;53;10;8;2021
4;401;53;19;4;2021
4;401;44;16;3;2021
4;401;44;24;7;2021
4;401;44;23;3;2021
4;401;81;14;1;2021
4;401;44;12;1;2021
4;401;42;26;23;2021
4;401;44;16;2;2021
4;401;53;13;5;2021
4;401;53;24;13;2021
4;401;43;49;3;2021
4;401;43;34;5;2021
4;401;42;14;6;2021
4;401;53;40;37;2021
4;401;41;4;5;2021
4;401;41;5;5;2021
4;401;44;30;8;2021
6;602;62;18;1;2021
6;602;62;20;4;2021
6;602;62;13;4;2021
6;602;62;13;4;2021
6;602;62;24;6;2021
6;613;53;5;10;2021
6;613;53;5;8;2021
6;613;53;11;10;2021
6;613;53;13;7;2021
6;613;53;5;19;2021
6;613;53;10;10;2021
6;613;53;18;8;2021
6;613;53;12;17;2021
6;613;53;9;12;2021
6;613;62;12;5;2021
6;613;53;3;8;2021
6;612;62;39;16;2021
6;612;62;31;6;2021
6;612;62;27;5;2021
6;612;62;22;6;2021
6;612;62;31;6;2021
6;612;62;28;19;2021
6;615;21;10;14;2021
6;603;21;2;1;2021
6;603;21;4;3;2021
6;603;21;0;1;2021
6;603;21;11;7;2021
6;603;21;7;2;2021
6;603;83;17;5;2021
6;603;21;4;4;2021
6;608;43;19;2;2021
6;608;62;9;4;2021
6;608;43;15;4;2021
6;608;43;11;1;2021
6;608;43;20;1;2021
6;608;62;9;0;2021
6;608;43;17;2;2021
6;608;43;14;3;2021
6;608;43;27;1;2021
6;608;43;31;1;2021
6;608;62;8;5;2021
6;608;62;14;3;2021
6;608;43;17;3;2021
6;608;43;28;2;2021
6;608;43;8;4;2021
6;608;51;34;7;2021
6;608;51;21;3;2021
6;608;51;9;0;2021
6;608;43;4;0;2021
6;608;43;10;3;2021
6;607;22;60;33;2021
6;607;22;38;7;2021
6;607;22;38;5;2021
6;607;11;137;13;2021
6;607;11;246;34;2021
6;607;22;12;6;2021
6;607;22;15;4;2021
6;607;22;15;2;2021
6;607;22;17;0;2021
6;607;11;101;11;2021
6;607;22;37;15;2021
6;607;22;16;5;2021
6;607;22;36;4;2021
6;607;22;27;3;2021
6;611;83;115;197;2021
6;611;83;2;5;2021
6;611;83;22;15;2021
6;611;83;15;11;2021
6;611;83;13;6;2021
6;611;83;17;13;2021
6;611;83;15;10;2021
6;611;83;14;14;2021
6;611;83;9;8;2021
6;611;83;144;435;2021
6;611;83;109;240;2021
6;606;22;14;7;2021
6;606;22;13;2;2021
6;606;22;26;5;2021
6;606;22;22;5;2021
6;606;22;28;3;2021
6;606;22;12;6;2021
6;606;22;39;10;2021
6;606;22;14;6;2021
6;606;11;167;16;2021
6;606;11;234;22;2021
6;606;22;37;17;2021
6;606;22;10;6;2021
6;606;34;30;6;2021
6;606;34;14;1;2021
6;606;22;103;36;2021
6;606;22;29;9;2021
6;606;22;49;8;2021
6;606;22;33;4;2021
6;606;22;21;1;2021
6;606;11;225;19;2021
6;606;34;21;3;2021
6;606;22;31;14;2021
6;606;22;39;10;2021
6;606;22;19;2;2021
6;606;22;12;5;2021
6;605;22;68;13;2021
6;605;42;38;58;2021
6;605;22;12;3;2021
6;605;22;80;11;2021
6;605;22;18;1;2021
6;605;42;37;28;2021
6;605;22;4;0;2021
6;605;22;39;2;2021
6;605;22;5;0;2021
6;605;42;14;12;2021
6;605;42;26;18;2021
6;605;42;22;5;2021
6;605;22;4;0;2021
6;605;22;28;3;2021
6;605;22;14;2;2021
6;604;21;4;2;2021
6;604;21;15;3;2021
6;604;21;42;10;2021
6;604;21;5;2;2021
6;604;21;8;0;2021
6;604;21;27;3;2021
6;604;21;1;3;2021
6;604;21;9;0;2021
6;604;21;15;2;2021
6;604;21;5;2;2021
6;604;21;9;0;2021
6;604;21;9;2;2021
6;604;21;35;26;2021
6;604;21;13;5;2021
6;604;21;6;1;2021
6;609;42;49;47;2021
6;609;42;75;102;2021
6;609;42;20;6;2021
6;609;42;43;32;2021
6;609;42;30;18;2021
6;609;42;25;7;2021
6;609;42;48;34;2021
6;609;42;21;6;2021
6;609;42;15;7;2021
6;609;42;11;13;2021
6;609;42;15;5;2021
6;609;53;16;9;2021
6;609;53;14;6;2021
6;609;42;20;7;2021
6;609;42;15;7;2021
6;609;42;19;4;2021
6;610;71;41;29;2021
6;610;71;45;42;2021
6;610;71;62;54;2021
6;601;32;41;7;2021
6;601;32;35;8;2021
6;601;32;42;8;2021
6;601;32;8;4;2021
6;601;34;33;6;2021
6;601;34;25;2;2021
6;601;34;45;8;2021
6;601;34;31;2;2021
6;601;42;15;10;2021
6;601;42;15;4;2021
6;601;31;45;20;2021
6;601;31;17;4;2021
6;601;32;67;5;2021
6;601;32;24;0;2021
6;601;34;40;16;2021
6;601;34;21;4;2021
6;601;42;19;17;2021
6;601;42;20;8;2021
6;601;31;40;9;2021
6;601;31;25;4;2021
6;601;34;22;13;2021
6;601;34;17;5;2021
6;601;31;35;6;2021
6;601;31;26;1;2021
6;601;34;30;6;2021
6;601;34;8;4;2021
6;601;31;305;130;2021
6;601;34;182;78;2021
6;601;42;106;72;2021
6;601;32;188;62;2021
6;601;31;138;46;2021
6;601;34;125;45;2021
6;601;42;63;32;2021
6;601;32;115;38;2021
6;601;31;74;31;2021
6;601;32;40;6;2021
6;601;32;130;29;2021
6;601;42;35;24;2021
6;601;32;33;7;2021
6;601;34;36;13;2021
6;601;31;43;11;2021
6;601;31;102;36;2021
6;601;31;11;14;2021
6;601;31;17;7;2021
6;601;34;19;0;2021
6;601;34;30;9;2021
6;601;34;31;11;2021
6;601;31;71;9;2021
6;601;31;22;19;2021
9;912;53;45;18;2021
9;912;53;33;33;2021
9;912;53;7;42;2021
9;912;53;14;39;2021
9;912;53;24;23;2021
9;912;53;30;5;2021
9;907;11;209;30;2021
9;907;11;210;45;2021
9;907;83;26;9;2021
9;907;22;15;0;2021
9;907;22;15;5;2021
9;907;22;29;9;2021
9;907;83;26;14;2021
9;907;22;45;24;2021
9;907;11;114;30;2021
9;907;83;18;4;2021
9;907;22;29;10;2021
9;906;32;201;72;2021
9;906;32;15;6;2021
9;906;32;182;27;2021
9;906;32;23;7;2021
9;906;32;8;2;2021
9;906;32;13;6;2021
9;906;32;52;7;2021
9;906;32;18;3;2021
9;906;32;35;13;2021
9;906;32;34;11;2021
9;906;32;35;6;2021
9;906;32;26;10;2021
9;906;32;33;7;2021
9;906;32;21;4;2021
9;906;32;3;23;2021
9;906;32;18;5;2021
9;905;42;16;6;2021
9;905;42;11;7;2021
9;905;42;17;5;2021
9;905;42;14;4;2021
9;905;31;7;1;2021
9;905;31;8;0;2021
9;905;41;4;2;2021
9;905;41;0;4;2021
9;905;41;8;12;2021
9;905;41;5;3;2021
9;905;42;20;18;2021
9;905;42;32;14;2021
9;905;42;20;8;2021
9;905;42;11;6;2021
9;905;42;9;4;2021
9;905;42;9;3;2021
9;905;41;6;3;2021
9;904;53;66;101;2021
9;904;53;51;79;2021
9;904;42;15;15;2021
9;904;53;10;6;2021
9;904;53;47;72;2021
9;904;53;22;12;2021
9;904;42;2;1;2021
9;904;53;36;23;2021
9;904;53;13;13;2021
9;904;53;16;21;2021
9;904;53;15;41;2021
9;904;53;10;38;2021
9;904;53;12;17;2021
9;904;53;11;10;2021
9;904;53;8;5;2021
9;904;53;17;18;2021
9;904;53;3;3;2021
9;904;53;16;30;2021
9;904;53;4;13;2021
9;904;53;6;25;2021
9;904;53;9;15;2021
9;910;42;4;4;2021
9;910;53;2;14;2021
9;910;53;2;11;2021
9;910;42;15;19;2021
9;910;53;3;4;2021
9;910;53;2;3;2021
9;910;42;6;10;2021
9;910;42;5;4;2021
9;910;53;5;3;2021
9;910;53;7;1;2021
9;910;53;3;4;2021
9;910;42;5;1;2021
9;910;53;5;9;2021
9;910;53;6;4;2021
9;910;53;11;4;2021
9;910;53;4;4;2021
9;910;53;11;5;2021
9;910;53;2;3;2021
9;910;53;6;4;2021
9;902;21;20;2;2021
9;902;21;7;3;2021
9;902;21;6;1;2021
9;902;21;11;2;2021
9;902;21;5;1;2021
9;902;21;33;11;2021
9;902;21;41;22;2021
9;902;21;64;18;2021
9;902;21;26;13;2021
9;902;21;21;1;2021
9;902;21;3;0;2021
9;902;21;2;0;2021
9;902;21;9;6;2021
9;902;21;1;0;2021
9;902;21;0;1;2021
9;902;21;12;1;2021
9;902;21;15;3;2021
9;902;21;14;1;2021
9;902;21;9;0;2021
9;902;21;12;0;2021
9;902;21;3;2;2021
9;902;21;2;3;2021
9;902;21;11;2;2021
9;903;21;38;13;2021
9;903;21;16;5;2021
9;903;21;13;5;2021
9;903;21;17;1;2021
9;903;21;10;4;2021
9;903;21;10;4;2021
9;903;21;10;1;2021
9;903;21;4;3;2021
9;903;21;27;6;2021
9;903;21;14;1;2021
9;903;21;21;2;2021
9;903;21;5;2;2021
9;903;21;9;10;2021
9;909;21;46;8;2021
9;909;21;15;0;2021
9;909;21;8;2;2021
9;909;21;8;3;2021
9;909;21;19;6;2021
9;909;21;11;2;2021
9;909;21;8;1;2021
9;909;21;6;0;2021
9;909;21;4;0;2021
9;909;21;9;1;2021
9;909;21;22;2;2021
9;909;21;5;3;2021
9;908;31;175;100;2021
9;908;34;77;40;2021
9;908;42;41;35;2021
9;908;42;61;54;2021
9;908;42;35;24;2021
9;908;31;53;37;2021
9;908;34;27;5;2021
9;908;42;25;6;2021
9;908;42;30;29;2021
9;908;42;11;1;2021
9;908;31;80;29;2021
9;908;42;13;11;2021
9;908;42;36;27;2021
9;908;31;46;19;2021
9;908;31;10;5;2021
9;908;31;55;8;2021
9;908;34;25;1;2021
9;908;42;24;5;2021
9;908;42;18;8;2021
9;908;42;8;15;2021
9;908;31;14;12;2021
9;908;31;14;11;2021
9;908;42;16;3;2021
9;908;42;12;6;2021
9;908;31;29;7;2021
9;908;31;17;2;2021
9;908;42;16;8;2021
9;908;42;20;6;2021
9;908;34;34;10;2021
9;908;34;21;2;2021
9;908;31;29;3;2021
9;908;31;15;4;2021
9;901;22;32;6;2021
9;901;22;18;5;2021
9;901;22;23;10;2021
9;901;22;15;2;2021
9;901;22;10;7;2021
9;901;22;14;1;2021
9;901;22;43;15;2021
9;901;22;33;10;2021
9;901;22;16;11;2021
9;901;22;126;26;2021
9;901;22;57;26;2021
9;901;22;28;35;2021
9;901;22;80;25;2021
9;901;22;36;10;2021
9;901;22;64;24;2021
9;901;22;24;10;2021
9;901;22;15;3;2021
9;901;22;74;29;2021
9;901;22;26;18;2021
9;901;22;11;7;2021
9;901;22;5;7;2021
9;901;22;6;6;2021
9;901;22;7;10;2021
9;901;22;30;12;2021
9;901;22;20;23;2021
9;901;22;8;10;2021
9;901;22;47;26;2021
9;901;22;20;6;2021
9;901;22;2;2;2021
9;901;22;1;1;2021
9;901;22;6;3;2021
9;901;22;5;4;2021
9;901;22;2;1;2021
9;901;22;2;1;2021
9;901;22;3;1;2021
9;901;22;7;4;2021
9;901;22;0;1;2021
9;901;22;4;2;2021
9;901;22;1;0;2021
9;901;22;1;1;2021
9;901;22;14;3;2021
9;911;44;5;0;2021
9;911;44;3;2;2021
9;911;44;11;2;2021
9;911;41;3;4;2021
9;911;43;3;1;2021
9;911;43;7;1;2021
9;911;43;8;1;2021
9;911;51;14;1;2021
9;911;51;12;0;2021
9;911;51;16;2;2021
9;911;42;5;12;2021
9;911;42;10;8;2021
9;911;42;7;6;2021
9;911;53;12;9;2021
9;911;53;23;4;2021
9;911;53;8;4;2021
9;911;44;5;4;2021
9;911;42;8;6;2021
9;911;51;0;0;2021
9;911;53;27;12;2021
9;911;44;12;6;2021
9;911;43;15;0;2021
9;911;43;11;1;2021
9;911;42;6;4;2021
9;911;51;0;0;2021
9;911;53;20;4;2021
9;911;51;33;6;2021
9;911;51;16;1;2021
11;1115;53;21;5;2021
11;1115;53;21;5;2021
11;1115;53;25;14;2021
11;1115;52;13;19;2021
11;1115;52;24;15;2021
11;1115;52;9;15;2021
11;1115;53;19;15;2021
11;1115;53;19;20;2021
11;1115;53;20;17;2021
11;1115;53;28;14;2021
11;1115;53;23;16;2021
11;1115;53;18;11;2021
11;1115;53;7;10;2021
11;1115;53;1;12;2021
11;1115;53;2;18;2021
11;1115;53;11;8;2021
11;1115;53;4;8;2021
11;1115;53;6;7;2021
11;1115;53;15;22;2021
11;1115;53;19;0;2021
11;1115;53;13;2;2021
11;1115;53;47;18;2021
11;1115;53;18;12;2021
11;1115;53;20;6;2021
11;1115;53;13;2;2021
11;1115;53;20;3;2021
11;1115;53;4;7;2021
11;1115;53;10;1;2021
11;1115;53;8;3;2021
11;1115;53;5;3;2021
11;1115;53;15;0;2021
11;1115;53;5;7;2021
11;1115;53;8;9;2021
11;1109;43;62;5;2021
11;1109;43;80;3;2021
11;1109;43;69;5;2021
11;1109;51;25;3;2021
11;1109;43;26;0;2021
11;1109;62;13;2;2021
11;1109;51;38;5;2021
11;1109;43;13;0;2021
11;1109;62;12;1;2021
11;1114;42;144;68;2021
11;1114;31;321;98;2021
11;1114;34;133;44;2021
11;1114;42;73;33;2021
11;1114;31;149;20;2021
11;1114;34;90;14;2021
11;1114;31;65;16;2021
11;1114;42;10;1;2021
11;1114;31;15;4;2021
11;1114;34;24;7;2021
11;1114;42;12;2;2021
11;1114;31;25;13;2021
11;1114;31;23;2;2021
11;1114;31;35;9;2021
11;1114;42;13;3;2021
11;1114;42;21;1;2021
11;1114;34;13;5;2021
11;1114;42;7;3;2021
11;1114;31;29;5;2021
11;1114;31;22;6;2021
11;1114;31;31;8;2021
11;1114;42;13;2;2021
11;1114;42;51;18;2021
11;1114;31;29;7;2021
11;1114;31;25;6;2021
11;1114;31;26;3;2021
11;1114;31;26;3;2021
11;1114;34;23;1;2021
11;1114;34;24;2;2021
11;1114;34;19;3;2021
11;1114;31;40;4;2021
11;1114;31;57;8;2021
11;1114;34;35;5;2021
11;1114;42;10;5;2021
11;1114;42;17;3;2021
11;1107;32;273;68;2021
11;1107;32;100;15;2021
11;1107;32;45;6;2021
11;1107;31;11;3;2021
11;1107;32;59;15;2021
11;1107;32;40;12;2021
11;1107;32;10;1;2021
11;1107;32;33;4;2021
11;1107;32;30;5;2021
11;1107;32;32;1;2021
11;1107;32;22;5;2021
11;1106;62;49;14;2021
11;1106;62;44;6;2021
11;1106;53;34;90;2021
11;1106;53;4;55;2021
11;1106;53;44;50;2021
11;1106;53;36;29;2021
11;1106;53;84;49;2021
11;1106;53;46;23;2021
11;1106;52;7;10;2021
11;1106;52;11;9;2021
11;1106;53;1;22;2021
11;1106;53;4;13;2021
11;1106;44;18;1;2021
11;1106;44;14;0;2021
11;1106;53;14;1;2021
11;1106;53;15;2;2021
11;1106;53;15;53;2021
11;1106;53;19;3;2021
11;1106;52;33;45;2021
11;1106;53;12;12;2021
11;1106;53;12;1;2021
11;1106;53;13;1;2021
11;1106;53;12;12;2021
11;1106;53;11;17;2021
11;1106;53;8;5;2021
11;1106;52;17;18;2021
11;1106;52;13;20;2021
11;1106;44;40;2;2021
11;1106;52;14;13;2021
11;1106;52;13;19;2021
11;1106;53;5;10;2021
11;1106;53;14;14;2021
11;1106;53;22;2;2021
11;1108;11;97;17;2021
11;1108;22;29;5;2021
11;1108;22;20;1;2021
11;1108;22;2;4;2021
11;1108;22;21;7;2021
11;1108;11;101;7;2021
11;1108;22;49;10;2021
11;1108;22;16;2;2021
11;1108;22;42;6;2021
11;1108;22;15;1;2021
11;1108;22;17;0;2021
11;1108;22;12;1;2021
11;1108;22;9;1;2021
11;1108;22;27;8;2021
11;1108;11;114;17;2021
11;1108;22;19;3;2021
11;1108;22;49;2;2021
11;1108;83;22;11;2021
11;1108;83;14;2;2021
11;1108;11;16;2;2021
11;1108;11;28;6;2021
11;1105;11;127;21;2021
11;1105;11;239;15;2021
11;1105;11;242;25;2021
11;1105;22;103;43;2021
11;1105;22;29;4;2021
11;1105;22;44;6;2021
11;1105;22;27;6;2021
11;1105;22;55;3;2021
11;1105;22;27;0;2021
11;1105;22;53;5;2021
11;1105;22;41;3;2021
11;1105;22;36;2;2021
11;1105;22;31;2;2021
11;1105;22;14;2;2021
11;1105;22;9;0;2021
11;1105;22;19;2;2021
11;1105;22;13;1;2021
11;1105;22;20;2;2021
11;1105;22;26;3;2021
11;1105;22;18;1;2021
11;1105;22;16;1;2021
11;1105;22;1;10;2021
11;1105;22;17;3;2021
11;1105;22;28;5;2021
11;1105;22;10;3;2021
11;1105;22;13;5;2021
11;1105;22;11;0;2021
11;1105;22;15;3;2021
11;1105;22;6;2;2021
11;1105;22;22;1;2021
11;1105;22;9;2;2021
11;1104;11;103;15;2021
11;1104;11;156;30;2021
11;1104;11;158;19;2021
11;1104;34;20;5;2021
11;1104;21;6;1;2021
11;1104;21;8;2;2021
11;1104;34;24;0;2021
11;1104;21;8;5;2021
11;1104;21;17;4;2021
11;1104;21;8;2;2021
11;1104;21;6;1;2021
11;1104;21;6;0;2021
11;1104;21;13;3;2021
11;1103;21;62;12;2021
11;1103;21;24;13;2021
11;1103;21;76;15;2021
11;1103;22;4;2;2021
11;1103;21;8;3;2021
11;1103;21;8;8;2021
11;1103;21;15;1;2021
11;1103;21;16;2;2021
11;1103;21;11;1;2021
11;1103;21;15;2;2021
11;1103;21;23;2;2021
11;1103;21;39;4;2021
11;1103;22;11;1;2021
11;1103;21;6;3;2021
11;1103;21;7;1;2021
11;1103;21;17;2;2021
11;1103;21;13;4;2021
11;1103;21;2;0;2021
11;1103;21;5;1;2021
11;1103;22;10;3;2021
11;1103;21;40;2;2021
11;1103;21;10;1;2021
11;1103;21;7;1;2021
11;1103;21;9;6;2021
11;1103;21;19;3;2021
11;1103;21;24;3;2021
11;1103;21;24;1;2021
11;1103;21;22;3;2021
11;1103;22;13;1;2021
11;1103;21;7;4;2021
11;1103;21;24;3;2021
11;1103;21;14;0;2021
11;1111;42;18;17;2021
11;1111;42;19;12;2021
11;1111;42;8;6;2021
11;1111;42;5;8;2021
11;1111;42;9;2;2021
11;1111;53;8;2;2021
11;1111;42;3;5;2021
11;1111;42;8;14;2021
11;1111;42;3;6;2021
11;1111;42;15;8;2021
11;1111;42;13;6;2021
11;1111;53;8;4;2021
11;1111;53;8;2;2021
11;1110;42;25;4;2021
11;1110;42;15;9;2021
11;1110;42;11;8;2021
11;1110;42;20;4;2021
11;1110;42;11;2;2021
11;1110;42;13;2;2021
11;1110;42;11;4;2021
11;1110;42;4;4;2021
11;1110;42;12;15;2021
11;1110;42;28;28;2021
11;1110;42;14;8;2021
11;1110;42;15;6;2021
11;1110;53;26;21;2021
11;1110;53;30;10;2021
11;1110;53;30;5;2021
11;1110;42;18;28;2021
11;1110;42;47;47;2021
11;1110;42;25;16;2021
11;1110;41;29;24;2021
11;1113;71;51;41;2021
11;1113;71;51;27;2021
11;1113;71;51;39;2021
11;1112;53;9;13;2021
11;1112;44;13;5;2021
11;1112;53;6;7;2021
11;1112;44;10;0;2021
11;1112;44;11;8;2021
11;1112;62;7;4;2021
11;1112;62;13;1;2021
11;1112;62;9;1;2021
11;1112;62;9;1;2021
11;1112;62;6;3;2021
11;1112;62;14;4;2021
11;1112;62;6;1;2021
11;1112;44;15;2;2021
11;1112;44;24;3;2021
11;1112;62;21;13;2021
11;1112;44;13;10;2021
11;1112;62;15;0;2021
11;1112;44;14;5;2021
11;1112;44;20;7;2021
11;1112;44;13;5;2021
11;1112;44;12;8;2021
11;1112;44;10;1;2021
11;1112;44;9;2;2021
11;1101;44;25;2;2021
11;1101;44;5;3;2021
11;1101;41;2;4;2021
11;1101;43;47;4;2021
11;1101;44;10;2;2021
11;1101;43;4;0;2021
11;1101;43;40;8;2021
11;1101;42;39;60;2021
11;1101;42;12;21;2021
11;1101;44;19;0;2021
11;1101;43;58;3;2021
11;1101;53;19;22;2021
11;1101;41;11;4;2021
11;1101;44;18;1;2021
11;1101;44;8;3;2021
11;1101;42;8;4;2021
11;1101;44;7;0;2021
11;1101;43;13;0;2021
11;1101;44;4;3;2021
11;1101;43;22;3;2021
11;1101;42;5;3;2021
11;1101;41;0;0;2021
11;1101;44;10;5;2021
11;1101;41;0;3;2021
11;1101;43;45;4;2021
11;1101;43;16;3;2021
11;1101;43;30;2;2021
11;1101;42;8;20;2021
11;1101;42;15;5;2021
11;1101;44;13;0;2021
11;1101;43;68;5;2021
11;1101;53;9;5;2021
11;1101;41;6;3;2021
11;1101;44;10;0;2021
11;1101;44;5;4;2021
11;1101;42;11;4;2021
11;1101;44;12;2;2021
11;1101;43;10;0;2021
11;1101;44;11;4;2021
11;1101;43;8;2;2021
11;1101;42;8;1;2021
11;1101;44;19;9;2021
11;1101;44;50;3;2021
11;1101;41;21;8;2021
11;1101;42;13;9;2021
11;1101;44;9;3;2021
11;1101;43;32;4;2021
11;1101;53;9;6;2021
11;1101;43;20;1;2021
11;1101;43;24;5;2021
11;1101;42;3;2;2021
11;1101;43;49;2;2021
11;1101;44;48;11;2021
11;1101;44;18;2;2021
11;1101;43;9;4;2021
11;1101;43;6;2;2021
11;1101;43;2;0;2021
11;1101;41;2;0;2021
11;1101;41;3;2;2021
11;1101;44;6;0;2021
11;1101;44;6;0;2021
11;1101;44;3;0;2021
11;1101;44;4;0;2021
11;1101;44;4;5;2021
11;1101;44;6;2;2021
11;1101;44;8;4;2021
11;1101;43;13;0;2021
11;1101;44;8;4;2021
11;1101;44;1;1;2021
11;1101;43;12;2;2021
11;1101;41;4;2;2021
11;1101;41;4;0;2021
11;1101;41;1;1;2021
11;1101;44;13;0;2021
12;1210;53;3;12;2021
12;1210;53;7;3;2021
12;1210;53;9;13;2021
12;1210;53;19;10;2021
12;1210;53;19;2;2021
12;1210;53;21;11;2021
12;1210;53;20;6;2021
12;1210;53;5;14;2021
12;1210;53;14;6;2021
12;1209;53;28;70;2021
12;1209;53;60;15;2021
12;1209;53;7;14;2021
12;1209;53;19;21;2021
12;1209;53;15;10;2021
12;1209;53;23;15;2021
12;1206;22;17;7;2021
12;1206;22;19;1;2021
12;1206;11;86;13;2021
12;1206;11;88;11;2021
12;1206;22;13;2;2021
12;1205;34;170;34;2021
12;1205;22;38;10;2021
12;1205;22;103;26;2021
12;1205;22;85;56;2021
12;1205;22;35;17;2021
12;1205;22;17;2;2021
12;1205;22;93;36;2021
12;1205;34;164;33;2021
12;1205;22;57;17;2021
12;1205;22;52;10;2021
12;1205;22;84;18;2021
12;1205;34;73;12;2021
12;1205;22;22;1;2021
12;1205;22;15;6;2021
12;1205;22;9;4;2021
12;1205;22;7;5;2021
12;1205;22;14;5;2021
12;1205;22;7;4;2021
12;1205;22;24;8;2021
12;1205;22;11;5;2021
12;1204;83;34;74;2021
12;1204;83;51;83;2021
12;1204;83;40;111;2021
12;1204;83;3;18;2021
12;1204;83;13;7;2021
12;1204;83;6;12;2021
12;1204;83;11;16;2021
12;1204;83;13;8;2021
12;1204;83;6;21;2021
12;1203;42;18;12;2021
12;1203;42;7;9;2021
12;1203;53;8;42;2021
12;1203;53;5;19;2021
12;1203;53;5;14;2021
12;1203;53;8;14;2021
12;1203;53;8;5;2021
12;1203;53;4;2;2021
12;1203;42;14;7;2021
12;1203;42;11;2;2021
12;1203;53;20;5;2021
12;1203;53;19;9;2021
12;1203;53;11;8;2021
12;1203;42;0;27;2021
12;1203;42;10;11;2021
12;1203;42;7;11;2021
12;1203;42;10;1;2021
12;1203;53;10;20;2021
12;1203;53;8;13;2021
12;1203;53;3;16;2021
12;1202;21;29;8;2021
12;1202;21;15;6;2021
12;1202;21;14;6;2021
12;1202;21;4;6;2021
12;1202;21;23;4;2021
12;1202;21;7;0;2021
12;1202;21;10;1;2021
12;1202;21;8;2;2021
12;1202;21;12;6;2021
12;1202;21;9;3;2021
12;1202;21;7;2;2021
12;1202;21;4;0;2021
12;1202;21;8;0;2021
12;1202;21;5;3;2021
12;1202;21;7;2;2021
12;1202;21;19;9;2021
12;1202;21;8;1;2021
12;1202;21;8;1;2021
12;1207;11;226;41;2021
12;1207;11;326;56;2021
12;1207;11;333;84;2021
12;1208;31;196;75;2021
12;1208;34;32;16;2021
12;1208;42;40;20;2021
12;1208;31;40;15;2021
12;1208;31;121;25;2021
12;1208;34;24;4;2021
12;1208;42;26;7;2021
12;1208;42;27;8;2021
12;1208;31;24;14;2021
12;1208;31;23;4;2021
12;1208;31;17;7;2021
12;1208;34;18;5;2021
12;1208;31;24;5;2021
12;1208;31;25;4;2021
12;1208;31;16;4;2021
12;1208;34;17;5;2021
12;1208;34;13;0;2021
12;1208;31;25;2;2021
12;1208;31;16;3;2021
12;1208;31;20;2;2021
12;1208;31;9;1;2021
12;1208;31;21;0;2021
12;1208;31;25;2;2021
12;1208;42;16;3;2021
12;1208;42;9;2;2021
12;1201;44;2;2;2021
12;1201;44;2;7;2021
12;1201;53;24;7;2021
12;1201;41;2;6;2021
12;1201;41;3;4;2021
12;1201;42;26;40;2021
12;1201;43;19;3;2021
12;1201;43;42;9;2021
12;1201;43;84;7;2021
12;1201;44;3;1;2021
12;1201;44;2;3;2021
12;1201;44;11;3;2021
12;1201;53;14;32;2021
12;1201;53;16;17;2021
12;1201;44;5;0;2021
12;1201;44;2;1;2021
12;1201;53;16;14;2021
12;1201;41;2;5;2021
12;1201;41;6;0;2021
12;1201;42;15;8;2021
12;1201;42;20;23;2021
12;1201;43;30;1;2021
12;1201;43;12;1;2021
12;1201;43;41;4;2021
12;1201;43;89;5;2021
12;1201;44;5;2;2021
12;1201;44;8;2;2021
12;1201;44;18;4;2021
12;1201;53;6;13;2021
12;1201;53;7;4;2021
12;1201;53;5;9;2021
12;1201;53;9;5;2021
12;1201;44;16;4;2021
12;1201;41;10;13;2021
12;1201;42;25;19;2021
12;1201;43;45;3;2021
12;1201;43;32;6;2021
12;1201;44;8;1;2021
12;1201;44;53;15;2021
12;1201;53;29;2;2021
12;1201;53;12;19;2021
12;1201;53;9;8;2021
12;1201;42;1;11;2021
12;1201;44;8;1;2021
12;1201;53;9;20;2021
12;1201;43;50;4;2021
12;1201;44;9;5;2021
12;1201;44;7;2;2021
12;1201;44;11;1;2021
12;1201;44;9;3;2021
12;1201;42;11;8;2021
12;1201;42;12;2;2021
12;1201;41;8;5;2021
12;1201;53;5;2;2021
12;1201;43;11;1;2021
12;1201;43;13;1;2021
12;1201;41;7;3;2021
12;1201;41;9;6;2021
12;1201;53;8;3;2021
12;1201;53;13;19;2021
12;1201;53;13;4;2021
12;1201;53;12;8;2021
12;1201;53;18;7;2021
12;1201;53;7;4;2021
12;1201;44;18;2;2021
12;1201;44;15;4;2021
12;1201;44;4;0;2021
12;1201;43;16;0;2021
12;1201;43;10;0;2021
2;213;42;11;12;2021
2;213;31;13;5;2021
2;213;34;12;3;2021
2;213;31;24;13;2021
2;213;42;18;8;2021
2;213;31;12;6;2021
2;213;34;19;7;2021
2;213;31;20;4;2021
2;213;34;11;2;2021
2;213;34;21;4;2021
2;213;31;15;2;2021
2;213;31;9;5;2021
2;213;42;19;9;2021
2;213;34;4;0;2021
2;213;34;5;1;2021
2;213;42;26;8;2021
2;213;31;22;9;2021
2;213;31;5;5;2021
2;213;31;5;2;2021
2;213;34;15;12;2021
2;213;31;16;4;2021
2;213;34;14;7;2021
2;213;31;12;4;2021
2;213;31;4;5;2021
2;213;31;17;3;2021
2;213;34;14;5;2021
2;213;34;28;7;2021
2;213;42;9;14;2021
2;213;31;22;11;2021
2;213;42;23;18;2021
2;213;34;26;10;2021
2;213;31;19;3;2021
2;213;31;16;8;2021
2;213;31;14;4;2021
2;213;31;20;5;2021
2;213;31;39;12;2021
2;213;34;13;12;2021
2;213;42;55;40;2021
2;213;34;30;16;2021
2;213;34;45;11;2021
2;213;31;90;117;2021
2;213;34;152;278;2021
2;213;42;169;126;2021
2;213;31;134;50;2021
2;213;42;40;37;2021
2;213;34;87;44;2021
2;212;42;22;18;2021
2;212;41;10;9;2021
2;212;53;31;9;2021
2;212;53;36;22;2021
2;212;52;25;17;2021
2;212;53;23;30;2021
2;212;42;23;22;2021
2;212;41;12;4;2021
2;212;53;24;10;2021
2;212;53;33;22;2021
2;212;52;15;16;2021
2;212;53;17;35;2021
2;212;42;19;14;2021
2;212;41;15;4;2021
2;212;53;20;8;2021
2;212;53;29;22;2021
2;212;52;26;17;2021
2;212;53;17;31;2021
2;212;44;9;8;2021
2;212;44;4;2;2021
2;212;53;36;55;2021
2;212;53;17;33;2021
2;212;42;16;17;2021
2;210;22;52;13;2021
2;210;22;38;7;2021
2;210;22;47;1;2021
2;210;22;35;7;2021
2;210;34;39;2;2021
2;210;22;20;4;2021
2;210;22;31;7;2021
2;210;22;11;1;2021
2;210;34;16;6;2021
2;210;22;15;8;2021
2;210;22;17;0;2021
2;210;22;11;2;2021
2;209;53;99;149;2021
2;209;53;156;64;2021
2;209;53;114;120;2021
2;209;53;101;48;2021
2;215;31;336;183;2021
2;215;31;191;110;2021
2;215;31;120;67;2021
2;215;31;79;44;2021
2;203;21;29;36;2021
2;203;21;16;11;2021
2;203;21;9;11;2021
2;203;21;4;11;2021
2;203;21;17;19;2021
2;203;21;14;20;2021
2;203;21;9;15;2021
2;203;21;6;14;2021
2;203;21;14;12;2021
2;203;21;6;14;2021
2;203;21;12;7;2021
2;203;21;2;4;2021
2;203;21;3;1;2021
2;203;21;6;11;2021
2;211;31;412;239;2021
2;211;34;82;60;2021
2;211;42;123;135;2021
2;211;42;93;67;2021
2;211;31;227;110;2021
2;211;31;24;52;2021
2;211;34;44;8;2021
2;211;31;19;7;2021
2;211;31;80;34;2021
2;211;31;13;6;2021
2;211;31;28;8;2021
2;211;31;10;3;2021
2;211;42;37;34;2021
2;211;42;31;32;2021
2;211;31;64;23;2021
2;211;34;33;15;2021
2;211;34;16;14;2021
2;211;31;104;40;2021
2;211;42;15;11;2021
2;211;42;16;4;2021
2;211;31;45;10;2021
2;211;31;32;13;2021
2;211;42;9;11;2021
2;211;42;11;5;2021
2;211;31;21;9;2021
2;211;31;16;4;2021
2;211;31;32;1;2021
2;211;31;24;5;2021
2;211;31;14;4;2021
2;211;31;24;5;2021
2;211;31;23;5;2021
2;211;31;24;5;2021
2;211;31;25;6;2021
2;211;31;24;5;2021
2;211;31;20;5;2021
2;211;31;12;6;2021
2;211;31;11;1;2021
2;211;31;20;9;2021
2;211;42;19;7;2021
2;211;42;6;3;2021
2;211;31;9;2;2021
2;211;31;11;2;2021
2;211;42;26;13;2021
2;211;42;10;2;2021
2;211;42;5;2;2021
2;211;31;18;8;2021
2;211;31;5;4;2021
2;211;34;7;5;2021
2;211;31;14;4;2021
2;211;31;8;5;2021
2;211;34;14;8;2021
2;211;31;22;7;2021
2;211;31;18;3;2021
2;211;31;28;8;2021
2;211;31;19;5;2021
2;208;21;43;19;2021
2;208;83;22;5;2021
2;208;21;63;12;2021
2;208;11;30;14;2021
2;208;21;10;6;2021
2;208;83;22;4;2021
2;208;83;21;4;2021
2;208;11;31;7;2021
2;208;11;30;3;2021
2;208;83;24;14;2021
2;208;11;30;12;2021
2;208;11;26;4;2021
2;207;22;99;63;2021
2;207;22;71;26;2021
2;207;22;22;3;2021
2;207;22;39;12;2021
2;207;22;39;6;2021
2;206;22;3;1;2021
2;206;22;10;6;2021
2;206;11;145;19;2021
2;206;11;154;13;2021
2;206;11;190;23;2021
2;205;21;16;20;2021
2;205;21;3;8;2021
2;205;21;18;13;2021
2;205;21;6;2;2021
2;205;21;12;13;2021
2;205;21;6;1;2021
2;205;21;14;11;2021
2;205;21;7;10;2021
2;205;21;3;9;2021
2;205;21;1;5;2021
2;205;21;3;1;2021
2;205;21;6;4;2021
2;205;21;2;1;2021
2;204;21;109;17;2021
2;204;21;45;19;2021
2;204;21;71;10;2021
2;204;21;22;14;2021
2;204;21;37;22;2021
2;204;21;67;4;2021
2;204;21;23;9;2021
2;204;21;26;6;2021
2;204;21;14;1;2021
2;204;21;9;1;2021
2;204;21;24;5;2021
2;204;21;44;12;2021
2;204;21;64;6;2021
2;204;21;19;11;2021
2;204;21;8;3;2021
2;204;21;2;5;2021
2;204;21;7;1;2021
2;204;21;5;0;2021
2;204;21;12;2;2021
2;204;21;6;4;2021
2;204;21;21;2;2021
2;204;21;8;2;2021
2;204;21;7;0;2021
2;204;21;6;1;2021
2;204;21;12;2;2021
2;204;21;10;3;2021
2;204;21;3;2;2021
2;204;21;26;8;2021
2;204;21;19;2;2021
2;204;21;5;1;2021
2;204;21;9;3;2021
2;204;21;17;0;2021
2;204;21;11;1;2021
2;204;21;7;0;2021
2;204;21;2;1;2021
2;204;21;8;2;2021
2;204;21;15;5;2021
2;204;21;2;2;2021
2;204;21;7;4;2021
2;204;21;16;1;2021
2;204;21;6;0;2021
2;204;21;6;0;2021
2;204;21;6;0;2021
2;204;21;14;4;2021
2;204;21;11;3;2021
2;204;21;12;4;2021
2;204;21;7;2;2021
2;204;21;7;1;2021
2;202;22;16;4;2021
2;202;22;6;2;2021
2;202;22;13;0;2021
2;202;21;7;0;2021
2;202;22;8;1;2021
2;202;22;12;2;2021
2;202;83;24;6;2021
2;202;83;22;5;2021
2;202;22;18;1;2021
2;202;22;14;1;2021
2;202;22;3;0;2021
2;202;22;38;4;2021
2;202;22;11;1;2021
2;202;22;13;0;2021
2;202;22;3;0;2021
2;214;22;8;3;2021
2;214;22;6;1;2021
2;214;34;5;0;2021
2;214;22;4;1;2021
2;214;22;8;1;2021
2;214;22;24;1;2021
2;214;22;8;2;2021
2;214;22;2;2;2021
2;214;34;2;2;2021
2;214;22;4;2;2021
2;214;22;8;0;2021
2;214;22;20;2;2021
2;214;22;17;3;2021
2;214;22;0;0;2021
2;214;34;0;0;2021
2;214;22;6;1;2021
2;214;22;0;0;2021
2;214;22;20;3;2021
2;201;22;181;48;2021
2;201;22;82;24;2021
2;201;22;116;30;2021
2;201;22;64;24;2021
2;201;22;105;33;2021
2;201;22;64;23;2021
2;201;22;123;20;2021
2;201;22;29;0;2021
2;201;22;66;7;2021
2;201;34;17;7;2021
2;201;34;30;13;2021
2;201;34;27;4;2021
2;201;34;9;2;2021
2;201;52;8;1;2021
2;201;52;9;3;2021
2;201;22;19;7;2021
2;201;22;22;9;2021
2;201;22;6;0;2021
2;201;22;70;41;2021
2;201;22;59;22;2021
2;201;22;13;7;2021
2;201;22;21;9;2021
2;201;34;132;16;2021
2;201;34;59;8;2021
2;201;34;70;13;2021
2;201;34;5;0;2021
2;201;34;106;15;2021
2;201;34;45;2;2021
2;201;34;118;29;2021
2;201;34;9;4;2021
2;201;34;25;1;2021
2;201;34;0;6;2021
2;201;22;29;11;2021
2;201;22;37;9;2021
2;201;22;36;2;2021
2;201;22;24;5;2021
2;201;22;19;7;2021
2;201;22;17;13;2021
2;201;22;59;33;2021
2;201;22;12;7;2021
2;201;34;23;12;2021
2;201;34;18;6;2021
2;201;34;7;5;2021
2;201;22;4;1;2021
2;201;22;13;0;2021
2;201;22;53;4;2021
2;201;22;12;0;2021
2;201;34;38;25;2021
2;201;34;19;7;2021
2;201;52;22;11;2021
2;201;52;17;11;2021
2;201;34;13;5;2021
2;201;34;10;2;2021
2;201;22;15;16;2021
2;201;22;6;4;2021
2;201;22;8;6;2021
2;201;22;41;18;2021
2;201;22;16;9;2021
2;201;22;14;4;2021
2;201;22;16;11;2021
2;201;22;4;5;2021
2;201;34;21;0;2021
2;201;34;18;1;2021
2;201;34;19;0;2021
2;201;34;19;2;2021
2;201;34;2;2;2021
2;201;34;16;0;2021
2;201;34;18;0;2021
2;201;34;9;1;2021
2;201;34;10;2;2021
2;201;11;45;10;2021
2;201;11;11;10;2021
2;201;22;21;3;2021
2;201;22;9;0;2021
2;201;22;27;6;2021
2;201;34;49;19;2021
2;201;34;29;9;2021
2;201;34;78;29;2021
2;201;34;16;8;2021
2;201;34;12;10;2021
2;201;22;7;12;2021
2;201;22;2;6;2021
2;201;22;12;8;2021
2;201;22;2;9;2021
2;201;22;1;0;2021
2;201;34;0;1;2021
2;201;34;4;3;2021
2;201;34;2;1;2021
2;201;34;2;0;2021
2;201;22;1;1;2021
2;201;22;7;0;2021
2;201;22;6;0;2021
2;201;22;2;0;2021
2;201;22;4;0;2021
2;201;34;3;5;2021
2;201;34;5;5;2021
2;201;34;3;2;2021
2;201;34;1;0;2021
2;201;22;11;11;2021
2;201;22;15;12;2021
2;201;22;12;11;2021
2;201;22;2;1;2021
2;201;22;8;4;2021
2;201;22;0;5;2021
2;201;22;4;7;2021
2;201;22;0;4;2021
2;201;22;1;0;2021
2;201;34;5;1;2021
2;201;34;1;4;2021
2;201;34;0;3;2021
2;201;34;1;1;2021
2;201;11;2;10;2021
2;201;11;7;8;2021
2;201;11;2;6;2021
2;201;11;0;4;2021
2;201;11;2;0;2021
2;201;34;15;2;2021
2;201;34;11;12;2021
2;201;34;6;4;2021
2;201;34;6;3;2021
2;201;34;3;2;2021
2;201;34;1;0;2021
2;201;22;2;0;2021
1;102;22;11;12;2021
1;102;22;9;9;2021
1;102;22;6;12;2021
1;102;22;6;11;2021
1;102;22;1;5;2021
1;102;22;4;6;2021
1;102;22;9;6;2021
1;102;22;16;10;2021
1;102;22;12;14;2021
1;102;22;3;7;2021
1;102;22;10;9;2021
1;102;22;67;44;2021
1;102;22;12;8;2021
1;102;22;4;10;2021
1;102;22;4;10;2021
1;102;22;13;12;2021
1;102;22;6;7;2021
1;102;22;8;13;2021
1;102;22;18;8;2021
1;102;22;15;6;2021
1;102;22;8;3;2021
1;102;22;9;1;2021
1;102;22;11;1;2021
1;101;22;90;34;2021
1;101;22;12;3;2021
1;101;22;9;2;2021
1;101;22;13;1;2021
1;101;22;8;7;2021
1;101;22;26;12;2021
1;101;22;29;4;2021
1;101;22;30;9;2021
1;101;22;31;3;2021
1;101;22;13;1;2021
1;101;22;13;1;2021
1;101;22;22;6;2021
1;101;22;22;5;2021
1;101;22;24;10;2021
1;101;22;20;2;2021
1;101;22;23;8;2021
1;101;22;5;14;2021
1;101;22;5;5;2021
1;101;22;14;18;2021
1;101;22;18;14;2021
1;101;22;10;10;2021
1;101;22;3;11;2021
1;101;22;21;13;2021
1;101;22;10;13;2021
1;101;22;19;2;2021
1;101;22;14;0;2021
1;101;11;24;1;2021
1;101;11;22;7;2021
1;101;22;15;9;2021
1;101;22;9;11;2021
1;101;31;25;4;2021
1;101;31;16;3;2021
1;101;22;14;10;2021
1;101;22;9;12;2021
1;101;31;30;11;2021
1;101;31;17;7;2021
1;103;22;56;28;2021
1;103;22;15;12;2021
1;103;22;20;8;2021
1;103;22;20;8;2021
1;103;22;21;15;2021
1;103;22;28;7;2021
8;816;71;40;3;2021
8;816;71;31;6;2021
8;816;71;8;23;2021
8;816;71;12;2;2021
8;816;71;22;10;2021
8;816;71;40;0;2021
8;816;71;26;7;2021
8;816;71;29;3;2021
8;816;71;19;2;2021
8;816;71;30;6;2021
8;816;71;18;1;2021
8;816;71;36;0;2021
8;816;71;29;3;2021
8;816;71;28;6;2021
8;816;71;27;5;2021
8;816;71;21;4;2021
8;816;71;28;8;2021
8;816;71;33;0;2021
8;815;51;3;1;2021
8;815;51;6;0;2021
8;815;51;8;0;2021
8;815;51;4;2;2021
8;815;53;2;2;2021
8;815;53;6;2;2021
8;815;53;7;1;2021
8;815;53;4;3;2021
8;815;53;15;6;2021
8;815;53;16;5;2021
8;815;53;3;1;2021
8;815;53;2;3;2021
8;815;53;6;3;2021
8;815;53;16;2;2021
8;815;53;10;1;2021
8;815;53;10;2;2021
8;815;53;8;16;2021
8;815;53;8;8;2021
8;815;53;4;4;2021
8;815;53;4;8;2021
8;815;51;11;4;2021
8;815;51;13;1;2021
8;815;53;5;6;2021
8;815;53;9;6;2021
8;815;53;23;40;2021
8;815;53;4;14;2021
8;815;53;6;6;2021
8;815;53;4;9;2021
8;815;53;24;38;2021
8;815;53;34;39;2021
8;815;53;28;27;2021
8;815;53;2;5;2021
8;815;53;2;6;2021
8;815;51;48;16;2021
8;815;51;39;5;2021
8;815;51;10;4;2021
8;815;51;9;5;2021
8;815;53;40;27;2021
8;815;53;35;24;2021
8;815;53;10;5;2021
8;815;53;13;5;2021
8;815;53;8;9;2021
8;815;53;9;5;2021
8;815;53;9;6;2021
8;815;53;9;5;2021
8;815;53;9;5;2021
8;815;51;5;1;2021
8;815;53;6;7;2021
8;815;53;5;5;2021
8;815;53;13;3;2021
8;815;51;11;3;2021
8;814;53;96;105;2021
8;814;53;115;57;2021
8;814;53;63;162;2021
8;814;53;93;90;2021
8;814;53;77;40;2021
8;814;53;55;127;2021
8;807;21;31;7;2021
8;807;21;47;11;2021
8;807;21;63;13;2021
8;807;21;13;6;2021
8;807;21;14;6;2021
8;807;21;9;3;2021
8;807;21;6;4;2021
8;807;21;16;2;2021
8;807;21;12;3;2021
8;807;21;12;3;2021
8;807;21;16;2;2021
8;807;21;20;1;2021
8;807;21;16;2;2021
8;807;21;31;6;2021
8;807;21;30;4;2021
8;807;21;13;0;2021
8;807;21;12;5;2021
8;807;21;12;5;2021
8;811;43;14;1;2021
8;811;43;12;0;2021
8;811;43;15;0;2021
8;811;43;13;0;2021
8;811;81;12;4;2021
8;811;81;13;2;2021
8;811;43;12;7;2021
8;811;43;9;6;2021
8;811;43;125;6;2021
8;811;43;70;11;2021
8;811;43;9;0;2021
8;811;43;41;3;2021
8;811;43;59;2;2021
8;811;81;26;1;2021
8;811;43;6;1;2021
8;811;81;24;4;2021
8;811;43;43;1;2021
8;811;43;17;2;2021
8;811;43;20;4;2021
8;811;43;25;2;2021
8;811;43;20;3;2021
8;811;43;18;0;2021
8;811;43;36;4;2021
8;810;11;201;28;2021
8;810;11;353;42;2021
8;810;11;380;23;2021
8;809;53;30;17;2021
8;809;53;10;8;2021
8;809;42;11;8;2021
8;809;53;26;37;2021
8;809;53;10;9;2021
8;809;51;30;4;2021
8;809;53;47;35;2021
8;809;51;37;0;2021
8;809;51;23;3;2021
8;809;44;16;3;2021
8;809;44;13;1;2021
8;809;44;23;2;2021
8;809;51;11;2;2021
8;809;51;10;0;2021
8;809;81;16;3;2021
8;809;81;8;1;2021
8;809;81;12;3;2021
8;809;81;11;0;2021
8;809;42;10;4;2021
8;809;42;8;3;2021
8;809;53;99;83;2021
8;809;53;26;23;2021
8;808;22;86;39;2021
8;808;22;66;8;2021
8;808;22;24;1;2021
8;808;22;41;3;2021
8;808;22;50;7;2021
8;808;22;59;18;2021
8;808;22;63;18;2021
8;808;22;41;4;2021
8;808;22;35;4;2021
8;808;22;18;1;2021
8;808;22;30;7;2021
8;808;22;9;2;2021
8;808;22;12;1;2021
8;808;22;17;1;2021
8;808;22;38;15;2021
8;808;22;49;6;2021
8;808;22;20;4;2021
8;808;22;19;2;2021
8;808;22;24;2;2021
8;808;22;15;0;2021
8;808;22;9;0;2021
8;808;22;19;6;2021
8;808;22;17;0;2021
8;808;22;6;4;2021
8;813;42;64;44;2021
8;813;42;44;84;2021
8;813;42;72;65;2021
8;813;42;33;28;2021
8;813;42;20;54;2021
8;813;42;35;18;2021
8;813;42;21;28;2021
8;813;42;36;62;2021
8;813;42;43;20;2021
8;813;42;22;41;2021
8;813;42;13;7;2021
8;813;42;17;7;2021
8;813;53;16;14;2021
8;813;53;9;4;2021
8;813;42;22;11;2021
8;813;42;12;7;2021
8;812;42;23;32;2021
8;812;53;11;3;2021
8;812;53;12;7;2021
8;812;42;18;21;2021
8;812;53;16;11;2021
8;812;42;12;38;2021
8;812;53;47;25;2021
8;812;53;29;16;2021
8;812;42;10;6;2021
8;812;42;8;1;2021
8;812;53;14;6;2021
8;812;53;9;3;2021
8;812;42;20;11;2021
8;812;42;11;5;2021
8;812;53;31;13;2021
8;812;53;20;13;2021
8;812;53;21;17;2021
8;812;41;17;2;2021
8;812;41;12;7;2021
8;812;41;14;4;2021
8;812;42;48;61;2021
8;812;42;104;116;2021
8;812;42;23;42;2021
8;812;53;108;111;2021
8;806;31;29;10;2021
8;806;21;108;7;2021
8;806;51;37;6;2021
8;806;21;22;4;2021
8;806;21;27;1;2021
8;806;21;38;1;2021
8;806;31;9;2;2021
8;806;31;9;3;2021
8;806;31;6;1;2021
8;806;31;9;2;2021
8;806;21;30;2;2021
8;806;21;14;2;2021
8;806;21;24;0;2021
8;806;31;6;4;2021
8;806;31;18;0;2021
8;806;21;35;1;2021
8;806;31;20;3;2021
8;806;31;8;0;2021
8;806;31;3;6;2021
8;806;21;8;0;2021
8;806;51;12;1;2021
8;804;71;142;52;2021
8;804;71;155;60;2021
8;804;71;155;60;2021
8;804;71;173;50;2021
8;804;71;176;67;2021
8;804;71;182;60;2021
8;804;71;13;2;2021
8;804;71;18;2;2021
8;804;71;11;2;2021
8;804;71;9;1;2021
8;804;71;16;3;2021
8;804;71;22;10;2021
8;804;71;13;0;2021
8;804;71;25;4;2021
8;804;71;12;1;2021
8;802;31;318;214;2021
8;802;34;281;128;2021
8;802;42;75;80;2021
8;802;31;187;71;2021
8;802;34;170;33;2021
8;802;31;127;35;2021
8;802;31;42;9;2021
8;802;34;37;8;2021
8;802;34;12;8;2021
8;802;34;21;3;2021
8;802;31;47;10;2021
8;802;31;12;4;2021
8;802;34;64;9;2021
8;802;31;87;20;2021
8;802;42;18;8;2021
8;802;42;11;2;2021
8;802;31;25;5;2021
8;802;31;30;3;2021
8;802;31;27;5;2021
8;802;34;22;9;2021
8;802;31;18;2;2021
8;802;31;14;6;2021
8;802;31;14;1;2021
8;802;34;16;2;2021
8;801;44;13;91;2021
8;801;44;21;36;2021
8;801;41;15;5;2021
8;801;42;49;98;2021
8;801;44;39;5;2021
8;801;44;28;5;2021
8;801;53;64;105;2021
8;801;44;20;10;2021
8;801;44;13;4;2021
8;801;53;14;12;2021
8;801;44;24;7;2021
8;801;44;24;0;2021
8;801;41;12;6;2021
8;801;41;16;5;2021
8;801;44;19;2;2021
8;801;44;20;2;2021
8;801;44;27;1;2021
8;801;44;13;10;2021
8;801;41;11;16;2021
8;801;44;15;1;2021
8;801;44;18;1;2021
8;801;41;10;11;2021
8;801;41;34;14;2021
8;801;42;32;49;2021
8;801;44;67;10;2021
8;801;44;47;26;2021
8;801;44;13;3;2021
8;801;44;11;5;2021
8;801;44;11;1;2021
8;801;53;63;63;2021
8;801;53;43;40;2021
8;801;53;81;32;2021
8;801;53;75;21;2021
8;801;41;3;2;2021
8;801;41;10;5;2021
8;801;41;11;2;2021
8;801;41;4;5;2021
8;801;42;12;11;2021
8;801;42;2;9;2021
8;801;44;20;12;2021
8;801;44;25;7;2021
8;801;44;29;2;2021
8;801;44;25;0;2021
8;801;44;14;2;2021
8;801;44;21;0;2021
8;801;42;15;7;2021
8;801;42;14;3;2021
8;801;41;8;2;2021
8;801;41;1;2;2021
8;801;41;6;3;2021
8;801;41;5;3;2021
8;801;41;4;4;2021
8;801;44;20;5;2021
8;801;44;16;4;2021
8;801;44;17;2;2021
8;801;44;17;2;2021
8;801;44;8;1;2021
8;801;44;11;4;2021
8;801;44;16;4;2021
8;801;44;23;1;2021
8;801;44;19;1;2021
8;801;44;6;0;2021
8;801;53;5;3;2021
8;801;53;7;9;2021
8;801;53;5;6;2021
8;801;53;9;2;2021
8;801;42;7;2;2021
8;801;42;3;4;2021
8;801;53;9;6;2021
8;801;42;41;61;2021
8;801;53;20;20;2021
8;801;44;11;4;2021
8;801;44;22;3;2021
8;801;53;20;20;2021
8;801;44;23;15;2021
8;801;44;29;19;2021
8;805;71;167;86;2021
8;805;71;168;63;2021
8;805;71;174;86;2021
8;805;71;175;73;2021
8;805;71;177;81;2021
8;805;71;168;84;2021
8;805;71;2;5;2021
8;805;71;4;0;2021
8;805;71;3;5;2021
8;805;71;12;1;2021
8;805;71;19;10;2021
8;805;71;21;7;2021
8;805;71;156;73;2021
8;805;71;140;56;2021
8;805;71;153;66;2021
8;805;71;163;51;2021
8;805;71;200;58;2021
8;805;71;160;60;2021
5;502;33;19;1;2021
5;502;33;8;2;2021
5;502;33;13;7;2021
5;502;33;8;0;2021
5;502;33;14;6;2021
5;502;33;5;1;2021
5;502;33;15;4;2021
5;502;33;9;3;2021
5;502;33;14;9;2021
5;502;33;11;1;2021
5;502;33;36;12;2021
5;502;33;59;24;2021
5;502;33;30;8;2021
5;502;33;33;4;2021
5;502;33;17;7;2021
5;502;33;16;36;2021
5;502;33;31;9;2021
5;502;33;8;16;2021
5;502;33;5;5;2021
5;502;33;4;2;2021
5;511;31;213;157;2021
5;511;31;240;136;2021
5;511;34;126;86;2021
5;511;34;115;32;2021
5;511;31;86;37;2021
5;511;31;20;1;2021
5;511;31;22;9;2021
5;511;34;15;5;2021
5;511;34;5;2;2021
5;511;34;47;11;2021
5;511;34;44;18;2021
5;511;31;7;6;2021
5;511;31;42;15;2021
5;511;31;107;57;2021
5;511;31;22;12;2021
5;511;31;19;9;2021
5;511;31;30;6;2021
5;511;31;28;4;2021
5;511;31;25;10;2021
5;511;31;21;9;2021
5;511;31;24;15;2021
5;511;31;22;10;2021
5;511;31;25;11;2021
5;511;31;18;3;2021
5;511;31;18;10;2021
5;511;31;17;12;2021
5;511;34;25;7;2021
5;511;34;15;8;2021
5;511;34;26;2;2021
5;511;34;33;3;2021
5;511;42;20;11;2021
5;511;42;25;9;2021
5;511;34;33;16;2021
5;511;34;23;4;2021
5;511;31;23;2;2021
5;511;31;19;5;2021
5;511;31;13;4;2021
5;511;31;5;0;2021
5;511;31;6;10;2021
5;511;31;6;2;2021
5;511;34;9;5;2021
5;511;31;5;5;2021
5;511;42;33;13;2021
5;511;42;15;2;2021
5;512;42;115;118;2021
5;512;42;73;68;2021
5;512;42;48;31;2021
5;512;42;34;11;2021
5;512;42;31;28;2021
5;512;42;19;23;2021
5;512;42;8;3;2021
5;512;31;34;15;2021
5;512;31;25;13;2021
5;512;42;17;12;2021
5;512;42;16;15;2021
5;512;42;16;10;2021
5;512;42;10;3;2021
5;512;42;12;10;2021
5;512;42;15;11;2021
5;512;31;7;6;2021
5;513;21;55;44;2021
5;513;21;76;15;2021
5;513;21;55;31;2021
5;513;21;25;9;2021
5;513;21;22;18;2021
5;513;21;9;3;2021
5;513;21;50;9;2021
5;513;21;34;16;2021
5;513;21;13;3;2021
5;513;21;9;2;2021
5;513;21;11;3;2021
5;513;21;9;6;2021
5;513;21;45;5;2021
5;513;21;14;1;2021
5;513;21;20;9;2021
5;513;21;16;10;2021
5;513;21;25;12;2021
5;513;21;35;7;2021
5;513;21;44;4;2021
5;513;21;41;2;2021
5;513;21;11;4;2021
5;513;21;20;6;2021
5;513;21;13;7;2021
5;513;21;17;8;2021
5;513;21;5;2;2021
5;513;21;12;3;2021
5;513;21;17;4;2021
5;513;21;24;5;2021
5;513;21;10;2;2021
5;513;21;8;3;2021
5;513;21;19;1;2021
5;513;21;4;1;2021
5;513;21;6;1;2021
5;513;21;11;1;2021
5;513;21;6;1;2021
5;513;21;10;2;2021
5;504;61;33;20;2021
5;504;61;44;17;2021
5;504;61;33;17;2021
5;504;61;48;9;2021
5;504;61;37;11;2021
5;510;42;27;17;2021
5;510;42;35;8;2021
5;510;42;22;13;2021
5;510;42;12;7;2021
5;510;42;37;28;2021
5;510;42;82;124;2021
5;510;42;77;74;2021
5;510;42;28;20;2021
5;510;42;45;15;2021
5;510;42;82;96;2021
5;506;31;24;13;2021
5;506;31;7;6;2021
5;506;31;7;4;2021
5;506;31;3;3;2021
5;506;31;3;1;2021
5;506;31;9;9;2021
5;506;31;3;3;2021
5;506;31;7;3;2021
5;506;31;7;6;2021
5;506;31;8;13;2021
5;506;31;14;3;2021
5;506;31;27;12;2021
5;506;31;14;5;2021
5;506;31;9;4;2021
5;506;31;32;8;2021
5;506;31;23;8;2021
5;506;31;31;5;2021
5;506;31;37;20;2021
5;506;31;48;19;2021
5;506;31;41;21;2021
5;506;31;54;19;2021
5;506;42;25;5;2021
5;506;31;376;235;2021
5;506;31;138;47;2021
5;506;31;216;95;2021
5;506;31;20;2;2021
5;506;31;22;11;2021
5;506;31;101;39;2021
5;506;31;20;4;2021
5;506;31;120;43;2021
5;506;31;32;15;2021
5;504;43;44;6;2021
5;504;43;83;5;2021
5;504;51;28;3;2021
5;504;43;31;2;2021
5;504;43;14;2;2021
5;504;51;48;4;2021
5;504;43;15;2;2021
5;504;43;33;0;2021
5;504;43;12;0;2021
5;504;43;14;0;2021
5;504;43;12;1;2021
5;504;43;30;2;2021
5;504;43;17;3;2021
5;504;43;13;0;2021
5;504;43;9;0;2021
5;504;43;26;1;2021
5;503;72;53;19;2021
5;503;72;33;6;2021
5;503;72;56;8;2021
5;503;72;18;3;2021
5;503;72;23;6;2021
5;503;72;15;2;2021
5;503;72;14;1;2021
5;508;33;78;19;2021
5;508;33;59;9;2021
5;508;33;69;5;2021
5;508;33;36;3;2021
5;508;33;49;6;2021
5;508;33;32;12;2021
5;508;33;12;2;2021
5;507;83;205;546;2021
5;507;83;11;58;2021
5;507;83;146;302;2021
5;507;83;98;159;2021
5;507;83;36;58;2021
5;507;83;20;13;2021
5;507;83;13;12;2021
5;507;83;18;17;2021
5;507;83;11;6;2021
5;507;83;14;11;2021
5;507;83;17;20;2021
5;507;83;12;7;2021
5;507;83;12;31;2021
5;507;83;5;14;2021
5;507;83;14;17;2021
5;507;83;3;10;2021
5;507;83;10;9;2021
5;501;22;153;33;2021
5;501;22;157;33;2021
5;501;22;86;24;2021
5;501;22;230;77;2021
5;501;22;108;23;2021
5;501;22;116;26;2021
5;501;22;129;22;2021
5;501;22;40;6;2021
5;501;22;28;4;2021
5;501;22;32;4;2021
5;501;22;34;0;2021
5;501;22;25;0;2021
5;501;22;48;6;2021
5;501;22;41;1;2021
5;501;22;28;3;2021
5;501;22;33;9;2021
5;501;22;17;0;2021
5;501;22;13;4;2021
5;501;22;68;26;2021
5;501;22;32;2;2021
5;501;22;4;2;2021
5;501;22;18;2;2021
5;501;22;4;0;2021
5;501;22;12;1;2021
5;501;34;52;35;2021
5;501;34;22;6;2021
5;501;34;55;24;2021
5;501;34;29;12;2021
5;501;34;24;3;2021
5;501;22;5;1;2021
5;501;34;33;12;2021
5;501;34;14;2;2021
5;501;44;14;2;2021
5;501;22;1;0;2021
5;501;22;14;0;2021
5;501;22;50;5;2021
5;501;22;39;5;2021
5;501;22;33;1;2021
5;501;22;3;0;2021
5;501;22;44;11;2021
5;501;22;35;2;2021
5;501;22;76;21;2021
5;501;22;72;19;2021
5;501;22;16;2;2021
5;501;22;15;0;2021
5;501;22;75;17;2021
5;501;22;35;7;2021
5;501;22;8;4;2021
5;501;22;31;5;2021
5;501;22;23;0;2021
5;501;22;15;0;2021
5;501;22;14;5;2021
5;501;22;12;3;2021
5;501;22;15;1;2021
5;501;22;15;2;2021
5;501;22;13;3;2021
5;501;22;15;3;2021
5;501;34;18;7;2021
5;501;34;20;7;2021
5;501;22;5;7;2021
5;501;22;23;13;2021
5;501;22;13;5;2021
5;501;22;9;4;2021
5;501;22;11;4;2021
5;501;22;16;8;2021
5;501;22;15;3;2021
5;501;22;69;14;2021
5;501;22;59;12;2021
5;501;34;23;4;2021
5;501;34;14;10;2021
5;501;22;5;11;2021
5;501;22;8;27;2021
5;501;22;4;9;2021
5;501;22;8;6;2021
5;501;22;10;3;2021
5;501;22;12;3;2021
5;501;22;4;1;2021
5;501;22;4;1;2021
5;501;22;8;1;2021
5;501;22;2;0;2021
5;501;22;2;0;2021
5;501;22;7;1;2021
5;501;22;16;3;2021
5;501;22;13;3;2021
5;501;22;10;8;2021
15;1501;31;8;6;2021
15;1501;31;60;51;2021
15;1501;31;8;9;2021
15;1501;31;29;31;2021
15;1501;42;10;33;2021
15;1501;42;4;15;2021
15;1501;31;9;4;2021
15;1501;31;31;20;2021
15;1501;81;11;5;2021
15;1501;31;10;27;2021
15;1501;81;66;32;2021
15;1501;81;58;35;2021
15;1501;42;11;14;2021
15;1501;42;8;16;2021
15;1501;42;23;28;2021
15;1501;42;27;22;2021
15;1501;83;7;28;2021
15;1501;83;2;3;2021
15;1501;42;21;28;2021
15;1501;83;4;11;2021
15;1501;41;25;24;2021
15;1501;41;5;9;2021
15;1501;42;6;30;2021
15;1501;42;6;19;2021
15;1501;42;8;12;2021
15;1501;83;13;21;2021
15;1501;31;37;31;2021
15;1501;42;18;29;2021
15;1501;42;11;27;2021
15;1501;42;14;17;2021
10;1006;31;317;180;2021
10;1006;34;24;13;2021
10;1006;31;167;84;2021
10;1006;34;9;1;2021
10;1006;31;14;5;2021
10;1006;31;26;8;2021
10;1006;31;32;16;2021
10;1006;31;10;3;2021
10;1006;31;43;17;2021
10;1006;31;37;18;2021
10;1006;31;25;8;2021
10;1006;31;9;0;2021
10;1006;31;9;3;2021
10;1006;31;13;8;2021
10;1006;31;3;0;2021
10;1006;31;5;1;2021
10;1006;31;5;1;2021
10;1006;31;29;11;2021
10;1006;31;23;3;2021
10;1006;31;29;10;2021
10;1006;31;3;1;2021
10;1006;31;26;8;2021
10;1006;31;10;4;2021
10;1006;31;32;8;2021
10;1006;31;9;4;2021
10;1006;31;30;10;2021
10;1006;31;7;9;2021
10;1006;31;23;8;2021
10;1006;31;10;6;2021
10;1006;31;85;26;2021
10;1006;34;11;2;2021
10;1018;42;35;30;2021
10;1018;34;161;64;2021
10;1018;31;281;148;2021
10;1018;42;2;3;2021
10;1018;34;49;14;2021
10;1018;31;124;54;2021
10;1018;31;116;43;2021
10;1018;42;29;9;2021
10;1018;31;38;10;2021
10;1018;31;31;35;2021
10;1018;31;15;7;2021
10;1018;34;40;15;2021
10;1018;31;56;16;2021
10;1018;31;47;11;2021
10;1018;31;6;4;2021
10;1018;31;18;12;2021
10;1018;31;58;30;2021
10;1018;31;27;11;2021
10;1018;31;23;10;2021
10;1018;31;16;5;2021
10;1018;31;10;1;2021
10;1018;34;12;5;2021
10;1018;31;42;13;2021
10;1018;31;11;1;2021
10;1018;31;9;5;2021
10;1018;31;8;1;2021
10;1018;31;7;0;2021
10;1018;34;4;1;2021
10;1019;71;33;6;2021
10;1019;71;29;5;2021
10;1019;71;29;7;2021
10;1019;71;28;5;2021
10;1019;71;17;6;2021
10;1019;71;17;3;2021
10;1019;71;41;0;2021
10;1019;71;26;8;2021
10;1019;71;29;2;2021
10;1019;71;24;5;2021
10;1019;71;24;4;2021
10;1019;71;10;5;2021
10;1019;71;38;0;2021
10;1019;71;14;7;2021
10;1019;71;8;1;2021
10;1019;71;27;8;2021
10;1019;71;34;1;2021
10;1019;71;23;8;2021
10;1019;71;31;7;2021
10;1019;71;9;5;2021
10;1019;71;29;0;2021
10;1019;72;21;0;2021
10;1017;42;15;13;2021
10;1017;42;4;5;2021
10;1017;53;9;9;2021
10;1017;53;12;18;2021
10;1017;53;6;8;2021
10;1017;53;5;4;2021
10;1017;53;0;0;2021
10;1017;53;0;5;2021
10;1017;53;37;31;2021
10;1017;53;37;22;2021
10;1017;53;39;33;2021
10;1017;53;33;39;2021
10;1017;53;26;47;2021
10;1017;53;18;55;2021
10;1017;51;28;11;2021
10;1017;51;18;10;2021
10;1017;51;25;20;2021
10;1017;42;36;35;2021
10;1017;42;42;49;2021
10;1017;42;35;35;2021
10;1017;43;34;2;2021
10;1017;43;21;2;2021
10;1017;43;20;2;2021
10;1017;53;6;4;2021
10;1017;53;11;6;2021
10;1017;53;16;8;2021
10;1017;52;10;21;2021
10;1017;52;23;18;2021
10;1017;52;19;18;2021
10;1017;43;5;0;2021
10;1017;43;8;0;2021
10;1017;43;5;0;2021
10;1017;43;5;1;2021
10;1017;43;4;0;2021
10;1017;42;3;1;2021
10;1017;42;6;5;2021
10;1017;42;4;1;2021
10;1017;53;6;1;2021
10;1017;53;1;0;2021
10;1017;53;3;1;2021
10;1017;53;1;1;2021
10;1017;53;1;2;2021
10;1017;53;7;7;2021
10;1017;53;3;4;2021
10;1017;53;1;5;2021
10;1017;53;4;4;2021
10;1017;42;4;2;2021
10;1017;42;15;7;2021
10;1017;42;17;12;2021
10;1017;42;27;7;2021
10;1017;42;3;3;2021
10;1017;51;3;0;2021
10;1017;51;6;0;2021
10;1017;51;4;2;2021
10;1017;51;10;3;2021
10;1017;51;1;1;2021
10;1017;53;0;1;2021
10;1017;53;16;8;2021
10;1017;53;11;9;2021
10;1017;53;16;1;2021
10;1017;53;1;1;2021
10;1017;53;8;7;2021
10;1017;53;15;18;2021
10;1017;53;16;14;2021
10;1017;53;15;11;2021
10;1017;53;2;2;2021
10;1011;53;28;39;2021
10;1011;53;11;18;2021
10;1011;53;13;11;2021
10;1011;53;21;17;2021
10;1011;53;44;23;2021
10;1011;53;44;40;2021
10;1011;42;33;26;2021
10;1011;42;27;33;2021
10;1011;53;34;29;2021
10;1011;53;37;30;2021
10;1011;42;22;22;2021
10;1011;42;13;13;2021
10;1011;53;14;17;2021
10;1011;53;12;8;2021
10;1011;53;7;4;2021
10;1011;42;9;9;2021
10;1011;42;8;5;2021
10;1011;42;7;7;2021
10;1011;53;17;8;2021
10;1011;53;17;7;2021
10;1011;42;11;8;2021
10;1011;53;13;5;2021
10;1011;53;18;4;2021
10;1011;53;34;29;2021
10;1011;42;30;37;2021
10;1011;53;36;27;2021
10;1015;62;70;26;2021
10;1015;62;57;17;2021
10;1015;53;34;131;2021
10;1015;53;29;101;2021
10;1015;53;77;114;2021
10;1015;53;72;108;2021
10;1015;53;104;68;2021
10;1015;53;61;54;2021
10;1007;21;24;14;2021
10;1007;21;14;12;2021
10;1007;21;14;14;2021
10;1007;21;6;9;2021
10;1007;21;6;11;2021
10;1007;21;4;14;2021
10;1007;21;13;4;2021
10;1007;21;5;6;2021
10;1007;21;7;6;2021
10;1007;21;1;5;2021
10;1010;43;114;6;2021
10;1010;71;44;7;2021
10;1010;44;19;1;2021
10;1010;53;13;8;2021
10;1010;51;36;3;2021
10;1010;43;1;0;2021
10;1010;51;25;0;2021
10;1010;43;7;0;2021
10;1010;44;18;3;2021
10;1010;53;11;8;2021
10;1010;53;21;2;2021
10;1010;71;19;3;2021
10;1010;71;14;10;2021
10;1010;51;16;0;2021
10;1010;51;13;2;2021
10;1010;44;6;2;2021
10;1010;81;16;1;2021
10;1010;43;18;0;2021
10;1010;43;18;2;2021
10;1010;81;12;1;2021
10;1010;81;4;1;2021
10;1010;51;15;1;2021
10;1010;51;15;0;2021
10;1010;71;10;2;2021
10;1010;71;8;3;2021
10;1010;43;19;0;2021
10;1010;43;8;0;2021
10;1010;44;18;2;2021
10;1010;44;7;3;2021
10;1010;31;15;0;2021
10;1010;31;15;1;2021
10;1010;81;17;1;2021
10;1010;81;12;2;2021
10;1010;51;15;0;2021
10;1010;31;11;3;2021
10;1010;43;20;3;2021
10;1010;43;22;2;2021
10;1010;43;33;0;2021
10;1009;34;12;2;2021
10;1009;53;16;33;2021
10;1009;31;10;4;2021
10;1009;31;6;4;2021
10;1009;31;5;1;2021
10;1009;42;12;6;2021
10;1009;82;29;13;2021
10;1009;53;11;51;2021
10;1009;53;19;11;2021
10;1009;53;15;16;2021
10;1009;53;3;7;2021
10;1009;53;13;1;2021
10;1009;82;16;11;2021
10;1009;82;10;3;2021
10;1009;81;36;16;2021
10;1009;81;31;6;2021
10;1009;82;21;19;2021
10;1009;82;16;5;2021
10;1009;53;8;21;2021
10;1009;53;0;21;2021
10;1009;53;16;37;2021
10;1009;53;19;13;2021
10;1009;82;22;20;2021
10;1009;82;27;11;2021
10;1009;53;5;49;2021
10;1009;53;15;43;2021
10;1009;42;30;18;2021
10;1009;42;24;11;2021
10;1009;53;16;10;2021
10;1009;53;15;4;2021
10;1009;53;12;17;2021
10;1009;53;20;11;2021
10;1009;82;25;17;2021
10;1009;82;13;6;2021
10;1016;83;120;225;2021
10;1016;83;83;123;2021
10;1016;83;2;0;2021
10;1016;83;6;10;2021
10;1016;83;79;99;2021
10;1016;83;12;18;2021
10;1016;83;17;4;2021
10;1016;83;18;10;2021
10;1016;83;13;5;2021
10;1016;83;19;14;2021
10;1016;83;12;13;2021
10;1016;83;14;15;2021
10;1016;83;11;34;2021
10;1016;83;6;21;2021
10;1016;83;25;29;2021
10;1016;83;26;15;2021
10;1016;83;21;16;2021
10;1016;83;12;13;2021
10;1008;21;3;3;2021
10;1008;21;15;6;2021
10;1008;21;5;0;2021
10;1008;21;3;1;2021
10;1008;21;3;0;2021
10;1008;21;6;1;2021
10;1008;21;5;1;2021
10;1008;21;16;6;2021
10;1008;21;32;9;2021
10;1008;21;14;9;2021
10;1008;21;42;9;2021
10;1008;21;37;1;2021
10;1008;21;6;2;2021
10;1008;21;74;16;2021
10;1008;21;4;4;2021
10;1008;21;10;9;2021
10;1008;21;4;3;2021
10;1008;21;9;2;2021
10;1008;21;5;1;2021
10;1008;21;6;0;2021
10;1008;21;10;1;2021
10;1008;21;4;1;2021
10;1008;21;27;2;2021
10;1008;21;26;3;2021
10;1008;21;15;2;2021
10;1008;21;23;5;2021
10;1008;21;8;2;2021
10;1008;21;12;4;2021
10;1008;21;5;0;2021
10;1008;21;3;4;2021
10;1008;21;10;2;2021
10;1008;21;16;2;2021
10;1008;21;24;1;2021
10;1008;21;8;3;2021
10;1008;21;10;4;2021
10;1008;21;5;2;2021
10;1008;21;11;5;2021
10;1008;21;45;5;2021
10;1008;21;20;1;2021
10;1008;21;10;1;2021
10;1008;21;29;3;2021
10;1008;21;9;3;2021
10;1008;21;14;0;2021
10;1008;21;20;2;2021
10;1008;21;8;2;2021
10;1008;21;11;14;2021
10;1008;21;47;18;2021
10;1008;21;54;7;2021
10;1008;21;73;7;2021
10;1008;21;12;1;2021
10;1008;21;21;15;2021
10;1008;21;75;17;2021
10;1012;42;178;222;2021
10;1012;42;85;72;2021
10;1012;42;25;26;2021
10;1012;42;48;44;2021
10;1012;42;28;36;2021
10;1012;42;29;34;2021
10;1012;42;25;22;2021
10;1012;42;37;16;2021
10;1012;42;12;17;2021
10;1012;42;5;3;2021
10;1012;42;9;9;2021
10;1012;42;5;2;2021
10;1012;42;9;6;2021
10;1012;42;8;4;2021
10;1012;42;8;8;2021
10;1012;42;19;8;2021
10;1012;42;16;7;2021
10;1012;42;13;6;2021
10;1012;42;17;8;2021
10;1012;42;7;3;2021
10;1012;42;20;12;2021
10;1013;71;54;45;2021
10;1013;71;45;43;2021
10;1013;71;12;2;2021
10;1013;71;54;54;2021
10;1014;42;126;65;2021
10;1014;31;207;111;2021
10;1014;34;69;36;2021
10;1014;31;75;41;2021
10;1014;34;30;4;2021
10;1014;31;49;19;2021
10;1014;42;22;11;2021
10;1014;42;24;11;2021
10;1014;42;17;3;2021
10;1014;42;30;0;2021
10;1014;31;22;15;2021
10;1014;31;40;6;2021
10;1014;31;10;0;2021
10;1014;31;15;4;2021
10;1014;31;31;10;2021
10;1014;31;14;5;2021
10;1014;31;28;7;2021
10;1014;34;20;4;2021
10;1014;34;29;8;2021
10;1014;34;8;2;2021
10;1014;34;26;9;2021
10;1014;34;7;2;2021
10;1014;31;84;29;2021
10;1014;31;73;18;2021
10;1014;31;54;10;2021
10;1014;31;42;10;2021
10;1003;22;109;26;2021
10;1003;34;99;32;2021
10;1003;22;45;20;2021
10;1003;34;144;25;2021
10;1003;22;162;63;2021
10;1003;22;17;2;2021
10;1003;22;55;12;2021
10;1003;22;9;2;2021
10;1003;22;24;8;2021
10;1003;22;51;18;2021
10;1003;34;18;1;2021
10;1003;22;12;3;2021
10;1003;22;37;17;2021
10;1003;34;20;0;2021
10;1003;34;66;6;2021
10;1003;22;56;9;2021
10;1003;22;9;2;2021
10;1003;22;4;0;2021
10;1003;22;34;15;2021
10;1003;22;11;0;2021
10;1003;34;59;17;2021
10;1003;22;15;2;2021
10;1003;22;4;1;2021
10;1003;34;2;2;2021
10;1003;22;10;0;2021
10;1003;22;66;7;2021
10;1003;22;12;3;2021
10;1003;22;19;7;2021
10;1003;22;62;17;2021
10;1003;34;6;4;2021
10;1003;22;36;7;2021
10;1003;22;38;12;2021
10;1003;22;20;4;2021
10;1003;22;20;14;2021
10;1003;34;37;15;2021
10;1003;22;19;5;2021
10;1003;22;19;6;2021
10;1003;34;87;13;2021
10;1003;22;2;1;2021
10;1003;22;25;4;2021
10;1003;22;33;16;2021
10;1003;34;10;3;2021
10;1003;22;36;5;2021
10;1003;22;17;0;2021
10;1003;22;8;6;2021
10;1003;34;29;3;2021
10;1003;22;13;4;2021
10;1003;22;11;10;2021
10;1003;22;28;9;2021
10;1003;34;75;10;2021
10;1003;22;11;0;2021
10;1003;22;4;9;2021
10;1003;34;1;2;2021
10;1003;22;3;1;2021
10;1003;22;8;5;2021
10;1003;34;3;6;2021
10;1003;22;7;0;2021
10;1003;22;18;6;2021
10;1003;22;8;4;2021
10;1003;34;0;1;2021
10;1003;22;4;3;2021
10;1003;22;6;0;2021
10;1003;34;2;3;2021
10;1003;22;2;1;2021
10;1003;22;16;3;2021
10;1003;22;4;6;2021
10;1003;34;1;0;2021
10;1003;22;10;9;2021
10;1003;22;11;1;2021
10;1003;34;3;6;2021
10;1003;22;4;1;2021
10;1003;22;9;2;2021
10;1003;22;1;0;2021
10;1003;34;1;1;2021
10;1003;22;7;1;2021
10;1003;22;4;2;2021
10;1003;34;1;4;2021
10;1003;22;0;2;2021
10;1003;22;3;2;2021
10;1003;22;1;1;2021
10;1003;22;2;0;2021
10;1003;34;0;1;2021
10;1003;34;64;12;2021
10;1003;22;15;14;2021
10;1003;22;21;2;2021
10;1003;22;73;24;2021
10;1003;22;17;0;2021
10;1003;34;62;9;2021
10;1003;22;19;3;2021
10;1003;22;44;14;2021
10;1003;22;13;3;2021
10;1003;22;38;3;2021
10;1003;34;12;3;2021
10;1003;34;10;6;2021
10;1003;22;19;3;2021
10;1003;22;30;0;2021
10;1003;22;17;3;2021
10;1004;32;483;136;2021
10;1004;32;298;78;2021
10;1004;32;109;33;2021
10;1004;32;56;21;2021
10;1004;32;24;1;2021
10;1004;31;5;3;2021
10;1004;32;21;3;2021
10;1004;32;12;0;2021
10;1004;32;12;4;2021
10;1004;32;7;3;2021
10;1004;32;63;16;2021
10;1004;32;24;12;2021
10;1004;32;24;8;2021
10;1004;31;14;2;2021
10;1004;32;43;14;2021
10;1004;32;14;7;2021
10;1004;32;19;3;2021
10;1004;32;14;7;2021
10;1004;32;66;21;2021
10;1004;32;44;9;2021
10;1004;32;35;5;2021
10;1004;31;11;3;2021
10;1004;32;37;24;2021
10;1004;32;18;1;2021
10;1004;32;20;6;2021
10;1004;32;14;6;2021
10;1004;32;29;21;2021
10;1004;32;26;34;2021
10;1004;32;27;21;2021
10;1004;32;5;3;2021
10;1004;32;20;16;2021
10;1004;32;24;13;2021
10;1004;32;23;13;2021
10;1004;32;3;3;2021
10;1004;32;9;3;2021
10;1004;32;2;0;2021
10;1002;34;12;5;2021
10;1002;42;31;30;2021
10;1002;34;34;3;2021
10;1002;31;23;7;2021
10;1002;31;42;15;2021
10;1002;31;18;5;2021
10;1002;31;56;8;2021
10;1002;34;58;12;2021
10;1002;31;31;14;2021
10;1002;31;63;20;2021
10;1002;34;55;19;2021
10;1002;31;23;8;2021
10;1002;31;49;21;2021
10;1002;42;79;90;2021
10;1002;42;48;30;2021
10;1002;34;181;74;2021
10;1002;34;149;43;2021
10;1002;31;78;16;2021
10;1002;34;37;29;2021
10;1002;34;41;31;2021
10;1002;34;32;18;2021
10;1002;34;20;5;2021
10;1002;34;19;4;2021
10;1002;42;13;3;2021
10;1002;42;16;4;2021
10;1002;42;30;2;2021
10;1002;42;17;5;2021
10;1002;42;13;6;2021
10;1002;31;0;0;2021
10;1002;31;0;1;2021
10;1002;31;5;0;2021
10;1002;31;5;1;2021
10;1002;31;2;0;2021
10;1002;31;5;1;2021
10;1002;31;3;3;2021
10;1002;31;2;3;2021
10;1002;31;6;0;2021
10;1002;31;4;2;2021
10;1002;31;18;48;2021
10;1002;31;4;31;2021
10;1002;31;10;18;2021
10;1002;31;8;7;2021
10;1002;31;22;5;2021
10;1002;31;24;11;2021
10;1002;31;16;12;2021
10;1002;31;29;19;2021
10;1002;31;31;10;2021
10;1002;31;18;4;2021
10;1002;31;7;4;2021
10;1002;31;6;4;2021
10;1002;31;11;1;2021
10;1002;31;4;0;2021
10;1002;31;5;4;2021
10;1002;31;12;23;2021
10;1002;31;10;10;2021
10;1002;31;11;3;2021
10;1002;31;9;0;2021
10;1002;31;4;0;2021
10;1002;31;312;166;2021
10;1002;31;180;65;2021
10;1002;31;7;0;2021
10;1002;31;3;4;2021
10;1002;31;18;11;2021
10;1002;42;11;6;2021
10;1002;42;6;5;2021
10;1002;31;20;4;2021
10;1002;31;17;2;2021
10;1002;31;15;6;2021
10;1002;31;13;1;2021
10;1002;31;25;6;2021
10;1002;31;14;10;2021
10;1002;34;26;7;2021
10;1002;34;23;6;2021
10;1002;42;24;7;2021
10;1002;42;18;9;2021
10;1002;31;15;5;2021
10;1002;31;9;3;2021
10;1002;31;24;4;2021
10;1002;31;11;1;2021
10;1002;34;30;2;2021
10;1002;34;21;3;2021
10;1002;31;32;6;2021
10;1002;31;9;0;2021
10;1002;42;4;3;2021
10;1002;42;11;3;2021
10;1002;34;16;5;2021
10;1002;34;10;4;2021
10;1002;34;18;3;2021
10;1002;34;22;3;2021
10;1002;31;51;24;2021
10;1002;31;60;18;2021
10;1001;44;35;5;2021
10;1001;42;16;9;2021
10;1001;44;12;10;2021
10;1001;44;17;10;2021
10;1001;41;16;17;2021
10;1001;44;16;2;2021
10;1001;43;40;2;2021
10;1001;43;11;0;2021
10;1001;43;17;1;2021
10;1001;53;36;54;2021
10;1001;53;30;31;2021
10;1001;53;83;47;2021
10;1001;53;59;39;2021
10;1001;62;54;14;2021
10;1001;62;57;18;2021
10;1001;44;18;4;2021
10;1001;44;21;0;2021
10;1001;41;10;1;2021
10;1001;42;21;9;2021
10;1001;51;4;4;2021
10;1001;43;22;3;2021
10;1001;53;14;11;2021
10;1001;44;13;3;2021
10;1001;44;15;2;2021
10;1001;43;29;4;2021
10;1001;43;33;1;2021
10;1001;44;34;7;2021
10;1001;44;47;9;2021
10;1001;53;14;35;2021
10;1001;53;14;36;2021
10;1001;42;37;40;2021
10;1001;42;25;11;2021
10;1001;41;10;4;2021
10;1001;41;12;7;2021
10;1001;41;18;10;2021
10;1001;41;23;6;2021
10;1001;44;8;2;2021
10;1001;44;6;1;2021
10;1001;44;21;4;2021
10;1001;44;18;4;2021
10;1001;44;10;9;2021
10;1001;44;8;2;2021
10;1001;44;4;0;2021
10;1001;44;7;1;2021
10;1001;42;45;72;2021
10;1001;42;28;27;2021
10;1001;44;22;9;2021
10;1001;44;30;5;2021
10;1001;43;30;1;2021
10;1001;43;27;2;2021
10;1001;43;14;1;2021
10;1001;43;8;3;2021
10;1001;43;13;4;2021
10;1001;43;25;6;2021
10;1001;53;10;0;2021
10;1001;51;6;15;2021
10;1001;44;19;0;2021
10;1001;44;10;2;2021
10;1001;41;11;5;2021
10;1001;41;10;4;2021
10;1001;44;4;9;2021
10;1001;44;13;3;2021
10;1001;42;11;1;2021
10;1001;42;12;4;2021
10;1001;44;11;1;2021
10;1001;44;6;0;2021
10;1001;42;4;3;2021
10;1001;42;13;1;2021
10;1001;44;9;3;2021
10;1001;44;16;10;2021
10;1001;44;19;8;2021
10;1001;44;5;4;2021
10;1001;44;8;2;2021
10;1001;44;7;3;2021
10;1001;44;14;5;2021
10;1001;44;3;3;2021
10;1001;44;22;4;2021
10;1001;44;10;6;2021
10;1001;44;7;1;2021
10;1001;44;9;0;2021
10;1001;41;11;3;2021
10;1001;41;4;1;2021
10;1001;41;5;2;2021
10;1001;43;8;0;2021
10;1001;51;22;3;2021
10;1001;51;16;2;2021
10;1001;53;9;9;2021
10;1001;53;16;9;2021
10;1001;51;8;8;2021
10;1001;43;29;4;2021
10;1001;43;21;1;2021
10;1001;44;26;2;2021
10;1001;44;16;1;2021
10;1001;44;9;3;2021
10;1001;53;9;10;2021
10;1005;71;189;101;2021
10;1005;71;169;114;2021
10;1005;71;166;121;2021
10;1005;71;168;91;2021
10;1005;71;151;105;2021
10;1005;71;173;92;2021
10;1005;71;18;10;2021
10;1005;71;14;2;2021
10;1005;71;16;4;2021
10;1005;71;18;2;2021
10;1005;71;8;5;2021
10;1005;71;23;13;2021
10;1005;71;12;13;2021
10;1005;71;20;3;2021
10;1005;71;17;3;2021
10;1005;71;25;4;2021
10;1005;71;13;2;2021
10;1005;71;10;3;2021
10;1005;71;10;4;2021
10;1005;71;25;1;2021
10;1005;71;7;3;2021
10;1005;71;1;1;2021
10;1005;71;6;1;2021
10;1005;71;22;5;2021
7;704;31;208;96;2021
7;704;34;67;34;2021
7;704;31;224;78;2021
7;704;34;50;15;2021
7;704;31;43;14;2021
7;704;31;81;17;2021
7;704;31;56;18;2021
7;704;31;6;2;2021
7;704;31;46;16;2021
7;704;31;22;12;2021
7;704;31;13;13;2021
7;704;31;24;6;2021
7;704;31;22;6;2021
7;704;31;26;6;2021
7;704;31;17;5;2021
7;704;31;22;12;2021
7;704;31;6;4;2021
7;704;31;8;5;2021
7;704;31;26;5;2021
7;704;31;23;12;2021
7;704;31;25;7;2021
7;704;31;23;7;2021
7;704;31;22;13;2021
7;704;31;22;5;2021
7;704;31;23;4;2021
7;704;31;36;7;2021
7;704;31;9;8;2021
7;704;31;12;3;2021
7;704;31;8;2;2021
7;704;31;6;3;2021
7;715;44;30;6;2021
7;715;41;20;6;2021
7;715;41;7;4;2021
7;715;41;16;10;2021
7;715;44;10;1;2021
7;715;44;11;3;2021
7;715;44;43;5;2021
7;715;44;37;1;2021
7;715;44;20;1;2021
7;715;44;42;23;2021
7;715;44;12;8;2021
7;715;53;22;22;2021
7;715;42;25;25;2021
7;715;53;53;108;2021
7;715;53;13;11;2021
7;715;53;20;18;2021
7;715;53;15;30;2021
7;715;42;33;45;2021
7;715;42;33;36;2021
7;715;42;20;32;2021
7;715;53;59;37;2021
7;715;53;50;48;2021
7;715;53;65;17;2021
7;715;53;50;10;2021
7;715;41;8;4;2021
7;715;41;3;5;2021
7;715;44;20;1;2021
7;715;44;11;2;2021
7;715;44;6;0;2021
7;715;53;8;6;2021
7;715;53;7;7;2021
7;715;53;10;6;2021
7;715;53;5;2;2021
7;715;53;13;12;2021
7;715;53;16;5;2021
7;715;41;4;4;2021
7;715;44;3;3;2021
7;715;41;4;2;2021
7;715;44;11;1;2021
7;715;41;8;6;2021
7;715;44;6;2;2021
7;715;41;11;4;2021
7;715;41;8;0;2021
7;715;44;3;0;2021
7;715;44;1;1;2021
7;716;71;13;2;2021
7;716;71;18;1;2021
7;716;71;19;4;2021
7;716;71;25;3;2021
7;716;71;36;1;2021
7;716;71;29;4;2021
7;716;71;35;5;2021
7;716;71;32;5;2021
7;716;71;36;3;2021
7;716;72;30;2;2021
7;716;72;38;0;2021
7;716;72;33;0;2021
7;716;71;21;1;2021
7;716;71;24;1;2021
7;714;53;40;28;2021
7;714;53;35;28;2021
7;714;53;33;24;2021
7;714;42;23;25;2021
7;714;42;20;28;2021
7;714;42;19;15;2021
7;714;53;14;15;2021
7;714;53;13;14;2021
7;714;53;11;10;2021
7;714;53;13;12;2021
7;714;53;11;13;2021
7;714;53;16;8;2021
7;714;53;20;18;2021
7;714;53;20;28;2021
7;714;53;14;27;2021
7;714;53;2;8;2021
7;714;53;3;4;2021
7;714;53;3;0;2021
7;714;53;6;0;2021
7;714;53;0;0;2021
7;714;53;5;5;2021
7;714;53;3;3;2021
7;714;53;6;2;2021
7;714;53;6;0;2021
7;714;53;2;0;2021
7;714;53;11;13;2021
7;714;53;4;9;2021
7;714;53;10;14;2021
7;714;53;5;7;2021
7;707;31;232;143;2021
7;707;31;33;12;2021
7;707;31;44;29;2021
7;707;31;70;13;2021
7;707;34;44;20;2021
7;707;31;51;12;2021
7;707;31;28;4;2021
7;707;31;27;1;2021
7;707;31;28;4;2021
7;707;31;26;5;2021
7;707;31;29;10;2021
7;707;31;19;0;2021
7;707;34;22;9;2021
7;707;34;20;2;2021
7;707;31;124;55;2021
7;707;31;72;53;2021
7;707;34;116;54;2021
7;706;21;20;26;2021
7;706;21;4;17;2021
7;706;21;6;14;2021
7;706;21;17;4;2021
7;706;21;4;6;2021
7;706;21;6;6;2021
7;706;21;4;5;2021
7;706;21;1;2;2021
7;706;21;5;2;2021
7;706;21;17;9;2021
7;706;21;4;4;2021
7;706;21;3;8;2021
7;706;21;9;9;2021
7;706;21;14;10;2021
7;710;31;310;195;2021
7;710;34;68;32;2021
7;710;42;65;59;2021
7;710;31;205;95;2021
7;710;34;55;27;2021
7;710;31;96;25;2021
7;710;42;65;40;2021
7;710;42;52;22;2021
7;710;31;25;14;2021
7;710;31;17;12;2021
7;710;31;19;7;2021
7;710;31;45;14;2021
7;710;34;20;1;2021
7;710;34;19;4;2021
7;710;31;34;13;2021
7;710;31;4;7;2021
7;710;31;13;6;2021
7;710;31;37;14;2021
7;710;42;1;0;2021
7;710;31;3;4;2021
7;710;31;3;1;2021
7;710;31;0;1;2021
7;710;31;6;3;2021
7;710;31;12;2;2021
7;710;31;15;2;2021
7;710;31;13;4;2021
7;710;31;32;4;2021
7;710;31;27;5;2021
7;710;31;20;10;2021
7;710;31;6;4;2021
7;710;31;16;3;2021
7;710;31;23;7;2021
7;710;31;24;14;2021
7;710;31;26;5;2021
7;710;42;10;3;2021
7;710;42;7;0;2021
7;710;31;18;9;2021
7;710;31;8;4;2021
7;710;31;14;6;2021
7;710;31;13;6;2021
7;710;31;12;4;2021
7;710;31;19;0;2021
7;710;31;18;11;2021
7;709;42;34;31;2021
7;709;42;33;18;2021
7;709;42;6;18;2021
7;709;53;31;89;2021
7;709;53;48;96;2021
7;709;53;14;32;2021
7;709;52;46;71;2021
7;709;52;29;31;2021
7;709;52;12;17;2021
7;709;52;21;29;2021
7;709;53;56;87;2021
7;709;53;22;38;2021
7;709;53;4;19;2021
7;709;53;15;15;2021
7;709;53;8;16;2021
7;709;53;10;17;2021
7;709;53;53;31;2021
7;709;53;22;9;2021
7;709;53;11;19;2021
7;709;53;17;72;2021
7;709;53;13;44;2021
7;709;53;6;23;2021
7;709;53;11;48;2021
7;709;42;59;71;2021
7;709;42;41;65;2021
7;709;42;21;38;2021
7;709;42;20;33;2021
7;709;42;25;38;2021
7;709;53;15;12;2021
7;709;53;12;12;2021
7;709;42;60;59;2021
7;709;42;53;56;2021
7;709;42;54;40;2021
7;709;53;11;12;2021
7;709;53;11;8;2021
7;709;53;4;21;2021
7;709;53;6;18;2021
7;709;53;7;11;2021
7;709;53;5;5;2021
7;709;53;7;7;2021
7;709;53;12;13;2021
7;709;53;4;5;2021
7;709;53;6;12;2021
7;709;42;11;13;2021
7;709;42;14;8;2021
7;709;42;0;0;2021
7;709;42;0;0;2021
7;709;53;7;2;2021
7;709;53;0;0;2021
7;709;81;0;0;2021
7;709;81;2;3;2021
7;713;62;21;2;2021
7;713;62;20;2;2021
7;713;62;27;1;2021
7;713;62;9;2;2021
7;713;62;6;1;2021
7;713;62;10;2;2021
7;713;62;9;1;2021
7;713;62;5;2;2021
7;713;62;10;1;2021
7;713;62;12;1;2021
7;713;62;22;7;2021
7;713;62;22;8;2021
7;713;62;6;2;2021
7;713;62;24;6;2021
7;713;62;10;5;2021
7;713;62;17;1;2021
7;713;62;3;3;2021
7;713;62;6;1;2021
7;713;62;5;0;2021
7;713;81;0;1;2021
7;713;62;1;1;2021
7;713;81;4;1;2021
7;713;62;0;3;2021
7;713;62;3;0;2021
7;713;62;1;0;2021
7;713;62;13;4;2021
7;713;62;12;0;2021
7;713;62;7;0;2021
7;713;62;7;12;2021
7;713;62;1;1;2021
7;713;62;4;0;2021
7;713;62;0;1;2021
7;713;62;1;0;2021
7;713;81;3;1;2021
7;713;81;1;0;2021
7;713;62;2;0;2021
7;713;62;2;2;2021
7;713;62;1;0;2021
7;713;62;3;0;2021
7;713;62;1;1;2021
7;713;62;11;0;2021
7;713;62;1;0;2021
7;713;62;2;1;2021
7;713;62;1;0;2021
7;713;62;2;1;2021
7;713;62;2;1;2021
7;713;62;4;0;2021
7;708;21;115;29;2021
7;708;21;55;28;2021
7;708;21;25;8;2021
7;708;21;73;14;2021
7;708;21;21;4;2021
7;708;21;12;2;2021
7;708;21;44;9;2021
7;708;21;17;8;2021
7;708;21;13;0;2021
7;708;21;9;6;2021
7;708;21;41;9;2021
7;708;21;10;5;2021
7;708;21;6;1;2021
7;708;21;16;0;2021
7;708;21;17;5;2021
7;708;21;7;4;2021
7;708;22;5;3;2021
7;708;22;14;0;2021
7;708;21;2;1;2021
7;708;21;9;1;2021
7;708;21;7;0;2021
7;708;21;8;0;2021
7;708;21;5;12;2021
7;708;21;112;21;2021
7;708;21;14;1;2021
7;708;21;4;2;2021
7;708;21;6;0;2021
7;708;21;4;0;2021
7;708;21;6;0;2021
7;708;21;15;5;2021
7;708;21;38;9;2021
7;708;21;12;4;2021
7;708;22;7;0;2021
7;708;21;12;0;2021
7;708;21;3;3;2021
7;708;21;6;0;2021
7;708;21;7;1;2021
7;708;21;6;1;2021
7;708;21;6;3;2021
7;708;21;20;5;2021
7;708;21;40;4;2021
7;708;21;20;8;2021
7;708;21;7;1;2021
7;708;21;49;16;2021
7;708;21;18;4;2021
7;708;21;13;1;2021
7;708;21;21;1;2021
7;708;22;13;1;2021
7;708;21;15;3;2021
7;708;21;25;5;2021
7;708;21;43;6;2021
7;708;21;8;0;2021
7;708;21;8;0;2021
7;711;42;50;50;2021
7;711;42;48;35;2021
7;711;42;31;22;2021
7;711;42;40;40;2021
7;711;42;44;37;2021
7;711;42;36;34;2021
7;711;42;67;40;2021
7;711;42;53;26;2021
7;711;53;41;30;2021
7;711;42;13;9;2021
7;711;42;15;5;2021
7;711;42;17;4;2021
7;711;42;7;5;2021
7;711;42;4;2;2021
7;711;42;15;7;2021
7;711;42;8;2;2021
7;711;42;8;10;2021
7;711;42;10;6;2021
7;711;42;15;7;2021
7;711;42;13;6;2021
7;711;42;48;7;2021
7;711;42;34;9;2021
7;711;42;42;11;2021
7;711;53;10;0;2021
7;705;82;58;38;2021
7;705;82;46;18;2021
7;705;82;56;37;2021
7;705;82;79;35;2021
7;705;82;47;13;2021
7;705;82;39;16;2021
7;705;82;13;12;2021
7;705;82;19;7;2021
7;705;82;19;7;2021
7;705;82;28;8;2021
7;705;82;21;8;2021
7;705;82;11;2;2021
7;705;82;9;6;2021
7;705;82;19;4;2021
7;705;82;12;3;2021
7;705;82;11;5;2021
7;705;82;10;7;2021
7;705;82;12;10;2021
7;705;82;27;8;2021
7;705;82;27;4;2021
7;705;82;22;9;2021
7;705;82;19;2;2021
7;705;82;9;7;2021
7;705;82;8;4;2021
7;712;71;58;58;2021
7;712;71;47;44;2021
7;712;71;48;45;2021
7;712;71;18;2;2021
7;702;34;65;20;2021
7;702;22;7;0;2021
7;702;22;3;3;2021
7;702;22;8;2;2021
7;702;22;0;2;2021
7;702;22;5;10;2021
7;702;22;5;3;2021
7;702;22;16;3;2021
7;702;22;9;3;2021
7;702;22;9;4;2021
7;702;22;2;1;2021
7;702;22;19;2;2021
7;702;22;4;5;2021
7;702;22;1;2;2021
7;702;22;0;0;2021
7;702;22;20;8;2021
7;702;22;17;5;2021
7;702;22;31;2;2021
7;702;22;15;0;2021
7;702;22;25;2;2021
7;702;22;10;5;2021
7;702;22;22;3;2021
7;702;22;11;3;2021
7;702;22;101;23;2021
7;702;22;229;99;2021
7;702;22;147;13;2021
7;702;22;70;26;2021
7;702;34;69;29;2021
7;702;22;6;1;2021
7;702;22;0;0;2021
7;702;33;16;5;2021
7;702;33;16;3;2021
7;702;22;21;14;2021
7;702;22;16;9;2021
7;702;22;7;4;2021
7;702;34;30;8;2021
7;702;22;6;3;2021
7;702;22;0;1;2021
7;702;22;2;2;2021
7;702;22;78;14;2021
7;702;22;131;38;2021
7;702;22;51;2;2021
7;702;22;74;6;2021
7;702;22;26;13;2021
7;702;22;12;8;2021
7;702;34;34;10;2021
7;702;34;18;10;2021
7;702;34;18;1;2021
7;702;34;11;5;2021
7;702;34;11;4;2021
7;702;22;66;18;2021
7;702;22;21;8;2021
7;702;22;3;2;2021
7;702;22;79;10;2021
7;702;22;152;50;2021
7;702;34;6;2;2021
7;702;22;13;5;2021
7;702;22;22;4;2021
7;702;22;2;1;2021
7;702;22;2;0;2021
7;703;32;612;169;2021
7;703;32;258;76;2021
7;703;32;97;49;2021
7;703;32;73;52;2021
7;703;32;299;70;2021
7;703;31;4;1;2021
7;703;32;16;4;2021
7;703;32;95;19;2021
7;703;32;43;11;2021
7;703;32;21;7;2021
7;703;34;18;6;2021
7;703;34;6;4;2021
7;703;32;45;13;2021
7;703;32;27;11;2021
7;703;32;78;18;2021
7;703;32;32;6;2021
7;703;32;105;28;2021
7;703;32;55;5;2021
7;703;32;11;9;2021
7;703;32;17;7;2021
7;703;32;2;1;2021
7;703;32;9;10;2021
7;703;32;13;12;2021
7;703;32;14;6;2021
7;703;32;16;12;2021
7;703;32;19;11;2021
7;703;34;4;7;2021
7;703;34;5;4;2021
7;703;34;2;11;2021
7;703;32;9;3;2021
7;703;32;5;0;2021
7;703;32;2;1;2021
7;703;32;0;3;2021
7;703;32;70;12;2021
7;703;32;25;7;2021
7;718;34;9;3;2021
7;718;34;13;7;2021
7;718;31;22;4;2021
7;718;34;14;4;2021
7;718;34;11;2;2021
7;718;34;21;9;2021
7;718;34;28;3;2021
7;718;31;31;8;2021
7;718;34;21;8;2021
7;718;31;28;8;2021
7;718;31;28;3;2021
7;718;34;15;5;2021
7;718;31;11;4;2021
7;718;34;21;7;2021
7;718;31;17;5;2021
7;718;31;20;8;2021
7;718;34;16;2;2021
7;718;34;12;3;2021
7;718;34;15;5;2021
7;718;34;14;10;2021
7;718;34;4;2;2021
7;718;34;9;0;2021
7;718;31;62;21;2021
7;718;31;77;25;2021
7;718;31;15;5;2021
7;718;31;32;16;2021
7;718;31;253;161;2021
7;718;31;122;34;2021
7;718;31;66;19;2021
7;718;34;54;5;2021
7;718;34;15;3;2021
7;718;34;7;4;2021
7;718;34;39;7;2021
7;718;34;292;111;2021
7;718;34;58;8;2021
7;718;34;160;38;2021
7;703;71;205;89;2021
7;703;71;186;86;2021
7;703;71;193;83;2021
7;703;71;156;71;2021
7;703;71;201;82;2021
7;703;71;176;64;2021
7;703;71;13;16;2021
7;703;71;19;6;2021
7;703;71;26;15;2021
7;703;71;8;6;2021
7;703;71;10;13;2021
7;703;71;14;8;2021
7;703;71;17;17;2021
7;703;71;31;7;2021
7;703;71;5;5;2021
7;703;71;22;3;2021
7;703;71;13;16;2021
7;703;71;23;7;2021
7;703;71;14;0;2021
7;703;71;13;1;2021
7;703;71;3;6;2021
7;703;71;4;1;2021
7;703;71;1;13;2021
7;703;71;24;11;2021
7;703;71;19;8;2021
7;703;71;25;10;2021
7;703;71;6;6;2021
7;703;71;14;0;2021
7;703;71;17;3;2021
7;703;71;71;26;2021
7;703;71;50;16;2021
7;703;71;37;10;2021
7;703;71;28;3;2021
7;703;71;23;9;2021
7;703;71;29;9;2021
7;703;71;10;4;2021
7;703;71;49;12;2021
7;703;71;33;5;2021
7;703;71;10;6;2021
7;703;71;18;14;2021
7;703;71;31;4;2021
7;703;71;9;15;2021
7;703;71;25;6;2021
7;703;71;39;8;2021
7;703;71;18;5;2021
7;703;71;33;12;2021
7;703;71;29;4;2021
7;703;71;19;9;2021
7;703;71;24;5;2021
7;703;71;24;6;2021
7;703;71;8;6;2021
7;703;71;46;15;2021
7;703;71;45;3;2021
7;703;71;20;4;2021
7;703;71;10;1;2021
7;703;71;10;1;2021
7;703;71;18;3;2021
7;703;71;11;2;2021
7;703;71;13;11;2021
7;703;71;6;37;2021
7;703;71;29;8;2021
7;703;71;20;10;2021
7;703;71;27;8;2021
7;703;71;17;8;2021
7;703;71;12;11;2021
7;704;31;0;1;2021
7;704;34;0;0;2021
7;704;31;14;13;2021
7;704;31;0;1;2021
7;715;41;0;0;2021
7;715;53;0;0;2021
7;715;53;0;0;2021
7;715;42;0;0;2021
7;715;53;0;0;2021
7;715;53;0;0;2021
7;715;41;0;1;2021
7;715;53;3;3;2021
7;715;42;4;2;2021
7;715;41;0;1;2021
7;715;44;0;0;2021
7;715;44;0;0;2021
7;715;42;1;1;2021
7;715;53;0;1;2021
7;715;53;0;1;2021
7;715;44;1;1;2021
7;715;44;1;0;2021
7;715;44;0;0;2021
7;715;44;1;1;2021
7;716;71;0;0;2021
7;716;72;0;0;2021
7;716;71;0;0;2021
7;716;71;0;0;2021
7;716;71;0;0;2021
7;716;72;0;0;2021
7;716;72;0;0;2021
7;716;71;0;0;2021
7;716;71;0;0;2021
7;716;71;0;0;2021
7;716;71;0;0;2021
7;716;71;0;0;2021
7;716;71;0;0;2021
7;714;53;0;0;2021
7;707;31;0;0;2021
7;707;31;0;0;2021
7;707;31;0;0;2021
7;707;31;1;1;2021
7;707;31;11;22;2021
7;706;21;0;0;2021
7;706;21;1;1;2021
7;706;21;1;0;2021
7;706;21;0;1;2021
7;706;21;0;0;2021
7;706;21;0;0;2021
7;710;31;0;0;2021
7;710;31;0;0;2021
7;710;31;0;0;2021
7;710;31;1;0;2021
7;710;42;5;1;2021
7;710;42;0;2;2021
7;710;34;0;3;2021
7;710;31;11;13;2021
7;710;31;4;1;2021
7;709;53;0;0;2021
7;709;53;0;0;2021
7;709;42;0;0;2021
7;709;42;0;0;2021
7;709;42;0;0;2021
7;709;42;0;0;2021
7;709;53;0;1;2021
7;709;42;1;1;2021
7;709;42;4;0;2021
7;709;53;1;0;2021
7;709;53;1;0;2021
7;709;53;1;1;2021
7;709;52;0;4;2021
7;709;53;1;6;2021
7;709;53;0;1;2021
7;709;42;0;3;2021
7;709;42;0;3;2021
7;709;53;0;2;2021
7;709;53;0;0;2021
7;709;53;0;0;2021
7;709;53;0;2;2021
7;709;53;0;0;2021
7;709;53;0;2;2021
7;709;52;0;1;2021
7;709;52;0;1;2021
7;709;53;0;8;2021
7;713;62;2;0;2021
7;708;21;0;0;2021
7;708;22;0;0;2021
7;708;21;3;0;2021
7;708;21;3;0;2021
7;708;21;1;0;2021
7;708;21;1;0;2021
7;708;21;0;0;2021
7;708;22;0;0;2021
7;711;42;0;0;2021
7;711;42;0;0;2021
7;711;42;0;0;2021
7;711;42;0;0;2021
7;711;42;2;3;2021
7;711;42;0;1;2021
7;711;42;0;5;2021
7;711;42;0;2;2021
7;705;82;0;2;2021
7;705;82;2;6;2021
7;705;82;1;2;2021
7;705;82;1;0;2021
7;712;71;1;1;2021
7;712;71;0;1;2021
7;702;22;1;0;2021
7;702;22;1;0;2021
7;702;22;6;4;2021
7;702;22;3;3;2021
7;702;22;10;4;2021
7;702;22;8;4;2021
7;702;22;10;2;2021
7;702;22;14;0;2021
7;702;22;0;0;2021
7;702;22;1;0;2021
7;702;34;1;0;2021
7;702;34;1;0;2021
7;702;34;2;0;2021
7;702;34;1;0;2021
7;703;32;10;10;2021
7;703;32;0;0;2021
7;703;32;3;3;2021
7;703;32;1;1;2021
7;703;32;89;40;2021
7;718;34;0;0;2021
7;718;34;0;1;2021
7;718;31;23;11;2021
7;718;34;37;19;2021
7;718;34;4;1;2021
7;703;71;0;1;2021
7;703;71;4;1;2021
4;404;42;0;1;2021
4;404;31;19;27;2021
4;404;31;30;36;2021
4;404;31;5;9;2021
4;424;62;0;0;2021
4;424;62;0;0;2021
4;424;62;0;0;2021
4;424;62;0;0;2021
4;422;52;0;0;2021
4;418;53;0;0;2021
4;418;53;0;0;2021
4;418;53;0;0;2021
4;418;53;0;0;2021
4;418;53;0;0;2021
4;418;53;0;0;2021
4;414;62;0;0;2021
4;414;62;0;0;2021
4;410;22;2;0;2021
4;410;22;5;0;2021
4;410;22;1;0;2021
4;410;22;2;1;2021
4;410;22;4;1;2021
4;410;22;9;0;2021
4;410;22;6;0;2021
4;410;22;2;3;2021
4;410;22;2;1;2021
4;410;22;5;1;2021
4;410;22;6;1;2021
4;410;22;5;2;2021
4;410;22;4;1;2021
4;410;22;9;6;2021
4;410;22;9;6;2021
4;411;22;1;3;2021
4;411;22;4;2;2021
4;411;22;1;1;2021
4;411;22;0;0;2021
4;411;22;6;1;2021
4;411;22;3;0;2021
4;411;22;1;0;2021
4;409;21;0;0;2021
4;409;21;0;0;2021
4;409;21;0;0;2021
4;409;21;0;0;2021
4;409;21;0;0;2021
4;409;21;0;0;2021
4;409;21;0;0;2021
4;409;21;0;0;2021
4;417;52;0;0;2021
4;417;52;0;1;2021
4;417;52;0;0;2021
4;417;52;0;0;2021
4;417;52;0;0;2021
4;417;52;0;0;2021
4;417;52;0;0;2021
4;417;52;0;0;2021
4;417;52;0;0;2021
4;417;52;0;0;2021
4;417;52;0;7;2021
4;417;52;0;1;2021
4;417;52;0;2;2021
4;417;52;0;1;2021
4;417;52;0;1;2021
4;408;72;0;0;2021
4;408;72;0;0;2021
4;408;72;0;0;2021
4;408;72;1;1;2021
4;408;32;3;0;2021
4;408;34;0;0;2021
4;408;72;4;0;2021
4;408;32;0;0;2021
4;408;32;7;0;2021
4;408;34;0;0;2021
4;408;34;4;2;2021
4;408;72;0;0;2021
4;408;72;1;0;2021
4;408;32;4;0;2021
4;408;32;0;0;2021
4;408;81;1;0;2021
4;408;72;0;0;2021
4;408;72;0;0;2021
4;408;72;0;0;2021
4;408;31;1;0;2021
4;408;31;0;0;2021
4;408;34;0;0;2021
4;408;34;0;0;2021
4;406;62;0;0;2021
4;406;51;5;0;2021
4;406;51;3;0;2021
4;406;62;5;1;2021
4;406;62;3;1;2021
4;406;62;7;5;2021
4;406;62;5;2;2021
4;406;62;9;1;2021
4;406;62;9;2;2021
4;406;62;7;0;2021
4;406;62;6;1;2021
4;406;34;0;0;2021
4;406;34;0;0;2021
4;406;34;0;0;2021
4;406;34;2;4;2021
4;406;34;5;1;2021
4;406;62;6;1;2021
4;406;62;6;1;2021
4;406;62;0;0;2021
4;406;62;1;1;2021
4;406;62;3;0;2021
4;406;62;0;0;2021
4;406;62;0;0;2021
4;406;62;3;1;2021
4;406;62;6;0;2021
4;406;43;5;0;2021
4;406;62;2;0;2021
4;406;51;3;1;2021
4;406;44;6;0;2021
4;406;62;5;2;2021
4;406;44;1;0;2021
4;403;34;16;11;2021
4;403;34;8;1;2021
4;403;31;3;0;2021
4;403;42;11;24;2021
4;403;42;2;1;2021
4;403;31;5;19;2021
4;403;31;3;0;2021
4;402;32;17;17;2021
4;402;32;5;14;2021
12;1209;53;0;0;2021
12;1209;53;0;0;2021
12;1209;53;0;0;2021
12;1209;53;0;0;2021
12;1206;22;0;0;2021
12;1206;22;0;0;2021
12;1206;11;0;0;2021
12;1205;22;0;0;2021
12;1205;22;0;0;2021
12;1205;22;0;0;2021
12;1205;34;0;0;2021
12;1205;22;3;2;2021
12;1205;22;2;0;2021
12;1205;22;1;0;2021
12;1205;22;4;0;2021
12;1205;22;2;1;2021
12;1205;22;2;0;2021
12;1205;34;8;1;2021
12;1205;34;4;4;2021
12;1203;53;1;1;2021
12;1203;53;1;0;2021
12;1203;42;0;0;2021
12;1203;53;0;0;2021
12;1203;42;0;0;2021
12;1207;11;0;2;2021
12;1207;11;0;0;2021
12;1207;11;1;1;2021
12;1208;31;1;0;2021
12;1208;31;0;0;2021
12;1208;34;0;0;2021
12;1208;34;1;0;2021
12;1208;31;5;3;2021
12;1208;31;2;4;2021
12;1208;42;0;0;2021
12;1208;42;2;0;2021
11;1109;51;0;0;2021
11;1114;42;4;6;2021
11;1114;42;1;0;2021
11;1114;31;17;14;2021
11;1114;31;0;1;2021
11;1114;34;14;5;2021
11;1114;34;2;0;2021
11;1107;32;25;4;2021
11;1107;32;6;3;2021
11;1106;52;0;1;2021
11;1106;53;0;1;2021
11;1106;53;0;1;2021
11;1106;53;0;3;2021
11;1106;53;3;0;2021
11;1106;53;0;3;2021
11;1108;22;0;0;2021
11;1108;22;0;0;2021
11;1108;22;0;0;2021
11;1108;11;0;0;2021
11;1108;11;0;0;2021
11;1108;83;0;0;2021
11;1108;22;1;1;2021
11;1108;22;0;0;2021
11;1108;22;1;0;2021
11;1108;22;1;0;2021
11;1108;22;1;1;2021
11;1108;22;1;1;2021
11;1108;22;2;0;2021
11;1105;22;6;0;2021
11;1105;22;1;1;2021
11;1105;22;1;0;2021
11;1105;22;9;5;2021
11;1105;22;5;2;2021
11;1105;22;2;4;2021
11;1105;22;7;1;2021
11;1105;22;2;0;2021
11;1104;21;1;0;2021
11;1104;21;0;0;2021
11;1104;11;0;0;2021
11;1103;21;0;0;2021
11;1103;21;0;0;2021
11;1103;21;0;0;2021
11;1103;21;0;0;2021
11;1103;21;0;0;2021
11;1103;21;0;0;2021
11;1103;21;0;0;2021
11;1103;21;0;0;2021
11;1103;21;1;0;2021
11;1103;21;0;0;2021
11;1103;21;0;0;2021
11;1111;42;1;0;2021
11;1111;42;1;1;2021
11;1111;42;2;1;2021
11;1110;42;0;0;2021
11;1110;42;1;2;2021
11;1110;42;0;2;2021
11;1110;53;1;0;2021
11;1110;42;0;1;2021
11;1110;42;0;0;2021
11;1110;42;0;0;2021
11;1110;42;0;1;2021
11;1113;71;0;0;2021
11;1113;71;0;0;2021
11;1113;71;0;0;2021
11;1113;44;0;0;2021
11;1101;44;0;1;2021
11;1101;44;7;2;2021
11;1101;41;1;0;2021
11;1101;41;5;3;2021
11;1101;44;2;0;2021
11;1101;44;2;3;2021
11;1101;42;5;7;2021
11;1101;42;0;0;2021
11;1101;42;3;3;2021
11;1101;43;3;0;2021
11;1101;43;5;0;2021
11;1101;43;5;2;2021
11;1101;43;1;2;2021
11;1101;43;0;1;2021
11;1101;43;2;2;2021
11;1101;53;0;6;2021
10;1006;31;5;6;2021
10;1006;31;0;1;2021
10;1006;34;1;1;2021
10;1006;31;1;0;2021
10;1018;42;3;1;2021
10;1018;31;0;0;2021
10;1018;31;3;8;2021
10;1018;31;1;1;2021
10;1018;34;1;2;2021
10;1018;34;4;0;2021
10;1018;31;1;0;2021
10;1019;71;0;0;2021
10;1019;71;0;1;2021
10;1019;71;0;0;2021
10;1019;71;1;0;2021
10;1019;71;0;1;2021
10;1019;71;0;0;2021
10;1019;71;0;0;2021
10;1017;53;0;0;2021
10;1017;53;0;0;2021
10;1017;53;0;0;2021
10;1017;53;0;0;2021
10;1011;53;0;1;2021
10;1015;62;0;0;2021
10;1015;62;0;0;2021
10;1015;53;0;0;2021
10;1015;53;0;0;2021
10;1015;53;0;0;2021
10;1015;53;0;0;2021
10;1015;53;0;0;2021
10;1015;53;0;0;2021
10;1007;21;0;0;2021
10;1007;21;0;1;2021
10;1010;51;1;0;2021
10;1010;71;2;1;2021
10;1010;43;1;0;2021
10;1010;44;1;0;2021
10;1009;42;0;2;2021
10;1009;53;2;0;2021
10;1008;21;2;1;2021
10;1008;21;1;0;2021
10;1008;21;0;2;2021
10;1008;21;0;2;2021
10;1012;42;3;8;2021
10;1012;42;2;2;2021
10;1013;71;0;1;2021
10;1013;71;0;3;2021
10;1014;31;11;8;2021
10;1014;31;2;0;2021
10;1014;42;0;5;2021
10;1014;42;1;0;2021
10;1014;34;0;0;2021
10;1014;34;0;2;2021
10;1014;31;3;0;2021
10;1003;22;0;0;2021
10;1003;22;1;0;2021
10;1003;22;5;4;2021
10;1003;22;1;1;2021
10;1003;22;1;0;2021
10;1003;22;1;1;2021
10;1003;34;0;0;2021
10;1003;34;7;3;2021
10;1003;22;14;11;2021
10;1003;22;7;5;2021
10;1003;22;2;1;2021
10;1003;22;0;0;2021
10;1003;22;2;0;2021
10;1003;22;1;0;2021
10;1003;22;8;1;2021
10;1003;22;0;0;2021
10;1003;34;1;0;2021
10;1004;32;0;0;2021
10;1004;32;0;0;2021
10;1004;32;0;0;2021
10;1004;32;0;0;2021
10;1004;32;1;0;2021
10;1004;32;0;1;2021
10;1004;32;1;0;2021
10;1004;32;3;0;2021
10;1004;32;1;1;2021
10;1004;32;0;0;2021
10;1004;31;1;0;2021
10;1004;32;1;1;2021
10;1004;32;1;0;2021
10;1004;32;0;0;2021
10;1004;32;21;7;2021
10;1002;34;0;0;2021
10;1002;42;0;0;2021
10;1002;31;0;0;2021
10;1002;31;0;0;2021
10;1002;31;0;0;2021
10;1002;31;0;0;2021
10;1002;31;0;0;2021
10;1002;31;0;0;2021
10;1002;34;12;5;2021
10;1002;34;2;2;2021
10;1002;42;1;1;2021
10;1002;31;1;1;2021
10;1002;31;14;19;2021
10;1002;31;5;2;2021
10;1005;71;4;0;2021
10;1005;71;2;0;2021
8;816;71;1;0;2021
8;816;71;1;0;2021
8;816;71;1;0;2021
8;814;53;0;0;2021
8;814;53;0;0;2021
8;814;53;0;0;2021
8;814;53;0;0;2021
8;814;53;0;0;2021
8;814;53;0;0;2021
8;807;21;0;0;2021
8;807;21;1;0;2021
8;811;43;0;0;2021
8;811;81;0;0;2021
8;811;43;3;1;2021
8;811;43;1;0;2021
8;811;43;1;0;2021
8;810;11;2;0;2021
8;809;51;0;1;2021
8;809;44;0;1;2021
8;809;53;0;3;2021
8;808;22;3;6;2021
8;808;22;0;0;2021
8;808;22;0;0;2021
8;808;22;2;0;2021
8;808;22;1;0;2021
8;808;22;0;0;2021
8;808;22;1;0;2021
8;808;22;1;0;2021
8;808;22;2;2;2021
8;808;22;0;0;2021
8;808;22;0;1;2021
8;808;22;0;0;2021
8;813;42;2;3;2021
8;813;42;1;1;2021
8;813;42;2;1;2021
8;813;42;2;1;2021
8;813;42;1;2;2021
8;813;42;2;0;2021
8;812;42;0;1;2021
8;812;42;0;1;2021
8;812;41;3;0;2021
8;812;41;0;4;2021
8;812;42;5;4;2021
8;812;53;8;7;2021
8;812;53;0;1;2021
8;812;53;0;0;2021
8;806;21;1;0;2021
8;806;21;0;0;2021
8;806;31;0;1;2021
8;804;71;0;0;2021
8;804;71;11;2;2021
8;804;71;0;0;2021
8;804;71;0;1;2021
8;804;71;16;2;2021
8;804;71;18;6;2021
8;804;51;0;0;2021
8;804;71;0;0;2021
8;802;31;1;2;2021
8;802;31;28;21;2021
8;802;31;2;2;2021
8;802;34;27;16;2021
8;802;34;10;2;2021
8;801;44;5;1;2021
8;801;44;2;2;2021
8;801;44;2;3;2021
8;801;44;0;0;2021
8;801;41;0;0;2021
8;801;41;3;7;2021
8;801;42;3;5;2021
8;801;53;1;7;2021
8;801;41;3;6;2021
8;801;41;3;6;2021
8;801;44;2;2;2021
8;801;44;1;0;2021
8;801;44;3;1;2021
8;801;42;2;0;2021
8;801;53;1;0;2021
8;805;71;2;1;2021
8;805;71;1;1;2021
8;805;71;1;4;2021
7;704;31;0;1;2021
7;704;34;0;0;2021
7;704;31;14;13;2021
7;704;31;0;1;2021
7;715;41;0;0;2021
7;715;53;0;0;2021
7;715;53;0;0;2021
7;715;42;0;0;2021
7;715;53;0;0;2021
7;715;53;0;0;2021
7;715;41;0;1;2021
7;715;53;3;3;2021
7;715;42;4;2;2021
7;715;41;0;1;2021
7;715;44;0;0;2021
7;715;44;0;0;2021
7;715;42;1;1;2021
7;715;53;0;1;2021
7;715;53;0;1;2021
7;715;44;1;1;2021
7;715;44;1;0;2021
7;715;44;0;0;2021
7;715;44;1;1;2021
7;716;71;0;0;2021
7;716;72;0;0;2021
7;716;71;0;0;2021
7;716;71;0;0;2021
7;716;71;0;0;2021
7;716;72;0;0;2021
7;716;72;0;0;2021
7;716;71;0;0;2021
7;716;71;0;0;2021
7;716;71;0;0;2021
7;716;71;0;0;2021
7;716;71;0;0;2021
7;716;71;0;0;2021
7;714;53;0;0;2021
7;707;31;0;0;2021
7;707;31;0;0;2021
7;707;31;0;0;2021
7;707;31;1;1;2021
7;707;31;11;22;2021
7;706;21;0;0;2021
7;706;21;1;1;2021
7;706;21;1;0;2021
7;706;21;0;1;2021
7;706;21;0;0;2021
7;706;21;0;0;2021
7;710;31;0;0;2021
7;710;31;0;0;2021
7;710;31;0;0;2021
7;710;31;1;0;2021
7;710;42;5;1;2021
7;710;42;0;2;2021
7;710;34;0;3;2021
7;710;31;11;13;2021
7;710;31;4;1;2021
7;709;53;0;0;2021
7;709;53;0;0;2021
7;709;42;0;0;2021
7;709;42;0;0;2021
7;709;42;0;0;2021
7;709;42;0;0;2021
7;709;53;0;1;2021
7;709;42;1;1;2021
7;709;42;4;0;2021
7;709;53;1;0;2021
7;709;53;1;0;2021
7;709;53;1;1;2021
7;709;52;0;4;2021
7;709;53;1;6;2021
7;709;53;0;1;2021
7;709;42;0;3;2021
7;709;42;0;3;2021
7;709;53;0;2;2021
7;709;53;0;0;2021
7;709;53;0;0;2021
7;709;53;0;2;2021
7;709;53;0;0;2021
7;709;53;0;2;2021
7;709;52;0;1;2021
7;709;52;0;1;2021
7;709;53;0;8;2021
7;713;62;2;0;2021
7;708;21;0;0;2021
7;708;22;0;0;2021
7;708;21;3;0;2021
7;708;21;3;0;2021
7;708;21;1;0;2021
7;708;21;1;0;2021
7;708;21;0;0;2021
7;708;22;0;0;2021
7;711;42;0;0;2021
7;711;42;0;0;2021
7;711;42;0;0;2021
7;711;42;0;0;2021
7;711;42;2;3;2021
7;711;42;0;1;2021
7;711;42;0;5;2021
7;711;42;0;2;2021
7;705;82;0;2;2021
7;705;82;2;6;2021
7;705;82;1;2;2021
7;705;82;1;0;2021
7;712;71;1;1;2021
7;712;71;0;1;2021
7;702;22;1;0;2021
7;702;22;1;0;2021
7;702;22;6;4;2021
7;702;22;3;3;2021
7;702;22;10;4;2021
7;702;22;8;4;2021
7;702;22;10;2;2021
7;702;22;14;0;2021
7;702;22;0;0;2021
7;702;22;1;0;2021
7;702;34;1;0;2021
7;702;34;1;0;2021
7;702;34;2;0;2021
7;702;34;1;0;2021
7;703;32;10;10;2021
7;703;32;0;0;2021
7;703;32;3;3;2021
7;703;32;1;1;2021
7;703;32;89;40;2021
7;718;34;0;0;2021
7;718;34;0;1;2021
7;718;31;23;11;2021
7;718;34;37;19;2021
7;718;34;4;1;2021
7;703;71;0;1;2021
7;703;71;4;1;2021
3;303;32;0;1;2021
3;303;32;2;3;2021
3;303;32;1;1;2021
3;303;32;11;5;2021
3;303;32;1;1;2021
3;303;32;2;1;2021
3;303;32;1;0;2021
3;303;32;1;0;2021
3;303;32;1;0;2021
3;303;32;3;0;2021
3;303;32;1;0;2021
3;303;32;0;1;2021
3;303;32;2;1;2021
3;303;32;1;0;2021
3;303;32;1;1;2021
3;303;32;1;0;2021
3;303;32;1;0;2021
3;303;32;83;32;2021
3;303;32;61;47;2021
3;301;42;0;0;2021
3;301;44;0;0;2021
3;301;44;0;0;2021
3;301;44;0;0;2021
3;301;41;0;0;2021
3;301;43;0;0;2021
3;301;44;0;0;2021
3;301;44;0;0;2021
3;301;43;0;0;2021
3;301;53;0;0;2021
3;301;44;0;0;2021
3;301;44;0;0;2021
3;301;43;0;0;2021
3;301;81;0;0;2021
3;301;41;2;3;2021
3;301;41;9;5;2021
3;301;42;5;10;2021
3;301;41;5;4;2021
3;301;44;4;3;2021
3;301;44;4;3;2021
3;301;44;1;0;2021
3;301;44;2;2;2021
3;301;44;3;3;2021
3;301;44;2;1;2021
3;301;41;0;1;2021
3;301;44;1;1;2021
3;301;43;5;0;2021
3;301;43;3;1;2021
3;301;53;1;2;2021
3;301;44;1;1;2021
3;301;53;0;0;2021
3;301;43;3;1;2021
3;301;43;1;0;2021
3;301;41;14;19;2021
3;301;41;1;2;2021
3;301;44;0;0;2021
3;301;44;0;0;2021
3;301;44;4;1;2021
3;301;44;0;1;2021
3;301;44;0;0;2021
3;301;44;0;0;2021
3;301;43;0;0;2021
3;301;43;0;0;2021
3;301;44;0;0;2021
3;301;44;0;0;2021
3;301;44;0;0;2021
3;301;44;0;1;2021
3;301;44;0;0;2021
3;301;42;5;5;2021
3;301;42;0;0;2021
3;301;42;0;0;2021
3;301;53;0;0;2021
3;301;53;1;4;2021
3;302;42;2;7;2021
3;302;42;10;8;2021
3;302;31;2;1;2021
3;302;34;33;38;2021
3;302;34;27;10;2021
3;302;31;8;19;2021
3;302;31;14;14;2021
3;304;71;15;4;2021
3;304;71;28;10;2021
2;210;22;0;0;2021
2;210;22;0;0;2021
2;210;34;0;0;2021
2;210;34;0;0;2021
2;210;22;0;0;2021
2;210;22;0;0;2021
2;215;31;0;0;2021
2;203;21;0;0;2021
2;203;21;1;0;2021
2;203;21;0;3;2021
2;203;21;0;0;2021
2;203;21;0;0;2021
2;208;21;0;0;2021
2;207;22;0;0;2021
2;207;52;0;0;2021
2;207;22;0;0;2021
2;206;22;3;0;2021
2;206;11;2;0;2021
2;205;21;0;0;2021
2;205;21;0;0;2021
2;204;21;0;0;2021
2;202;83;0;0;2021
2;202;22;0;0;2021
2;202;22;0;0;2021
2;202;22;0;0;2021
2;202;22;8;0;2021
2;201;34;0;0;2021
2;201;34;0;0;2021
2;201;34;0;0;2021
2;201;22;0;0;2021
2;201;52;0;0;2021
2;201;52;0;0;2021
2;201;22;0;0;2021
2;201;22;0;0;2021
2;201;22;0;0;2021
2;201;34;0;0;2021
2;201;22;0;0;2021
2;201;22;0;0;2021
2;201;22;0;0;2021
2;201;22;0;0;2021
2;201;22;0;0;2021
2;201;22;0;0;2021
2;201;22;0;0;2021
2;201;22;0;0;2021
2;201;22;0;0;2021
2;201;22;0;0;2021
2;201;34;0;0;2021
2;201;34;0;0;2021
2;201;22;0;0;2021
2;201;34;0;0;2021
2;201;34;0;0;2021
2;201;11;0;0;2021
2;201;11;0;0;2021
2;201;22;0;0;2021
2;201;22;0;0;2021
2;201;34;0;0;2021
2;201;34;0;0;2021
2;201;22;0;0;2021
2;201;22;0;0;2021
2;201;34;0;0;2021
2;201;34;0;0;2021
2;201;22;0;0;2021
2;201;34;0;0;2021
2;201;34;0;0;2021
2;201;34;0;0;2021
2;201;34;0;0;2021
2;201;34;0;0;2021
2;201;34;0;0;2021
2;201;34;0;0;2021
2;201;34;0;0;2021
2;201;34;0;0;2021
2;201;52;0;0;2021
2;201;52;0;0;2021
2;201;22;0;0;2021
2;201;22;0;0;2021
2;201;22;0;0;2021
2;201;22;0;0;2021
2;201;22;0;0;2021
2;201;22;0;0;2021
2;201;22;0;0;2021
2;201;22;0;0;2021
2;201;22;0;0;2021
2;201;22;0;0;2021
2;201;22;0;0;2021
2;201;22;0;0;2021
2;201;22;0;0;2021
2;201;22;0;0;2021
2;201;34;0;0;2021
2;201;34;0;0;2021
2;201;34;0;0;2021
2;201;34;0;0;2021
2;201;34;0;0;2021
2;201;34;0;0;2021
2;201;34;0;0;2021
2;201;34;0;0;2021
2;201;34;0;0;2021
2;201;34;0;0;2021
2;201;52;0;0;2021
13;1323;42;0;1;2021
13;1323;31;1;0;2021
13;1323;52;0;1;2021
13;1323;53;1;0;2021
13;1323;42;0;1;2021
13;1323;52;0;2;2021
13;1324;53;0;1;2021
13;1324;53;2;11;2021
13;1301;42;2;7;2021
13;1301;31;0;1;2021
13;1301;31;0;0;2021
13;1301;42;0;2;2021
13;1301;82;0;0;2021
13;1301;42;0;0;2021
13;1301;31;0;0;2021
13;1301;42;0;0;2021
13;1306;53;0;1;2021
13;1306;42;1;2;2021
13;1306;42;0;1;2021
13;1306;53;0;1;2021
13;1307;53;0;1;2021
13;1307;53;0;0;2021
13;1307;31;1;0;2021
13;1307;53;0;0;2021
13;1307;31;0;1;2021
13;1307;31;0;0;2021
13;1307;31;0;0;2021
13;1308;31;1;2;2021
13;1308;42;1;1;2021
13;1308;53;1;2;2021
13;1308;53;3;3;2021
13;1308;31;2;0;2021
13;1308;53;1;0;2021
13;1308;53;0;0;2021
13;1308;42;0;1;2021
13;1309;53;0;1;2021
13;1309;42;0;0;2021
13;1309;53;0;1;2021
13;1309;31;1;1;2021
13;1309;42;0;0;2021
13;1309;53;0;0;2021
13;1309;53;0;0;2021
13;1309;53;0;0;2021
13;1309;31;2;0;2021
13;1309;53;0;0;2021
13;1309;53;0;0;2021
13;1309;42;0;1;2021
13;1310;52;2;5;2021
13;1310;42;5;8;2021
13;1310;53;0;14;2021
13;1310;53;0;5;2021
13;1310;31;3;4;2021
13;1310;31;3;5;2021
13;1310;31;1;2;2021
13;1310;52;0;3;2021
13;1310;52;0;1;2021
13;1310;31;0;0;2021
13;1310;42;0;0;2021
13;1310;53;0;0;2021
13;1310;53;0;1;2021
13;1310;53;0;0;2021
13;1310;52;0;0;2021
13;1314;51;2;1;2021
13;1314;53;2;0;2021
13;1314;53;0;4;2021
13;1314;42;0;5;2021
13;1314;51;0;0;2021
13;1314;53;0;0;2021
13;1314;42;0;0;2021
13;1314;53;0;0;2021
13;1314;53;0;0;2021
13;1314;42;0;0;2021
13;1311;51;1;1;2021
13;1311;42;0;0;2021
13;1311;31;1;1;2021
13;1311;31;1;0;2021
13;1311;51;1;0;2021
13;1311;42;0;1;2021
13;1315;52;0;0;2021
13;1315;42;3;0;2021
13;1315;53;0;7;2021
13;1315;31;1;2;2021
13;1315;31;1;1;2021
13;1315;42;0;1;2021
13;1315;42;1;0;2021
13;1315;53;0;1;2021
13;1315;53;0;1;2021
13;1315;52;0;1;2021
13;1315;52;0;1;2021
13;1313;42;2;2;2021
13;1313;53;2;9;2021
13;1313;53;1;3;2021
13;1313;31;1;1;2021
13;1313;51;0;0;2021
13;1313;31;0;0;2021
13;1313;42;0;0;2021
13;1313;42;0;1;2021
13;1313;42;0;0;2021
13;1313;42;0;0;2021
13;1313;53;0;1;2021
13;1313;53;0;3;2021
13;1313;53;0;0;2021
13;1313;53;0;0;2021
13;1313;53;0;0;2021
13;1313;53;0;2;2021
13;1313;53;0;0;2021
13;1313;42;0;0;2021
13;1313;42;0;0;2021
13;1313;42;0;0;2021
13;1313;42;0;0;2021
13;1313;53;0;0;2021
13;1313;53;0;0;2021
13;1313;53;0;0;2021
13;1313;53;0;0;2021
13;1313;53;0;0;2021
13;1313;53;0;0;2021
13;1313;53;0;0;2021
13;1313;31;0;0;2021
13;1320;52;0;0;2021
13;1320;42;0;1;2021
13;1320;53;1;2;2021
13;1320;53;0;0;2021
13;1320;31;1;2;2021
13;1320;31;0;0;2021
13;1320;31;0;0;2021
13;1320;31;0;0;2021
13;1320;42;0;0;2021
13;1320;42;0;0;2021
13;1320;42;0;0;2021
13;1320;53;0;0;2021
13;1320;53;0;0;2021
13;1320;53;0;0;2021
13;1320;53;0;0;2021
13;1320;52;0;0;2021
13;1320;52;0;0;2021
13;1320;31;0;0;2021
13;1320;31;0;0;2021
13;1320;42;0;0;2021
13;1320;42;0;0;2021
13;1320;53;0;0;2021
13;1320;53;0;0;2021
13;1320;53;0;0;2021
13;1320;52;0;0;2021
13;1320;52;0;0;2021
13;1322;53;0;0;2021
13;1322;42;0;0;2021
13;1322;52;0;1;2021
13;1322;53;0;0;2021
13;1322;53;0;1;2021
13;1322;53;0;0;2021
13;1322;53;0;0;2021
13;1322;53;0;0;2021
13;1322;52;0;1;2021
13;1322;42;0;0;2021
13;1322;52;0;0;2021
13;1321;34;0;0;2021
13;1321;42;3;3;2021
13;1321;53;1;2;2021
13;1321;31;2;6;2021
13;1321;53;4;6;2021
13;1321;31;0;0;2021
13;1321;31;0;0;2021
13;1321;53;1;1;2021
13;1321;34;0;1;2021
13;1321;31;0;0;2021
13;1321;42;0;0;2021
13;1321;53;0;0;2021
13;1321;53;0;1;2021
13;1321;53;0;0;2021
13;1321;42;0;1;2021
13;1321;53;0;0;2021
13;1321;53;1;1;2021
13;1321;31;0;0;2021
13;1321;42;0;0;2021
13;1321;53;0;0;2021
13;1321;53;0;0;2021
13;1321;42;0;0;2021
13;1321;53;0;0;2021
13;1321;53;0;0;2021
13;1325;42;0;4;2021
13;1325;53;0;1;2021
13;1325;51;0;1;2021
13;1325;53;0;0;2021
13;1325;51;0;0;2021
13;1325;42;0;0;2021
13;1325;42;0;4;2021
13;1325;53;0;0;2021
13;1325;42;0;0;2021
13;1317;42;0;0;2021
13;1317;53;0;0;2021
13;1317;53;0;0;2021
13;1317;31;0;0;2021
13;1317;53;0;0;2021
13;1317;31;0;0;2021
13;1317;42;0;0;2021
13;1317;53;0;0;2021
13;1317;31;0;0;2021
13;1318;53;0;2;2021
13;1318;51;1;0;2021
13;1319;52;0;0;2021
13;1319;42;0;0;2021
13;1319;53;0;0;2021
13;1319;53;0;0;2021
13;1319;31;0;0;2021
13;1319;31;0;0;2021
13;1319;42;0;0;2021
13;1319;52;0;0;2021
13;1319;52;0;0;2021
13;1319;53;0;0;2021
13;1319;53;0;0;2021
13;1319;53;0;0;2021
13;1319;53;0;0;2021
13;1319;42;0;0;2021
13;1319;53;0;0;2021
13;1319;42;0;0;2021
13;1319;52;0;0;2021
13;1319;52;0;0;2021
13;1319;53;0;0;2021
13;1319;53;0;0;2021
13;1319;53;0;0;2021
13;1319;53;0;0;2021
13;1319;31;0;0;2021
6;608;43;0;0;2021
6;608;62;0;0;2021
6;608;62;1;0;2021
6;608;62;0;0;2021
6;608;43;2;0;2021
6;608;43;0;0;2021
6;608;43;0;0;2021
6;607;22;2;0;2021
6;607;22;0;1;2021
6;607;22;4;5;2021
6;607;22;3;0;2021
6;607;11;1;0;2021
6;611;83;15;26;2021
6;611;83;1;5;2021
6;606;22;2;0;2021
6;606;22;0;1;2021
6;606;22;2;1;2021
6;606;34;0;0;2021
6;606;11;0;0;2021
6;606;22;3;1;2021
6;606;22;0;0;2021
6;606;22;2;0;2021
6;606;34;0;1;2021
6;606;11;0;0;2021
6;605;22;0;1;2021
6;609;42;0;1;2021
6;609;42;0;1;2021
6;609;42;0;0;2021
6;609;42;0;0;2021
6;609;42;5;12;2021
6;609;42;0;6;2021
6;609;42;0;1;2021
6;610;71;0;2;2021
6;610;71;0;1;2021
6;601;32;0;1;2021
6;601;34;0;1;2021
6;601;42;0;1;2021
6;601;42;1;5;2021
6;601;42;0;1;2021
6;601;32;8;5;2021
6;601;32;20;8;2021
6;601;34;0;1;2021
6;601;34;1;0;2021
6;601;31;6;9;2021
6;601;31;1;1;2021
5;502;33;2;0;2021
5;502;33;1;0;2021
5;502;33;1;0;2021
5;511;31;1;0;2021
5;511;34;0;1;2021
5;511;34;2;0;2021
5;511;31;27;30;2021
5;511;31;5;5;2021
5;511;34;10;8;2021
5;511;34;9;5;2021
5;510;42;0;0;2021
5;506;31;1;0;2021
5;506;31;1;0;2021
5;506;31;27;11;2021
5;506;31;2;0;2021
5;506;31;3;2;2021
5;508;33;1;1;2021
5;508;33;2;0;2021
5;508;33;3;0;2021
5;507;83;2;0;2021
5;507;83;1;0;2021
5;505;42;2;8;2021
5;505;42;2;3;2021
11;1102;53;45;103;2021
11;1102;53;9;7;2021
11;1102;53;12;12;2021
11;1102;53;7;22;2021
11;1102;53;15;14;2021
11;1102;53;18;11;2021
11;1102;53;20;19;2021
11;1102;53;42;57;2021
11;1102;53;9;9;2021
11;1102;53;13;6;2021
11;1102;53;10;7;2021
11;1102;53;12;16;2021
11;1102;53;13;11;2021
11;1102;53;9;7;2021
11;1102;53;9;15;2021
11;1102;53;13;12;2021
11;1102;53;7;9;2021
11;1102;53;13;6;2021
11;1102;53;13;6;2021
11;1102;53;7;10;2021
11;1102;53;12;5;2021
11;1102;53;7;8;2021
11;1102;53;9;2;2021
13;1318;51;64;4;2021
13;1318;51;7;7;2021
13;1318;51;28;7;2021
13;1318;51;9;6;2021
13;1318;31;13;5;2021
13;1318;31;24;4;2021
13;1318;53;6;11;2021
13;1318;53;8;13;2021
13;1318;31;9;4;2021
13;1318;53;3;17;2021
13;1318;51;53;2;2021
13;1318;53;8;16;2021
13;1318;51;11;3;2021
13;1318;51;36;2;2021
13;1318;51;9;3;2021
13;1318;31;26;2;2021
13;1318;31;21;8;2021
5;505;42;62;76;2021
5;505;42;32;62;2021
5;505;42;67;74;2021
5;505;42;60;89;2021
5;505;42;35;51;2021
5;505;42;67;85;2021
5;505;42;35;24;2021
5;505;42;43;9;2021
5;505;42;29;19;2021
5;505;42;24;12;2021
5;505;42;12;6;2021
5;505;33;33;29;2021
5;505;33;32;18;2021
5;505;21;12;33;2021
5;505;21;0;4;2021
5;505;21;1;9;2021
5;505;21;2;7;2021
5;505;21;3;6;2021
5;505;21;8;15;2021
5;505;21;9;7;2021
5;505;21;2;3;2021
5;505;21;3;7;2021
5;505;21;5;5;2021
5;505;21;5;4;2021
5;505;21;10;7;2021
5;505;21;11;8;2021
5;505;42;5;14;2021
5;505;42;3;7;2021
5;505;42;8;16;2021
5;505;42;8;6;2021
5;505;42;23;25;2021
1;102;22;79;24;2022
1;102;22;19;6;2022
1;102;22;10;14;2022
1;102;22;12;11;2022
1;102;22;16;10;2022
1;102;22;12;12;2022
1;102;22;12;6;2022
1;102;22;4;12;2022
1;102;22;12;5;2022
1;102;22;9;1;2022
1;102;22;6;5;2022
1;102;22;8;7;2022
1;102;22;7;14;2022
1;102;22;7;4;2022
1;102;22;6;7;2022
1;102;22;6;9;2022
1;102;22;20;11;2022
1;102;22;5;9;2022
1;102;22;10;10;2022
1;102;22;2;12;2022
1;102;22;7;1;2022
1;102;22;7;1;2022
1;101;22;15;12;2022
1;101;22;4;10;2022
1;101;22;14;9;2022
1;101;22;12;16;2022
1;101;22;15;12;2022
1;101;22;18;8;2022
1;101;22;8;6;2022
1;101;22;14;6;2022
1;101;22;20;12;2022
1;101;22;23;7;2022
1;101;22;13;2;2022
1;101;22;7;9;2022
1;101;22;170;59;2022
1;101;22;21;3;2022
1;101;22;10;1;2022
1;101;22;13;9;2022
1;101;22;18;20;2022
1;101;22;14;10;2022
1;101;22;17;4;2022
1;101;22;18;4;2022
1;101;22;12;1;2022
1;101;22;10;2;2022
1;101;22;23;9;2022
1;101;22;11;4;2022
1;101;22;26;10;2022
1;101;22;30;3;2022
1;101;22;30;3;2022
1;101;22;23;72;2022
1;101;22;34;65;2022
1;101;22;41;111;2022
1;101;22;45;105;2022
1;101;22;6;4;2022
1;101;22;8;10;2022
1;101;22;19;0;2022
1;101;22;8;0;2022
1;101;11;27;5;2022
1;101;11;17;5;2022
1;101;31;15;4;2022
1;101;31;20;3;2022
1;101;22;34;70;2022
1;103;22;99;17;2022
1;103;22;16;12;2022
1;103;22;24;5;2022
1;103;22;14;10;2022
1;103;22;19;7;2022
1;103;22;21;8;2022
2;213;31;33;4;2022
2;213;31;31;8;2022
2;213;34;10;5;2022
2;213;31;12;8;2022
2;213;31;15;6;2022
2;213;34;9;9;2022
2;213;34;26;9;2022
2;213;34;20;5;2022
2;213;34;24;12;2022
2;213;31;18;1;2022
2;213;31;13;2;2022
2;213;42;8;17;2022
2;213;34;25;5;2022
2;213;31;6;1;2022
2;213;34;16;4;2022
2;213;34;3;0;2022
2;213;31;15;2;2022
2;213;34;16;4;2022
2;213;31;5;1;2022
2;213;31;6;4;2022
2;213;31;18;6;2022
2;213;34;7;0;2022
2;213;31;12;1;2022
2;213;31;16;8;2022
2;213;42;19;8;2022
2;213;42;15;8;2022
2;213;42;15;7;2022
2;213;42;9;7;2022
2;213;34;331;174;2022
2;213;31;260;129;2022
2;213;42;56;101;2022
2;213;34;157;50;2022
2;213;31;102;34;2022
2;213;42;97;78;2022
2;213;31;27;10;2022
2;213;42;32;37;2022
2;213;31;26;16;2022
2;213;31;26;12;2022
2;213;31;23;13;2022
2;213;31;15;7;2022
2;213;31;66;16;2022
2;213;34;20;1;2022
2;213;34;18;5;2022
2;213;34;44;13;2022
2;213;34;14;11;2022
2;213;34;4;0;2022
2;213;34;9;3;2022
2;213;34;11;4;2022
2;213;34;6;4;2022
2;213;34;4;1;2022
2;213;31;4;2;2022
2;213;31;6;2;2022
2;213;31;4;3;2022
2;213;31;9;1;2022
2;213;31;4;2;2022
2;213;34;16;4;2022
2;212;42;22;18;2022
2;212;53;36;22;2022
2;212;52;25;17;2022
2;212;53;23;30;2022
2;212;42;23;22;2022
2;212;41;12;4;2022
2;212;53;24;10;2022
2;212;53;33;22;2022
2;212;53;17;35;2022
2;212;42;19;14;2022
2;212;41;15;4;2022
2;212;53;20;8;2022
2;212;53;29;22;2022
2;212;52;26;17;2022
2;212;53;17;31;2022
2;212;44;9;8;2022
2;212;53;36;55;2022
2;212;53;17;33;2022
2;212;42;16;17;2022
2;212;41;10;9;2022
2;212;53;31;9;2022
2;212;44;4;2;2022
2;212;52;15;16;2022
2;212;53;8;3;2022
2;212;53;4;1;2022
2;212;53;5;0;2022
2;212;53;4;11;2022
2;212;53;4;6;2022
2;212;53;3;3;2022
2;212;53;11;16;2022
2;212;53;9;16;2022
2;212;53;3;3;2022
2;210;22;45;4;2022
2;210;22;40;2;2022
2;210;22;31;5;2022
2;210;22;19;9;2022
2;210;22;25;5;2022
2;210;34;29;5;2022
2;210;22;26;7;2022
2;210;22;15;0;2022
2;210;22;25;2;2022
2;210;22;22;3;2022
2;210;22;10;2;2022
2;210;34;22;2;2022
2;209;53;179;147;2022
2;209;53;148;66;2022
2;209;53;83;113;2022
2;209;53;119;44;2022
2;215;31;365;274;2022
2;215;31;225;104;2022
2;215;31;120;66;2022
2;215;31;88;28;2022
2;215;31;7;4;2022
2;215;31;40;17;2022
2;215;31;21;13;2022
2;215;31;23;16;2022
2;203;21;21;38;2022
2;203;21;16;12;2022
2;203;21;8;12;2022
2;203;21;15;14;2022
2;203;21;7;11;2022
2;203;21;17;11;2022
2;203;21;6;23;2022
2;203;21;6;12;2022
2;203;21;6;17;2022
2;203;21;12;8;2022
2;203;21;2;4;2022
2;203;21;15;13;2022
2;203;21;6;8;2022
2;203;21;8;10;2022
2;211;42;94;109;2022
2;211;31;395;220;2022
2;211;34;83;71;2022
2;211;34;43;10;2022
2;211;31;217;88;2022
2;211;42;87;77;2022
2;211;31;43;13;2022
2;211;31;48;21;2022
2;211;31;23;15;2022
2;211;31;54;32;2022
2;211;31;27;6;2022
2;211;31;118;45;2022
2;211;42;91;59;2022
2;211;31;50;12;2022
2;211;31;42;6;2022
2;211;31;16;7;2022
2;211;31;12;4;2022
2;211;31;31;4;2022
2;211;31;28;1;2022
2;211;31;25;7;2022
2;211;31;17;7;2022
2;211;42;17;8;2022
2;211;42;9;6;2022
2;211;42;12;14;2022
2;211;42;9;6;2022
2;211;34;25;1;2022
2;211;34;18;3;2022
2;211;31;24;8;2022
2;211;31;14;6;2022
2;211;31;19;5;2022
2;211;31;8;4;2022
2;211;31;12;7;2022
2;211;31;13;1;2022
2;211;42;15;2;2022
2;211;31;7;1;2022
2;211;31;32;7;2022
2;211;31;22;6;2022
2;211;31;24;4;2022
2;211;31;26;6;2022
2;211;31;20;7;2022
2;211;42;14;12;2022
2;211;31;25;9;2022
2;211;31;22;7;2022
2;211;31;15;9;2022
2;211;31;29;12;2022
2;211;34;25;12;2022
2;211;34;21;4;2022
2;211;31;17;4;2022
2;211;31;29;5;2022
2;211;31;17;4;2022
2;211;31;20;6;2022
2;211;31;13;3;2022
2;211;42;24;7;2022
2;211;42;21;5;2022
2;211;42;15;4;2022
2;211;42;12;3;2022
2;211;42;15;2;2022
2;211;34;38;7;2022
2;211;42;20;18;2022
2;208;21;60;22;2022
2;208;83;5;3;2022
2;208;83;7;9;2022
2;208;21;32;10;2022
2;208;83;22;5;2022
2;208;21;62;9;2022
2;208;11;22;15;2022
2;208;83;16;7;2022
2;208;11;28;6;2022
2;208;11;27;6;2022
2;208;83;22;9;2022
2;208;11;26;4;2022
2;208;83;7;2;2022
2;208;83;1;0;2022
2;207;22;136;69;2022
2;207;22;51;24;2022
2;207;22;53;20;2022
2;207;22;19;4;2022
2;207;22;4;0;2022
2;206;11;184;21;2022
2;206;11;112;12;2022
2;206;11;216;22;2022
2;205;21;16;17;2022
2;205;21;12;19;2022
2;205;21;3;4;2022
2;205;21;12;11;2022
2;205;21;5;2;2022
2;205;21;6;2;2022
2;205;21;12;7;2022
2;205;21;11;7;2022
2;205;21;2;9;2022
2;205;21;1;3;2022
2;205;21;3;1;2022
2;205;21;7;4;2022
2;205;21;0;0;2022
2;205;21;12;7;2022
2;205;21;11;7;2022
2;204;21;8;3;2022
2;204;21;6;2;2022
2;204;21;34;3;2022
2;204;21;18;4;2022
2;204;21;23;3;2022
2;204;21;10;1;2022
2;204;21;4;0;2022
2;204;21;11;2;2022
2;204;21;7;5;2022
2;204;21;7;1;2022
2;204;21;8;0;2022
2;204;21;16;1;2022
2;204;21;19;0;2022
2;204;21;11;1;2022
2;204;21;1;0;2022
2;204;21;15;1;2022
2;204;21;4;0;2022
2;204;21;11;2;2022
2;204;21;7;1;2022
2;204;21;26;9;2022
2;204;21;15;3;2022
2;204;21;23;1;2022
2;204;21;9;3;2022
2;204;21;22;5;2022
2;204;21;10;3;2022
2;204;21;77;11;2022
2;204;21;8;3;2022
2;204;21;7;5;2022
2;204;21;91;14;2022
2;204;21;80;35;2022
2;204;21;98;46;2022
2;204;21;45;32;2022
2;204;21;36;25;2022
2;204;21;48;3;2022
2;204;21;22;11;2022
2;204;21;28;3;2022
2;204;21;24;4;2022
2;204;21;14;0;2022
2;204;21;8;1;2022
2;204;21;4;0;2022
2;204;21;15;3;2022
2;204;21;13;3;2022
2;204;21;14;2;2022
2;204;21;10;3;2022
2;204;21;14;2;2022
2;202;22;81;12;2022
2;202;22;8;1;2022
2;202;22;13;0;2022
2;202;22;5;1;2022
2;202;22;12;0;2022
2;202;22;14;2;2022
2;202;22;7;0;2022
2;202;22;5;0;2022
2;202;22;10;0;2022
2;202;22;3;0;2022
2;202;83;14;3;2022
2;202;22;9;1;2022
2;202;22;9;3;2022
2;202;83;27;3;2022
2;214;22;2;8;2022
2;214;22;3;4;2022
2;214;34;2;3;2022
2;214;22;6;1;2022
2;214;22;7;0;2022
2;214;22;13;2;2022
2;214;22;8;2;2022
2;214;22;6;1;2022
2;214;22;4;1;2022
2;214;22;8;1;2022
2;214;22;23;2;2022
2;214;34;5;0;2022
2;214;22;8;2;2022
2;214;22;4;2;2022
2;214;22;20;2;2022
2;214;22;21;1;2022
2;214;41;2;4;2022
2;214;44;9;0;2022
2;214;41;10;4;2022
2;214;44;8;2;2022
2;201;34;8;1;2022
2;201;22;95;73;2022
2;201;22;41;14;2022
2;201;22;27;15;2022
2;201;52;89;48;2022
2;201;52;34;4;2022
2;201;52;17;5;2022
2;201;34;69;52;2022
2;201;34;16;10;2022
2;201;34;26;5;2022
2;201;34;227;43;2022
2;201;34;0;1;2022
2;201;22;12;6;2022
2;201;34;13;6;2022
2;201;34;14;2;2022
2;201;22;94;20;2022
2;201;22;15;9;2022
2;201;22;71;39;2022
2;201;22;76;8;2022
2;201;22;24;0;2022
2;201;22;42;20;2022
2;201;22;27;11;2022
2;201;22;8;1;2022
2;201;22;26;23;2022
2;201;22;12;8;2022
2;201;22;4;1;2022
2;201;22;8;1;2022
2;201;22;21;8;2022
2;201;22;18;5;2022
2;201;22;20;4;2022
2;201;34;5;1;2022
2;201;22;11;6;2022
2;201;34;92;39;2022
2;201;34;23;8;2022
2;201;34;33;18;2022
2;201;34;34;4;2022
2;201;34;13;6;2022
2;201;34;17;5;2022
2;201;22;33;7;2022
2;201;11;43;7;2022
2;201;11;33;7;2022
2;201;34;89;48;2022
2;201;22;11;2;2022
2;201;22;14;11;2022
2;201;34;63;20;2022
2;201;34;24;5;2022
2;201;34;22;13;2022
2;201;34;18;7;2022
2;201;22;107;45;2022
2;201;34;19;3;2022
2;201;34;18;0;2022
2;201;34;23;1;2022
2;201;34;20;0;2022
2;201;34;17;3;2022
2;201;34;9;2;2022
2;201;22;23;11;2022
2;201;34;25;3;2022
2;201;34;11;1;2022
2;201;22;27;11;2022
2;201;22;269;91;2022
2;201;22;124;32;2022
2;201;22;101;26;2022
2;201;22;216;65;2022
2;201;22;67;22;2022
2;201;22;87;22;2022
2;201;22;246;55;2022
2;201;22;44;0;2022
2;201;22;54;6;2022
2;201;34;29;4;2022
2;201;34;70;3;2022
2;201;34;165;18;2022
2;201;34;87;20;2022
2;201;34;61;6;2022
2;201;34;23;3;2022
2;201;34;17;4;2022
2;201;34;18;4;2022
2;201;34;16;6;2022
2;201;22;16;13;2022
2;201;22;8;13;2022
2;201;22;3;6;2022
2;201;22;3;4;2022
2;201;22;3;9;2022
2;201;34;2;2;2022
2;201;34;2;1;2022
2;201;34;4;2;2022
2;201;34;1;1;2022
2;201;22;17;2;2022
2;201;22;2;1;2022
2;201;22;7;0;2022
2;201;22;3;0;2022
2;201;34;0;7;2022
2;201;34;3;5;2022
2;201;34;4;8;2022
2;201;34;2;1;2022
2;201;34;1;1;2022
2;201;22;18;14;2022
2;201;22;18;13;2022
2;201;22;12;14;2022
2;201;22;6;5;2022
2;201;22;7;2;2022
2;201;22;3;6;2022
2;201;22;1;7;2022
2;201;22;4;5;2022
2;201;22;0;2;2022
2;201;34;1;3;2022
2;201;34;6;5;2022
2;201;34;1;5;2022
2;201;34;0;3;2022
2;201;34;1;2;2022
2;201;11;2;0;2022
2;201;11;9;25;2022
2;201;11;7;9;2022
2;201;11;0;4;2022
2;201;11;1;1;2022
2;201;34;15;13;2022
2;201;34;23;5;2022
2;201;34;15;13;2022
2;201;34;3;1;2022
2;201;34;10;6;2022
2;201;22;2;0;2022
2;201;22;2;0;2022
3;312;71;24;5;2022
3;312;71;37;0;2022
3;312;71;20;7;2022
3;312;71;31;7;2022
3;312;71;15;3;2022
3;312;71;35;2;2022
3;312;71;37;1;2022
3;312;71;37;5;2022
3;312;72;41;2;2022
3;312;71;20;4;2022
3;312;71;4;5;2022
3;312;71;22;0;2022
3;312;71;23;4;2022
3;312;71;12;3;2022
3;312;71;28;2;2022
3;312;71;28;0;2022
3;312;71;25;1;2022
3;312;71;31;0;2022
3;312;71;30;1;2022
3;312;72;39;0;2022
3;312;71;24;3;2022
3;312;71;3;8;2022
3;312;71;28;0;2022
3;312;71;26;1;2022
3;312;71;21;2;2022
3;312;71;16;2;2022
3;312;71;19;2;2022
3;312;71;30;2;2022
3;312;71;29;1;2022
3;312;71;25;0;2022
3;312;71;23;2;2022
3;312;71;29;0;2022
3;312;71;24;2;2022
3;312;72;38;0;2022
3;312;71;24;6;2022
3;312;71;12;7;2022
3;311;52;24;27;2022
3;311;53;29;32;2022
3;311;53;7;5;2022
3;311;53;36;25;2022
3;311;53;21;39;2022
3;311;42;19;30;2022
3;311;53;9;14;2022
3;311;53;4;14;2022
3;311;53;20;32;2022
3;311;52;28;26;2022
3;311;53;33;25;2022
3;311;53;9;5;2022
3;311;53;34;23;2022
3;311;53;19;31;2022
3;311;42;26;24;2022
3;311;53;10;10;2022
3;311;53;9;15;2022
3;311;53;21;23;2022
3;311;52;35;26;2022
3;311;53;27;28;2022
3;311;53;3;4;2022
3;311;53;25;31;2022
3;311;53;21;34;2022
3;311;42;22;22;2022
3;311;53;7;12;2022
3;311;53;11;14;2022
3;311;53;27;15;2022
3;311;53;8;3;2022
3;311;52;6;4;2022
3;311;42;21;18;2022
3;311;53;18;9;2022
3;311;41;10;5;2022
3;311;42;17;10;2022
3;311;53;13;21;2022
3;311;53;5;11;2022
3;311;42;21;10;2022
3;311;53;9;7;2022
3;311;53;11;7;2022
3;311;31;8;11;2022
3;311;31;5;13;2022
3;311;41;13;11;2022
3;311;53;3;4;2022
3;311;53;15;5;2022
3;311;41;3;5;2022
3;311;42;14;12;2022
3;311;53;6;8;2022
3;311;53;5;5;2022
3;311;53;4;5;2022
3;311;53;4;4;2022
3;311;53;4;1;2022
3;311;52;8;8;2022
3;311;52;1;0;2022
3;311;52;3;7;2022
3;311;52;2;1;2022
3;311;52;3;1;2022
3;311;53;2;1;2022
3;311;53;1;0;2022
3;311;53;5;2;2022
3;311;53;2;2;2022
3;311;53;1;0;2022
3;311;53;3;2;2022
3;311;53;3;0;2022
3;311;53;2;0;2022
3;311;53;2;1;2022
3;311;53;3;0;2022
3;311;53;2;5;2022
3;311;53;2;8;2022
3;311;53;2;6;2022
3;311;53;1;0;2022
3;311;53;2;3;2022
3;311;41;3;1;2022
3;311;41;1;6;2022
3;311;41;3;2;2022
3;311;41;6;1;2022
3;311;41;3;1;2022
3;311;53;4;1;2022
3;311;53;0;2;2022
3;311;53;3;0;2022
3;311;53;1;0;2022
3;311;53;7;1;2022
3;311;53;5;3;2022
3;311;53;5;3;2022
3;311;53;2;0;2022
3;311;53;6;5;2022
3;310;53;54;154;2022
3;310;53;79;69;2022
3;310;53;60;27;2022
3;310;53;59;124;2022
3;310;53;56;63;2022
3;310;53;76;25;2022
3;307;71;71;20;2022
3;307;71;10;2;2022
3;307;71;22;1;2022
3;307;71;23;1;2022
3;307;71;13;2;2022
3;307;71;9;2;2022
3;307;71;16;1;2022
3;307;71;18;0;2022
3;307;71;8;1;2022
3;307;71;47;4;2022
3;307;71;20;1;2022
3;307;71;13;5;2022
3;307;71;15;2;2022
3;307;71;21;1;2022
3;307;71;19;2;2022
3;307;71;11;0;2022
3;307;62;49;14;2022
3;307;62;37;3;2022
3;307;43;27;6;2022
3;307;43;10;2;2022
3;307;43;18;6;2022
3;307;43;18;8;2022
3;307;71;69;5;2022
3;307;71;22;7;2022
3;307;71;19;3;2022
3;307;53;22;9;2022
3;307;71;26;1;2022
3;307;71;14;2;2022
3;307;71;5;1;2022
3;307;44;7;0;2022
3;307;71;5;3;2022
3;307;71;7;1;2022
3;307;53;10;2;2022
3;307;53;10;1;2022
3;307;43;5;3;2022
3;307;43;5;1;2022
3;307;43;4;1;2022
3;307;43;5;0;2022
3;307;43;2;0;2022
3;305;81;204;31;2022
3;305;43;228;28;2022
3;305;43;15;0;2022
3;305;43;22;4;2022
3;305;43;54;2;2022
3;305;81;16;0;2022
3;305;43;17;0;2022
3;305;81;20;0;2022
3;305;81;25;1;2022
3;305;81;14;0;2022
3;305;43;31;0;2022
3;305;43;11;0;2022
3;305;43;19;0;2022
3;305;43;40;2;2022
3;305;43;15;3;2022
3;305;43;9;3;2022
3;305;81;22;1;2022
3;305;81;24;0;2022
3;305;43;13;1;2022
3;305;43;10;1;2022
3;306;22;33;4;2022
3;306;22;11;2;2022
3;306;22;12;0;2022
3;306;34;24;20;2022
3;306;34;11;1;2022
3;306;34;7;0;2022
3;306;22;45;11;2022
3;306;22;42;10;2022
3;306;22;101;9;2022
3;306;22;32;0;2022
3;306;22;33;1;2022
3;306;22;105;61;2022
3;306;22;84;15;2022
3;306;22;49;5;2022
3;306;22;37;2;2022
3;306;22;40;8;2022
3;306;22;18;4;2022
3;306;22;18;1;2022
3;306;22;39;4;2022
3;306;22;11;1;2022
3;306;22;14;2;2022
3;306;34;75;10;2022
3;306;34;47;7;2022
3;306;34;86;7;2022
3;306;34;100;12;2022
3;306;34;98;12;2022
3;306;34;73;18;2022
3;306;22;60;21;2022
3;306;22;27;6;2022
3;306;22;40;8;2022
3;306;22;27;1;2022
3;306;22;14;0;2022
3;306;22;18;1;2022
3;306;22;34;13;2022
3;306;22;7;1;2022
3;306;22;11;2;2022
3;306;22;20;7;2022
3;306;22;28;3;2022
3;306;22;4;2;2022
3;306;22;4;0;2022
3;306;22;10;21;2022
3;306;22;2;6;2022
3;306;22;4;1;2022
3;306;22;14;9;2022
3;306;22;3;5;2022
3;306;22;2;1;2022
3;306;22;12;8;2022
3;306;22;5;4;2022
3;306;22;1;4;2022
3;306;22;5;5;2022
3;306;22;1;1;2022
3;306;22;1;1;2022
3;306;22;8;4;2022
3;306;22;40;12;2022
3;306;22;23;8;2022
3;306;22;26;2;2022
3;306;22;21;5;2022
3;306;34;27;1;2022
3;306;34;33;0;2022
3;306;34;18;5;2022
3;306;34;25;2;2022
3;306;22;39;16;2022
3;306;22;31;17;2022
3;306;34;47;7;2022
3;306;34;48;9;2022
3;306;22;50;12;2022
3;306;22;23;8;2022
3;306;22;9;2;2022
3;306;22;19;1;2022
3;306;22;16;0;2022
3;306;22;27;1;2022
3;306;22;39;2;2022
3;306;34;24;0;2022
3;306;34;15;1;2022
3;306;22;38;15;2022
3;306;22;62;29;2022
3;306;34;25;2;2022
3;306;34;24;6;2022
3;306;22;7;2;2022
3;306;22;7;2;2022
3;308;42;49;107;2022
3;308;42;45;55;2022
3;308;53;35;67;2022
3;308;42;53;69;2022
3;308;42;17;33;2022
3;308;53;22;29;2022
3;308;42;64;74;2022
3;308;42;23;26;2022
3;308;53;22;36;2022
3;308;42;10;18;2022
3;308;42;11;4;2022
3;308;42;8;6;2022
3;308;42;13;22;2022
3;308;42;56;34;2022
3;308;42;26;13;2022
3;308;42;18;12;2022
3;308;42;67;57;2022
3;308;42;60;40;2022
3;309;71;73;60;2022
3;309;71;74;84;2022
3;309;71;78;59;2022
3;309;71;20;16;2022
3;309;71;35;12;2022
3;303;32;520;173;2022
3;303;32;385;93;2022
3;303;32;341;102;2022
3;303;32;57;25;2022
3;303;32;115;16;2022
3;303;32;121;31;2022
3;303;32;35;7;2022
3;303;32;24;15;2022
3;303;32;79;16;2022
3;303;32;57;8;2022
3;303;32;18;8;2022
3;303;32;25;9;2022
3;303;32;10;11;2022
3;303;32;20;14;2022
3;303;32;7;4;2022
3;303;32;44;18;2022
3;303;32;31;18;2022
3;303;32;92;12;2022
3;303;32;120;45;2022
3;303;32;14;7;2022
3;303;32;18;10;2022
3;303;32;44;8;2022
3;303;32;16;8;2022
3;303;32;13;3;2022
3;303;32;12;3;2022
3;303;32;12;13;2022
3;303;32;9;6;2022
3;303;32;13;3;2022
3;303;32;80;15;2022
3;303;32;94;43;2022
3;303;32;60;27;2022
3;303;32;44;21;2022
3;303;32;13;11;2022
3;303;32;18;11;2022
3;303;32;15;4;2022
3;303;32;12;17;2022
3;303;34;4;13;2022
3;303;34;2;4;2022
3;303;34;0;3;2022
3;303;34;2;7;2022
3;303;32;74;33;2022
3;303;32;18;8;2022
3;303;34;1;2;2022
3;301;43;93;13;2022
3;301;44;47;25;2022
3;301;44;134;24;2022
3;301;44;74;20;2022
3;301;44;81;28;2022
3;301;42;57;87;2022
3;301;53;54;44;2022
3;301;53;25;62;2022
3;301;41;91;52;2022
3;301;41;60;47;2022
3;301;44;50;35;2022
3;301;44;63;38;2022
3;301;43;53;7;2022
3;301;43;80;12;2022
3;301;44;67;5;2022
3;301;53;53;40;2022
3;301;42;60;61;2022
3;301;42;49;54;2022
3;301;42;73;68;2022
3;301;44;11;10;2022
3;301;44;12;7;2022
3;301;44;22;10;2022
3;301;44;15;12;2022
3;301;41;29;12;2022
3;301;44;10;10;2022
3;301;44;40;9;2022
3;301;44;14;5;2022
3;301;44;21;6;2022
3;301;44;30;1;2022
3;301;53;18;26;2022
3;301;44;33;3;2022
3;301;41;28;15;2022
3;301;44;16;9;2022
3;301;43;31;5;2022
3;301;43;20;2;2022
3;301;43;58;5;2022
3;301;53;50;18;2022
3;301;42;44;79;2022
3;301;42;38;23;2022
3;301;44;16;7;2022
3;301;44;16;7;2022
3;301;44;15;3;2022
3;301;44;27;10;2022
3;301;44;18;13;2022
3;301;41;17;9;2022
3;301;43;57;7;2022
3;301;43;18;2;2022
3;301;44;26;11;2022
3;301;44;21;2;2022
3;301;44;31;7;2022
3;301;44;18;4;2022
3;301;44;19;2;2022
3;301;53;20;46;2022
3;301;44;40;15;2022
3;301;44;11;4;2022
3;301;41;16;17;2022
3;301;53;6;13;2022
3;301;41;22;40;2022
3;301;53;70;89;2022
3;301;53;42;35;2022
3;301;53;29;17;2022
3;301;53;55;23;2022
3;301;53;21;21;2022
3;301;62;73;22;2022
3;301;62;50;25;2022
3;301;42;42;41;2022
3;301;42;37;43;2022
3;301;42;53;47;2022
3;301;44;26;6;2022
3;301;44;23;2;2022
3;301;44;25;1;2022
3;301;44;38;12;2022
3;301;44;20;10;2022
3;301;44;18;7;2022
3;301;53;13;12;2022
3;301;53;12;10;2022
3;301;53;17;13;2022
3;301;43;16;8;2022
3;301;44;12;4;2022
3;301;44;17;2;2022
3;301;44;15;0;2022
3;301;44;8;2;2022
3;301;44;12;2;2022
3;301;44;18;3;2022
3;301;44;7;4;2022
3;301;44;9;4;2022
3;301;44;8;7;2022
3;301;44;7;7;2022
3;301;44;6;2;2022
3;301;44;9;5;2022
3;301;44;12;2;2022
3;301;44;6;10;2022
3;301;44;6;1;2022
3;301;53;5;11;2022
3;301;53;16;9;2022
3;301;41;7;4;2022
3;301;41;4;3;2022
3;301;41;9;4;2022
3;301;41;0;3;2022
3;301;81;11;1;2022
3;301;81;15;2;2022
3;301;53;34;62;2022
3;301;53;21;31;2022
3;301;44;12;2;2022
3;301;44;7;1;2022
3;301;44;3;6;2022
3;301;44;8;2;2022
3;301;43;9;0;2022
3;301;43;8;2;2022
3;301;44;8;8;2022
3;301;42;19;17;2022
3;301;42;14;17;2022
3;301;43;1;18;2022
3;301;43;3;20;2022
3;301;44;20;1;2022
3;301;44;21;3;2022
3;301;43;11;1;2022
3;301;44;5;3;2022
3;301;44;6;5;2022
3;301;81;25;0;2022
3;301;44;9;2;2022
3;301;44;8;4;2022
3;301;44;8;3;2022
3;301;44;5;4;2022
3;301;81;11;0;2022
3;301;81;15;2;2022
3;301;44;16;3;2022
3;301;44;16;4;2022
3;301;43;12;0;2022
3;301;43;15;2;2022
3;301;43;14;3;2022
3;301;43;10;0;2022
3;301;44;14;2;2022
3;301;44;12;2;2022
3;301;44;5;9;2022
3;301;44;6;6;2022
3;301;44;14;2;2022
3;301;44;12;2;2022
3;301;44;14;5;2022
3;301;44;17;5;2022
3;301;44;20;6;2022
3;301;44;18;6;2022
3;301;44;32;7;2022
3;301;43;58;12;2022
3;301;43;52;9;2022
3;301;43;73;13;2022
3;301;44;8;11;2022
3;301;44;12;7;2022
3;301;44;21;20;2022
3;301;44;20;9;2022
3;301;44;18;11;2022
3;301;44;14;8;2022
3;301;53;13;7;2022
3;301;53;5;8;2022
3;301;53;6;4;2022
3;301;42;10;10;2022
3;301;42;5;3;2022
3;301;42;7;10;2022
3;301;41;8;2;2022
3;301;41;12;8;2022
3;301;41;13;11;2022
3;301;43;8;62;2022
3;301;43;44;11;2022
3;301;44;7;25;2022
3;301;44;6;18;2022
3;301;44;14;28;2022
3;301;44;7;28;2022
3;301;41;4;12;2022
3;301;41;1;5;2022
3;301;53;4;2;2022
3;301;53;5;4;2022
3;301;44;0;18;2022
3;301;44;3;26;2022
3;301;42;7;18;2022
3;301;42;8;10;2022
3;301;53;10;16;2022
3;302;31;257;222;2022
3;302;34;206;136;2022
3;302;31;136;109;2022
3;302;34;162;86;2022
3;302;31;37;12;2022
3;302;31;76;35;2022
3;302;34;57;32;2022
3;302;34;38;7;2022
3;302;34;60;31;2022
3;302;31;72;65;2022
3;302;31;65;44;2022
3;302;31;92;46;2022
3;302;42;92;113;2022
3;302;42;66;81;2022
3;302;42;78;52;2022
3;302;31;72;30;2022
3;302;31;57;33;2022
3;302;31;35;23;2022
3;302;31;44;13;2022
3;302;34;41;7;2022
3;302;34;43;9;2022
3;302;34;23;18;2022
3;302;31;32;12;2022
3;302;31;57;13;2022
3;302;42;25;17;2022
3;302;34;23;13;2022
3;302;31;29;18;2022
3;302;34;24;15;2022
3;302;31;40;12;2022
3;302;31;38;12;2022
3;302;31;34;12;2022
3;302;31;38;13;2022
3;302;31;40;17;2022
3;302;31;26;8;2022
3;302;34;8;8;2022
3;302;31;12;6;2022
3;302;31;22;13;2022
3;302;42;23;13;2022
3;302;31;21;8;2022
3;302;34;4;2;2022
3;302;31;23;8;2022
3;302;31;25;10;2022
3;302;31;29;8;2022
3;302;34;8;18;2022
3;302;34;13;12;2022
3;302;34;63;28;2022
3;302;34;25;9;2022
3;302;34;14;7;2022
3;302;34;37;21;2022
3;302;31;16;2;2022
3;302;31;17;7;2022
3;302;31;13;5;2022
3;302;31;14;9;2022
3;302;34;8;7;2022
3;302;34;17;5;2022
3;302;34;16;13;2022
3;302;31;3;4;2022
3;302;31;1;1;2022
3;302;31;5;6;2022
3;302;31;14;1;2022
3;302;31;20;5;2022
3;302;31;19;8;2022
3;302;34;20;4;2022
3;302;34;22;6;2022
3;302;31;18;12;2022
3;302;31;30;11;2022
3;304;71;371;159;2022
3;304;71;290;127;2022
3;304;71;338;109;2022
3;304;71;319;131;2022
3;304;71;314;107;2022
3;304;71;337;127;2022
3;304;71;12;6;2022
3;304;71;20;11;2022
3;304;71;38;10;2022
3;304;71;42;22;2022
3;304;71;17;9;2022
3;304;71;28;12;2022
3;304;71;23;2;2022
3;304;71;33;7;2022
3;304;71;30;15;2022
3;304;71;24;5;2022
3;304;71;22;4;2022
3;304;71;16;0;2022
3;304;71;18;5;2022
3;304;71;18;2;2022
3;304;71;10;1;2022
3;304;71;16;0;2022
3;304;71;22;6;2022
3;304;71;5;9;2022
3;304;71;29;3;2022
3;304;71;28;1;2022
3;304;71;14;3;2022
3;304;71;27;15;2022
3;304;71;17;1;2022
3;304;71;18;16;2022
3;304;71;12;3;2022
3;304;71;18;7;2022
3;304;71;46;9;2022
3;304;71;47;2;2022
3;304;71;16;1;2022
3;304;71;32;14;2022
3;304;71;28;12;2022
3;304;71;12;2;2022
3;304;71;26;5;2022
3;304;71;7;10;2022
3;304;71;29;8;2022
3;304;71;32;3;2022
3;304;71;9;24;2022
3;304;71;20;15;2022
3;304;71;17;7;2022
3;304;71;20;12;2022
10;1006;31;82;24;2022
10;1006;31;43;20;2022
10;1006;31;12;4;2022
10;1006;31;81;40;2022
10;1006;34;9;2;2022
10;1006;31;311;135;2022
10;1006;34;26;7;2022
10;1006;31;136;52;2022
10;1006;31;38;21;2022
10;1006;34;14;1;2022
10;1006;31;36;11;2022
10;1006;31;29;7;2022
10;1006;31;34;8;2022
10;1006;31;18;10;2022
10;1006;31;21;7;2022
10;1006;31;19;8;2022
10;1006;31;10;4;2022
10;1006;31;3;0;2022
10;1006;31;12;6;2022
10;1006;31;11;3;2022
10;1006;31;11;4;2022
10;1006;31;3;2;2022
10;1006;31;31;10;2022
10;1006;31;22;7;2022
10;1006;31;14;7;2022
10;1018;42;61;63;2022
10;1018;34;163;74;2022
10;1018;31;300;161;2022
10;1018;42;27;19;2022
10;1018;34;103;32;2022
10;1018;31;142;64;2022
10;1018;31;102;43;2022
10;1018;42;4;4;2022
10;1018;42;20;2;2022
10;1018;31;112;40;2022
10;1018;31;67;20;2022
10;1018;31;19;7;2022
10;1018;31;27;13;2022
10;1018;31;13;9;2022
10;1018;34;32;11;2022
10;1018;31;54;34;2022
10;1018;31;29;3;2022
10;1018;31;18;5;2022
10;1018;31;15;4;2022
10;1018;31;12;3;2022
10;1018;34;15;6;2022
10;1018;31;39;17;2022
10;1018;31;22;5;2022
10;1018;31;18;5;2022
10;1018;31;9;2;2022
10;1018;31;7;0;2022
10;1018;34;10;5;2022
10;1019;71;39;7;2022
10;1019;71;38;6;2022
10;1019;71;32;10;2022
10;1019;71;45;4;2022
10;1019;71;53;0;2022
10;1019;71;22;8;2022
10;1019;71;21;3;2022
10;1019;71;30;4;2022
10;1019;71;27;4;2022
10;1019;71;29;4;2022
10;1019;71;24;5;2022
10;1019;71;37;0;2022
10;1019;71;14;5;2022
10;1019;71;17;1;2022
10;1019;71;36;0;2022
10;1019;71;29;3;2022
10;1019;71;14;10;2022
10;1019;71;21;5;2022
10;1019;71;25;8;2022
10;1019;71;24;4;2022
10;1019;71;10;5;2022
10;1019;72;2;0;2022
10;1017;42;15;8;2022
10;1017;42;11;2;2022
10;1017;53;8;6;2022
10;1017;53;0;0;2022
10;1017;53;0;0;2022
10;1017;53;4;3;2022
10;1017;53;6;12;2022
10;1017;53;22;23;2022
10;1017;53;43;32;2022
10;1017;53;39;22;2022
10;1017;53;33;18;2022
10;1017;53;32;35;2022
10;1017;53;33;39;2022
10;1017;53;26;41;2022
10;1017;43;33;7;2022
10;1017;43;36;2;2022
10;1017;43;21;2;2022
10;1017;51;12;15;2022
10;1017;51;31;12;2022
10;1017;51;16;8;2022
10;1017;53;12;8;2022
10;1017;53;9;8;2022
10;1017;53;11;6;2022
10;1017;42;24;43;2022
10;1017;42;38;36;2022
10;1017;42;41;48;2022
10;1017;52;12;15;2022
10;1017;52;10;24;2022
10;1017;52;22;15;2022
10;1017;53;12;12;2022
10;1017;43;7;1;2022
10;1017;43;8;0;2022
10;1017;43;5;0;2022
10;1017;43;5;1;2022
10;1017;42;4;1;2022
10;1017;42;7;6;2022
10;1017;42;4;1;2022
10;1017;53;2;0;2022
10;1017;53;6;1;2022
10;1017;53;1;0;2022
10;1017;53;3;1;2022
10;1017;53;1;2;2022
10;1017;53;7;7;2022
10;1017;53;6;3;2022
10;1017;53;1;5;2022
10;1017;42;6;2;2022
10;1017;42;16;6;2022
10;1017;42;18;13;2022
10;1017;42;26;9;2022
10;1017;51;3;0;2022
10;1017;51;6;0;2022
10;1017;51;4;2;2022
10;1017;51;9;4;2022
10;1017;53;8;1;2022
10;1017;53;16;8;2022
10;1017;53;12;9;2022
10;1017;53;15;3;2022
10;1017;53;9;8;2022
10;1017;53;15;18;2022
10;1017;53;19;13;2022
10;1017;53;15;12;2022
10;1017;42;4;3;2022
10;1017;53;7;10;2022
10;1017;53;5;2;2022
10;1017;42;5;1;2022
10;1017;53;1;0;2022
10;1017;43;2;0;2022
10;1017;53;3;1;2022
10;1017;51;0;1;2022
10;1011;53;43;34;2022
10;1011;53;46;28;2022
10;1011;42;30;30;2022
10;1011;42;34;28;2022
10;1011;53;40;24;2022
10;1011;53;34;29;2022
10;1011;42;26;25;2022
10;1011;42;25;23;2022
10;1011;53;37;30;2022
10;1011;42;27;33;2022
10;1011;53;44;38;2022
10;1011;42;13;12;2022
10;1011;53;30;43;2022
10;1011;53;28;32;2022
10;1011;53;11;18;2022
10;1011;53;12;8;2022
10;1011;53;23;4;2022
10;1011;53;10;2;2022
10;1011;42;0;0;2022
10;1011;42;14;13;2022
10;1011;42;12;7;2022
10;1011;53;11;11;2022
10;1011;53;11;4;2022
10;1011;42;8;6;2022
10;1011;42;5;8;2022
10;1011;53;3;4;2022
10;1011;53;7;6;2022
10;1011;53;4;6;2022
10;1011;53;2;1;2022
10;1015;62;68;22;2022
10;1015;53;32;135;2022
10;1015;53;125;119;2022
10;1015;53;57;38;2022
10;1015;62;47;11;2022
10;1015;53;26;106;2022
10;1015;53;72;103;2022
10;1015;53;103;53;2022
10;1007;21;22;13;2022
10;1007;21;17;5;2022
10;1007;21;15;11;2022
10;1007;21;2;11;2022
10;1007;21;6;6;2022
10;1007;21;5;10;2022
10;1007;21;6;6;2022
10;1007;21;5;7;2022
10;1007;21;4;5;2022
10;1007;21;15;8;2022
10;1007;21;4;4;2022
10;1010;43;187;12;2022
10;1010;71;45;9;2022
10;1010;44;28;11;2022
10;1010;43;29;6;2022
10;1010;51;78;3;2022
10;1010;53;32;9;2022
10;1010;53;24;1;2022
10;1010;53;9;6;2022
10;1010;51;38;3;2022
10;1010;44;13;1;2022
10;1010;43;34;1;2022
10;1010;43;13;3;2022
10;1010;43;34;0;2022
10;1010;53;6;4;2022
10;1010;53;17;2;2022
10;1010;53;10;3;2022
10;1010;51;13;0;2022
10;1010;51;11;0;2022
10;1010;44;18;3;2022
10;1010;43;32;0;2022
10;1010;43;23;2;2022
10;1010;43;7;0;2022
10;1010;81;8;3;2022
10;1010;44;13;2;2022
10;1010;51;17;1;2022
10;1010;71;5;1;2022
10;1010;43;16;0;2022
10;1010;31;11;0;2022
10;1010;81;13;0;2022
10;1010;51;14;0;2022
10;1010;31;18;0;2022
10;1010;81;12;0;2022
10;1010;51;20;0;2022
10;1010;71;7;0;2022
10;1010;43;20;0;2022
10;1010;44;10;1;2022
10;1010;31;13;1;2022
10;1010;43;24;0;2022
10;1009;53;24;59;2022
10;1009;53;12;25;2022
10;1009;53;21;10;2022
10;1009;53;23;23;2022
10;1009;53;25;24;2022
10;1009;53;16;6;2022
10;1009;53;15;3;2022
10;1009;53;8;11;2022
10;1009;53;20;11;2022
10;1009;82;43;31;2022
10;1009;82;16;10;2022
10;1009;82;26;12;2022
10;1009;53;15;72;2022
10;1009;53;4;39;2022
10;1009;53;15;39;2022
10;1009;42;41;28;2022
10;1009;42;28;16;2022
10;1009;42;20;8;2022
10;1009;82;53;16;2022
10;1009;82;16;11;2022
10;1009;82;13;6;2022
10;1009;82;16;11;2022
10;1009;34;10;3;2022
10;1009;53;15;16;2022
10;1009;53;2;7;2022
10;1009;53;10;1;2022
10;1009;81;36;16;2022
10;1009;81;31;6;2022
10;1009;53;8;21;2022
10;1009;53;0;21;2022
10;1009;53;21;19;2022
10;1009;53;16;5;2022
10;1016;83;154;245;2022
10;1016;83;51;105;2022
10;1016;83;8;7;2022
10;1016;83;73;88;2022
10;1016;83;6;10;2022
10;1016;83;2;8;2022
10;1016;83;11;13;2022
10;1016;83;19;11;2022
10;1016;83;15;9;2022
10;1016;83;14;11;2022
10;1016;83;11;35;2022
10;1016;83;20;21;2022
10;1016;83;26;11;2022
10;1016;83;18;10;2022
10;1016;83;6;11;2022
10;1016;83;38;35;2022
10;1016;83;8;16;2022
10;1016;83;5;4;2022
10;1016;83;12;2;2022
10;1016;83;12;9;2022
10;1016;83;10;7;2022
10;1008;21;21;4;2022
10;1008;21;21;4;2022
10;1008;21;29;2;2022
10;1008;21;16;2;2022
10;1008;21;49;18;2022
10;1008;21;85;19;2022
10;1008;21;93;22;2022
10;1008;21;104;17;2022
10;1008;21;8;12;2022
10;1008;21;70;7;2022
10;1008;21;25;2;2022
10;1008;21;11;1;2022
10;1008;21;12;1;2022
10;1008;21;19;1;2022
10;1008;21;10;1;2022
10;1008;21;4;0;2022
10;1008;21;6;1;2022
10;1008;21;9;1;2022
10;1008;21;8;3;2022
10;1008;21;40;14;2022
10;1008;21;21;1;2022
10;1008;21;27;8;2022
10;1008;21;21;4;2022
10;1008;21;12;2;2022
10;1008;21;7;0;2022
10;1008;21;3;7;2022
10;1008;21;2;1;2022
10;1008;21;10;1;2022
10;1008;21;0;0;2022
10;1008;21;7;10;2022
10;1008;21;12;2;2022
10;1008;21;8;3;2022
10;1008;21;4;0;2022
10;1008;21;4;0;2022
10;1008;21;10;1;2022
10;1008;21;3;1;2022
10;1008;21;4;3;2022
10;1008;21;5;0;2022
10;1008;21;4;1;2022
10;1008;21;10;1;2022
10;1008;21;8;1;2022
10;1008;21;8;1;2022
10;1008;21;4;1;2022
10;1008;21;5;0;2022
10;1008;21;14;0;2022
10;1008;21;3;0;2022
10;1008;21;11;6;2022
10;1008;21;18;2;2022
10;1008;21;4;3;2022
10;1008;21;10;2;2022
10;1008;21;10;6;2022
10;1008;21;11;11;2022
10;1008;21;34;9;2022
10;1008;21;27;1;2022
10;1008;21;11;2;2022
10;1012;42;247;294;2022
10;1012;42;34;34;2022
10;1012;42;110;102;2022
10;1012;42;22;22;2022
10;1012;42;81;54;2022
10;1012;42;35;22;2022
10;1012;42;27;20;2022
10;1012;42;37;15;2022
10;1012;42;13;3;2022
10;1012;42;7;8;2022
10;1012;42;13;6;2022
10;1012;42;5;3;2022
10;1012;42;6;3;2022
10;1012;42;17;7;2022
10;1012;42;14;3;2022
10;1012;42;9;16;2022
10;1012;42;3;4;2022
10;1012;42;11;15;2022
10;1012;42;10;4;2022
10;1012;42;13;6;2022
10;1012;42;12;5;2022
10;1012;42;50;59;2022
10;1012;42;18;21;2022
10;1013;71;54;46;2022
10;1013;71;53;45;2022
10;1013;71;58;60;2022
10;1013;71;9;1;2022
10;1014;42;143;81;2022
10;1014;34;105;40;2022
10;1014;31;395;166;2022
10;1014;42;58;28;2022
10;1014;34;45;8;2022
10;1014;31;69;32;2022
10;1014;31;60;16;2022
10;1014;42;25;10;2022
10;1014;42;18;7;2022
10;1014;34;13;3;2022
10;1014;34;17;1;2022
10;1014;31;41;9;2022
10;1014;31;17;15;2022
10;1014;31;20;8;2022
10;1014;31;33;10;2022
10;1014;31;14;5;2022
10;1014;31;44;21;2022
10;1014;31;39;8;2022
10;1014;34;14;7;2022
10;1014;31;13;1;2022
10;1014;34;15;7;2022
10;1014;31;38;13;2022
10;1014;31;36;3;2022
10;1014;34;13;1;2022
10;1014;34;11;2;2022
10;1003;22;124;26;2022
10;1003;34;103;41;2022
10;1003;22;67;24;2022
10;1003;22;60;23;2022
10;1003;22;158;68;2022
10;1003;22;83;18;2022
10;1003;22;42;8;2022
10;1003;22;80;16;2022
10;1003;34;187;32;2022
10;1003;22;17;4;2022
10;1003;22;73;24;2022
10;1003;34;63;14;2022
10;1003;34;51;6;2022
10;1003;22;17;10;2022
10;1003;22;22;1;2022
10;1003;22;17;0;2022
10;1003;22;19;9;2022
10;1003;22;44;14;2022
10;1003;22;15;3;2022
10;1003;22;24;1;2022
10;1003;34;11;3;2022
10;1003;34;12;7;2022
10;1003;22;46;12;2022
10;1003;22;18;3;2022
10;1003;22;27;0;2022
10;1003;22;10;12;2022
10;1003;22;18;4;2022
10;1003;22;71;19;2022
10;1003;22;8;1;2022
10;1003;34;50;5;2022
10;1003;22;16;2;2022
10;1003;22;55;20;2022
10;1003;22;18;7;2022
10;1003;22;36;5;2022
10;1003;34;17;4;2022
10;1003;34;22;6;2022
10;1003;22;19;3;2022
10;1003;22;13;3;2022
10;1003;22;17;0;2022
10;1003;34;25;2;2022
10;1003;34;45;6;2022
10;1003;22;22;1;2022
10;1003;22;28;5;2022
10;1003;22;11;1;2022
10;1003;22;15;6;2022
10;1003;22;4;7;2022
10;1003;22;8;3;2022
10;1003;34;1;3;2022
10;1003;22;3;1;2022
10;1003;22;4;5;2022
10;1003;22;8;6;2022
10;1003;22;5;1;2022
10;1003;34;8;13;2022
10;1003;34;5;8;2022
10;1003;34;3;3;2022
10;1003;22;7;0;2022
10;1003;22;26;12;2022
10;1003;22;26;7;2022
10;1003;22;29;0;2022
10;1003;22;12;5;2022
10;1003;34;9;2;2022
10;1003;34;4;1;2022
10;1003;34;33;16;2022
10;1003;34;24;12;2022
10;1003;22;4;0;2022
10;1003;22;7;3;2022
10;1003;34;9;1;2022
10;1003;34;8;2;2022
10;1003;83;25;5;2022
10;1003;83;10;2;2022
10;1003;22;12;7;2022
10;1003;22;14;11;2022
10;1003;22;49;17;2022
10;1003;22;25;7;2022
10;1003;22;4;8;2022
10;1003;22;7;1;2022
10;1003;22;16;0;2022
10;1003;22;8;1;2022
10;1003;34;71;7;2022
10;1003;34;66;12;2022
10;1003;22;17;5;2022
10;1003;22;13;1;2022
10;1003;22;9;2;2022
10;1003;22;5;0;2022
10;1003;22;1;1;2022
10;1003;22;16;2;2022
10;1003;22;5;0;2022
10;1003;22;1;7;2022
10;1003;22;2;5;2022
10;1003;22;6;2;2022
10;1003;22;5;5;2022
10;1003;22;4;5;2022
10;1003;22;7;0;2022
10;1003;34;2;5;2022
10;1003;22;3;3;2022
10;1003;22;2;1;2022
10;1003;22;2;1;2022
10;1003;22;1;0;2022
10;1003;34;1;1;2022
10;1003;34;0;1;2022
10;1003;34;0;1;2022
10;1003;34;0;1;2022
10;1003;22;2;0;2022
10;1003;22;4;2;2022
10;1003;34;0;3;2022
10;1003;22;0;2;2022
10;1004;32;551;145;2022
10;1004;32;330;73;2022
10;1004;32;68;26;2022
10;1004;32;120;35;2022
10;1004;32;44;8;2022
10;1004;32;44;13;2022
10;1004;32;37;11;2022
10;1004;32;14;5;2022
10;1004;32;35;6;2022
10;1004;31;12;4;2022
10;1004;32;43;10;2022
10;1004;32;13;4;2022
10;1004;32;16;9;2022
10;1004;32;17;8;2022
10;1004;32;59;13;2022
10;1004;32;17;9;2022
10;1004;31;8;1;2022
10;1004;32;19;4;2022
10;1004;32;25;9;2022
10;1004;32;8;4;2022
10;1004;32;15;0;2022
10;1004;32;11;4;2022
10;1004;32;43;26;2022
10;1004;32;41;27;2022
10;1004;32;23;23;2022
10;1004;32;17;19;2022
10;1004;32;15;23;2022
10;1004;32;23;15;2022
10;1004;32;5;6;2022
10;1004;32;14;2;2022
10;1004;32;3;2;2022
10;1002;31;18;7;2022
10;1002;42;165;171;2022
10;1002;42;41;24;2022
10;1002;42;47;44;2022
10;1002;34;513;252;2022
10;1002;34;126;34;2022
10;1002;34;17;4;2022
10;1002;34;22;1;2022
10;1002;34;24;4;2022
10;1002;34;13;2;2022
10;1002;34;22;4;2022
10;1002;34;48;12;2022
10;1002;31;77;16;2022
10;1002;31;82;25;2022
10;1002;31;613;331;2022
10;1002;31;192;58;2022
10;1002;31;19;3;2022
10;1002;31;37;23;2022
10;1002;31;20;10;2022
10;1002;31;28;5;2022
10;1002;31;18;9;2022
10;1002;31;35;14;2022
10;1002;42;8;7;2022
10;1002;42;29;15;2022
10;1002;31;21;4;2022
10;1002;31;28;4;2022
10;1002;31;15;4;2022
10;1002;31;37;9;2022
10;1002;31;28;6;2022
10;1002;31;35;10;2022
10;1002;34;24;9;2022
10;1002;34;58;11;2022
10;1002;31;53;25;2022
10;1002;31;45;22;2022
10;1002;31;7;5;2022
10;1002;31;38;6;2022
10;1002;31;17;1;2022
10;1002;31;40;11;2022
10;1002;34;21;4;2022
10;1002;34;40;6;2022
10;1002;31;9;2;2022
10;1002;31;23;7;2022
10;1002;31;14;2;2022
10;1002;31;44;14;2022
10;1002;42;8;2;2022
10;1002;42;43;18;2022
10;1002;34;13;1;2022
10;1002;34;25;7;2022
10;1002;34;16;6;2022
10;1002;34;20;6;2022
10;1002;34;53;14;2022
10;1002;42;13;3;2022
10;1002;34;37;29;2022
10;1002;42;16;4;2022
10;1002;34;41;31;2022
10;1002;42;30;2;2022
10;1002;34;32;18;2022
10;1002;42;17;5;2022
10;1002;34;20;5;2022
10;1002;31;0;0;2022
10;1002;31;5;1;2022
10;1002;31;0;0;2022
10;1002;31;3;3;2022
10;1002;31;2;3;2022
10;1002;31;6;0;2022
10;1002;31;24;11;2022
10;1002;31;5;1;2022
10;1002;31;16;12;2022
10;1002;31;29;19;2022
10;1002;31;18;48;2022
10;1002;31;31;10;2022
10;1002;31;4;31;2022
10;1002;31;12;23;2022
10;1002;31;10;10;2022
10;1002;31;10;18;2022
10;1002;31;8;7;2022
10;1002;31;11;3;2022
10;1002;31;9;0;2022
10;1002;31;7;4;2022
10;1002;31;6;4;2022
10;1002;31;11;1;2022
10;1002;31;4;0;2022
10;1002;34;34;35;2022
10;1002;42;6;5;2022
10;1002;31;0;1;2022
10;1002;31;16;61;2022
10;1002;31;26;15;2022
10;1002;31;6;4;2022
10;1002;31;12;22;2022
10;1001;43;20;4;2022
10;1001;43;32;1;2022
10;1001;44;6;2;2022
10;1001;44;12;0;2022
10;1001;44;5;3;2022
10;1001;44;9;2;2022
10;1001;44;5;1;2022
10;1001;44;13;3;2022
10;1001;44;19;5;2022
10;1001;44;65;7;2022
10;1001;53;11;25;2022
10;1001;53;14;32;2022
10;1001;53;36;51;2022
10;1001;42;22;9;2022
10;1001;42;70;48;2022
10;1001;42;20;25;2022
10;1001;41;19;3;2022
10;1001;41;9;5;2022
10;1001;41;11;5;2022
10;1001;41;7;3;2022
10;1001;41;19;5;2022
10;1001;41;6;2;2022
10;1001;41;10;0;2022
10;1001;41;30;10;2022
10;1001;44;28;3;2022
10;1001;44;6;2;2022
10;1001;44;6;7;2022
10;1001;44;8;7;2022
10;1001;44;7;1;2022
10;1001;44;28;19;2022
10;1001;44;9;4;2022
10;1001;44;8;2;2022
10;1001;44;28;7;2022
10;1001;44;20;3;2022
10;1001;44;17;4;2022
10;1001;42;48;94;2022
10;1001;42;37;40;2022
10;1001;42;21;20;2022
10;1001;44;47;9;2022
10;1001;44;13;1;2022
10;1001;44;9;1;2022
10;1001;44;7;1;2022
10;1001;44;5;3;2022
10;1001;44;8;2;2022
10;1001;43;49;7;2022
10;1001;43;10;3;2022
10;1001;43;24;5;2022
10;1001;43;59;9;2022
10;1001;43;27;1;2022
10;1001;43;25;1;2022
10;1001;43;8;0;2022
10;1001;43;8;3;2022
10;1001;43;54;6;2022
10;1001;43;34;7;2022
10;1001;62;99;29;2022
10;1001;62;20;12;2022
10;1001;53;90;78;2022
10;1001;53;28;39;2022
10;1001;53;82;32;2022
10;1001;53;47;31;2022
10;1001;42;31;53;2022
10;1001;42;8;25;2022
10;1001;51;8;5;2022
10;1001;44;11;1;2022
10;1001;44;14;0;2022
10;1001;42;2;15;2022
10;1001;53;10;6;2022
10;1001;53;7;3;2022
10;1001;41;6;7;2022
10;1001;41;6;2;2022
10;1001;44;7;6;2022
10;1001;44;2;2;2022
10;1001;42;16;5;2022
10;1001;42;7;1;2022
10;1001;44;7;2;2022
10;1001;44;4;1;2022
10;1001;42;7;2;2022
10;1001;42;3;3;2022
10;1001;44;18;6;2022
10;1001;44;5;2;2022
10;1001;44;9;6;2022
10;1001;44;15;7;2022
10;1001;44;8;0;2022
10;1001;53;7;1;2022
10;1001;44;14;5;2022
10;1001;44;11;2;2022
10;1001;44;6;1;2022
10;1001;44;6;3;2022
10;1001;44;6;1;2022
10;1001;44;9;3;2022
10;1001;41;8;12;2022
10;1001;51;29;0;2022
10;1001;51;17;2;2022
10;1001;53;13;4;2022
10;1001;53;6;7;2022
10;1001;44;3;6;2022
10;1001;44;2;1;2022
10;1001;43;13;1;2022
10;1001;43;16;3;2022
10;1001;43;32;3;2022
10;1001;44;27;4;2022
10;1001;44;10;0;2022
10;1001;44;9;2;2022
10;1001;41;3;1;2022
10;1001;41;4;2;2022
10;1001;53;11;5;2022
10;1001;41;14;13;2022
10;1001;41;18;8;2022
10;1001;41;12;7;2022
10;1001;41;1;0;2022
10;1001;44;4;4;2022
10;1001;44;9;6;2022
10;1001;44;11;5;2022
10;1001;44;6;0;2022
10;1001;44;0;0;2022
10;1001;44;8;1;2022
10;1001;44;18;7;2022
10;1001;44;14;3;2022
10;1001;44;8;0;2022
10;1001;44;0;1;2022
10;1001;43;10;3;2022
10;1001;43;21;8;2022
10;1001;43;19;6;2022
10;1001;43;13;5;2022
10;1001;43;0;0;2022
10;1001;44;1;0;2022
10;1001;44;3;0;2022
10;1001;44;5;0;2022
10;1001;44;5;0;2022
10;1001;44;0;0;2022
10;1001;41;13;6;2022
10;1005;71;209;82;2022
10;1005;71;173;86;2022
10;1005;71;204;122;2022
10;1005;71;151;109;2022
10;1005;71;165;80;2022
10;1005;71;142;97;2022
10;1005;71;7;1;2022
10;1005;71;26;0;2022
10;1005;71;3;2;2022
10;1005;71;3;4;2022
10;1005;71;3;8;2022
10;1005;71;6;2;2022
10;1005;71;7;1;2022
10;1005;71;8;7;2022
10;1005;71;0;1;2022
10;1005;71;24;13;2022
10;1005;71;9;8;2022
10;1005;71;17;5;2022
10;1005;71;18;10;2022
10;1005;71;14;4;2022
10;1005;71;5;0;2022
10;1005;71;25;5;2022
10;1005;71;14;6;2022
10;1005;71;15;1;2022
10;1005;71;8;4;2022
10;1005;71;20;8;2022
10;1005;71;1;5;2022
7;704;34;41;27;2022
7;704;31;99;40;2022
7;704;31;239;128;2022
7;704;31;99;40;2022
7;704;34;49;25;2022
7;704;31;25;9;2022
7;704;31;119;36;2022
7;704;31;43;14;2022
7;704;31;58;15;2022
7;704;31;41;25;2022
7;704;34;49;14;2022
7;704;31;24;6;2022
7;704;31;26;7;2022
7;704;31;24;5;2022
7;704;31;18;10;2022
7;704;31;18;9;2022
7;704;31;25;8;2022
7;704;31;19;4;2022
7;704;31;15;2;2022
7;704;31;13;4;2022
7;704;31;27;3;2022
7;704;31;5;3;2022
7;704;31;8;2;2022
7;704;31;24;4;2022
7;704;31;17;3;2022
7;704;31;21;4;2022
7;704;31;18;3;2022
7;704;31;19;19;2022
7;704;31;7;9;2022
7;704;31;45;22;2022
7;715;53;4;19;2022
7;715;53;32;26;2022
7;715;42;41;39;2022
7;715;44;15;1;2022
7;715;44;26;8;2022
7;715;44;15;3;2022
7;715;41;13;1;2022
7;715;44;14;2;2022
7;715;53;13;10;2022
7;715;53;18;19;2022
7;715;42;31;32;2022
7;715;41;7;7;2022
7;715;44;32;0;2022
7;715;44;12;7;2022
7;715;44;70;8;2022
7;715;42;40;73;2022
7;715;53;55;74;2022
7;715;41;19;12;2022
7;715;44;38;33;2022
7;715;44;31;9;2022
7;715;53;64;35;2022
7;715;53;42;21;2022
7;715;53;55;32;2022
7;715;53;48;11;2022
7;715;41;12;3;2022
7;715;41;6;4;2022
7;715;44;11;4;2022
7;715;44;8;2;2022
7;715;44;10;0;2022
7;715;53;5;5;2022
7;715;53;10;17;2022
7;715;53;9;7;2022
7;715;53;7;4;2022
7;715;53;3;0;2022
7;715;44;9;2;2022
7;715;53;6;9;2022
7;715;44;6;3;2022
7;715;44;3;3;2022
7;715;44;11;1;2022
7;715;44;4;2;2022
7;715;41;3;0;2022
7;715;41;4;5;2022
7;715;41;3;2;2022
7;715;41;6;4;2022
7;715;41;6;3;2022
7;715;44;8;7;2022
7;716;71;21;2;2022
7;716;71;36;4;2022
7;716;71;36;0;2022
7;716;71;36;3;2022
7;716;71;32;5;2022
7;716;71;31;5;2022
7;716;72;43;1;2022
7;716;72;28;0;2022
7;716;72;38;0;2022
7;716;71;26;0;2022
7;716;71;11;2;2022
7;716;71;18;3;2022
7;716;71;22;4;2022
7;716;71;21;0;2022
7;714;53;41;33;2022
7;714;53;33;21;2022
7;714;53;33;28;2022
7;714;42;20;27;2022
7;714;42;23;22;2022
7;714;42;20;30;2022
7;714;53;28;24;2022
7;714;53;19;18;2022
7;714;53;19;28;2022
7;714;53;14;20;2022
7;714;53;13;13;2022
7;714;53;13;14;2022
7;714;53;16;12;2022
7;714;53;10;9;2022
7;714;53;12;13;2022
7;714;42;22;8;2022
7;714;42;4;4;2022
7;714;42;6;3;2022
7;714;42;3;4;2022
7;714;53;6;5;2022
7;714;53;10;4;2022
7;714;53;8;7;2022
7;714;53;9;2;2022
7;714;53;8;3;2022
7;714;53;5;4;2022
7;714;53;2;6;2022
7;714;53;3;4;2022
7;714;53;6;6;2022
7;714;53;5;4;2022
7;714;53;2;1;2022
7;707;31;364;171;2022
7;707;34;154;94;2022
7;707;31;92;37;2022
7;707;34;57;14;2022
7;707;31;83;31;2022
7;707;31;75;49;2022
7;707;31;119;50;2022
7;707;31;29;1;2022
7;707;31;22;3;2022
7;707;31;24;5;2022
7;707;31;24;3;2022
7;707;31;17;3;2022
7;707;34;22;2;2022
7;707;34;17;2;2022
7;706;21;25;24;2022
7;706;21;11;13;2022
7;706;21;7;20;2022
7;706;21;3;13;2022
7;706;21;6;12;2022
7;706;21;16;7;2022
7;706;21;8;9;2022
7;706;21;6;13;2022
7;706;21;15;11;2022
7;706;21;4;14;2022
7;706;21;10;3;2022
7;706;21;7;5;2022
7;710;34;86;39;2022
7;710;31;324;211;2022
7;710;42;54;66;2022
7;710;34;44;11;2022
7;710;31;183;74;2022
7;710;42;60;43;2022
7;710;31;91;24;2022
7;710;31;95;24;2022
7;710;42;65;35;2022
7;710;34;52;27;2022
7;710;31;48;24;2022
7;710;31;41;16;2022
7;710;31;107;51;2022
7;710;31;19;6;2022
7;710;31;15;15;2022
7;710;31;30;5;2022
7;710;42;8;8;2022
7;710;42;14;1;2022
7;710;31;12;5;2022
7;710;31;29;3;2022
7;710;31;26;2;2022
7;710;31;23;12;2022
7;710;31;13;3;2022
7;710;31;9;13;2022
7;710;31;18;12;2022
7;710;31;13;7;2022
7;710;31;13;5;2022
7;710;31;11;13;2022
7;710;31;21;13;2022
7;710;31;10;13;2022
7;710;31;2;0;2022
7;710;31;2;0;2022
7;710;31;0;1;2022
7;710;31;10;2;2022
7;710;31;7;2;2022
7;710;31;10;18;2022
7;709;42;37;43;2022
7;709;42;30;17;2022
7;709;42;31;19;2022
7;709;53;41;55;2022
7;709;53;8;22;2022
7;709;53;13;46;2022
7;709;53;47;91;2022
7;709;52;41;53;2022
7;709;52;17;29;2022
7;709;52;21;21;2022
7;709;52;29;30;2022
7;709;52;8;9;2022
7;709;53;55;83;2022
7;709;53;28;34;2022
7;709;53;1;17;2022
7;709;53;15;14;2022
7;709;53;22;34;2022
7;709;53;5;13;2022
7;709;53;15;14;2022
7;709;53;22;81;2022
7;709;53;10;52;2022
7;709;53;9;20;2022
7;709;53;13;41;2022
7;709;53;7;21;2022
7;709;53;30;24;2022
7;709;53;56;33;2022
7;709;53;23;9;2022
7;709;42;28;38;2022
7;709;42;25;41;2022
7;709;42;23;41;2022
7;709;42;46;73;2022
7;709;42;55;48;2022
7;709;42;54;64;2022
7;709;42;65;58;2022
7;709;42;54;57;2022
7;709;53;20;18;2022
7;709;53;10;6;2022
7;709;53;4;37;2022
7;709;53;2;14;2022
7;709;53;10;10;2022
7;709;53;4;7;2022
7;709;53;34;40;2022
7;709;53;3;3;2022
7;709;53;21;25;2022
7;709;53;5;4;2022
7;709;53;10;4;2022
7;709;42;12;17;2022
7;709;42;13;9;2022
7;713;62;21;2;2022
7;713;62;20;2;2022
7;713;62;18;2;2022
7;713;62;9;4;2022
7;713;62;9;0;2022
7;713;62;6;2;2022
7;713;62;11;1;2022
7;713;62;9;1;2022
7;713;62;5;2;2022
7;713;62;9;0;2022
7;713;62;11;0;2022
7;713;62;7;0;2022
7;713;62;29;9;2022
7;713;62;20;6;2022
7;713;62;12;3;2022
7;713;62;17;0;2022
7;713;62;1;1;2022
7;713;62;1;1;2022
7;713;62;5;0;2022
7;713;62;0;1;2022
7;713;81;1;1;2022
7;713;81;1;2;2022
7;713;81;2;3;2022
7;713;81;1;0;2022
7;713;62;2;0;2022
7;713;62;3;0;2022
7;713;62;2;2;2022
7;713;62;1;0;2022
7;713;62;1;0;2022
7;713;62;3;0;2022
7;713;62;3;0;2022
7;713;62;1;0;2022
7;713;62;1;0;2022
7;713;62;1;0;2022
7;713;62;2;2;2022
7;713;62;2;0;2022
7;713;62;8;5;2022
7;713;62;15;5;2022
7;713;62;1;1;2022
7;713;62;3;0;2022
7;713;62;3;1;2022
7;713;81;0;1;2022
7;713;62;6;2;2022
7;713;62;19;9;2022
7;708;22;41;12;2022
7;708;21;135;41;2022
7;708;21;47;18;2022
7;708;21;83;40;2022
7;708;21;134;26;2022
7;708;21;118;21;2022
7;708;21;15;6;2022
7;708;22;6;0;2022
7;708;21;9;2;2022
7;708;21;8;0;2022
7;708;21;7;1;2022
7;708;21;9;4;2022
7;708;21;46;19;2022
7;708;21;9;1;2022
7;708;21;9;0;2022
7;708;21;8;5;2022
7;708;21;37;8;2022
7;708;21;17;5;2022
7;708;22;4;0;2022
7;708;21;2;2;2022
7;708;21;7;0;2022
7;708;21;7;0;2022
7;708;21;5;12;2022
7;708;21;104;19;2022
7;708;21;15;2;2022
7;708;21;4;0;2022
7;708;21;10;4;2022
7;708;21;19;2;2022
7;708;21;23;3;2022
7;708;21;41;10;2022
7;708;21;13;6;2022
7;708;21;18;5;2022
7;708;21;10;5;2022
7;708;21;4;0;2022
7;708;21;8;3;2022
7;708;21;19;1;2022
7;708;21;21;1;2022
7;708;21;43;9;2022
7;708;21;13;4;2022
7;708;21;10;0;2022
7;708;21;3;3;2022
7;708;21;10;3;2022
7;708;21;1;0;2022
7;708;21;6;0;2022
7;708;21;11;4;2022
7;708;21;23;9;2022
7;708;21;20;4;2022
7;708;21;21;4;2022
7;708;21;10;2;2022
7;708;21;9;2;2022
7;711;42;74;52;2022
7;711;42;52;36;2022
7;711;42;42;38;2022
7;711;42;72;52;2022
7;711;42;38;35;2022
7;711;42;42;34;2022
7;711;42;60;77;2022
7;711;42;60;29;2022
7;711;42;47;23;2022
7;711;42;7;7;2022
7;711;42;10;3;2022
7;711;42;17;9;2022
7;711;42;7;4;2022
7;711;42;20;16;2022
7;711;42;12;1;2022
7;711;42;36;10;2022
7;711;42;41;6;2022
7;711;42;38;9;2022
7;711;42;10;5;2022
7;711;42;12;8;2022
7;711;42;15;6;2022
7;711;42;14;2;2022
7;711;42;7;3;2022
7;705;82;132;57;2022
7;705;82;82;47;2022
7;705;82;109;78;2022
7;705;82;44;25;2022
7;705;82;31;9;2022
7;705;82;37;13;2022
7;705;53;26;13;2022
7;705;53;25;7;2022
7;705;53;28;10;2022
7;705;53;8;6;2022
7;705;82;17;3;2022
7;705;82;13;7;2022
7;705;82;21;4;2022
7;705;82;25;9;2022
7;705;82;26;10;2022
7;705;82;12;3;2022
7;705;82;6;4;2022
7;705;82;30;8;2022
7;705;82;23;8;2022
7;705;82;19;4;2022
7;705;82;10;3;2022
7;712;71;57;58;2022
7;712;71;42;42;2022
7;712;71;58;41;2022
7;712;71;15;1;2022
7;702;22;175;36;2022
7;702;22;78;12;2022
7;702;22;172;17;2022
7;702;22;414;163;2022
7;702;22;148;48;2022
7;702;22;146;42;2022
7;702;22;301;36;2022
7;702;22;61;6;2022
7;702;22;72;8;2022
7;702;22;120;57;2022
7;702;22;40;12;2022
7;702;22;31;13;2022
7;702;34;78;33;2022
7;702;34;21;6;2022
7;702;34;35;7;2022
7;702;34;100;22;2022
7;702;34;26;5;2022
7;702;34;12;5;2022
7;702;22;45;13;2022
7;702;22;26;7;2022
7;702;22;19;2;2022
7;702;22;12;6;2022
7;702;22;26;2;2022
7;702;22;18;2;2022
7;702;22;25;7;2022
7;702;22;17;1;2022
7;702;22;26;12;2022
7;702;22;18;7;2022
7;702;33;16;5;2022
7;702;33;13;5;2022
7;702;22;20;11;2022
7;702;22;15;2;2022
7;702;34;24;7;2022
7;702;34;11;4;2022
7;702;22;10;4;2022
7;702;22;17;3;2022
7;702;22;12;7;2022
7;702;22;6;8;2022
7;702;22;7;0;2022
7;702;22;2;1;2022
7;702;22;1;1;2022
7;702;22;20;5;2022
7;702;22;10;3;2022
7;702;22;28;9;2022
7;702;22;10;0;2022
7;702;22;14;1;2022
7;702;22;6;2;2022
7;702;22;0;0;2022
7;702;22;9;2;2022
7;702;22;4;3;2022
7;702;22;3;3;2022
7;702;22;2;1;2022
7;702;22;9;4;2022
7;702;22;3;0;2022
7;702;22;6;3;2022
7;702;22;7;5;2022
7;702;22;0;2;2022
7;702;22;0;1;2022
7;703;32;571;148;2022
7;703;32;370;95;2022
7;703;32;202;48;2022
7;703;32;76;28;2022
7;703;32;262;78;2022
7;703;32;48;9;2022
7;703;32;25;5;2022
7;703;32;43;15;2022
7;703;32;31;8;2022
7;703;32;75;13;2022
7;703;32;69;2;2022
7;703;32;124;24;2022
7;703;32;63;12;2022
7;703;32;20;4;2022
7;703;32;6;4;2022
7;703;32;102;18;2022
7;703;32;73;13;2022
7;703;34;20;10;2022
7;703;34;11;4;2022
7;703;32;11;7;2022
7;703;32;10;18;2022
7;703;32;13;9;2022
7;703;32;4;4;2022
7;703;32;1;3;2022
7;703;32;7;2;2022
7;703;32;5;5;2022
7;703;32;9;10;2022
7;703;32;4;4;2022
7;703;32;0;1;2022
7;703;34;8;2;2022
7;703;34;11;9;2022
7;703;34;4;2;2022
7;703;34;0;1;2022
7;703;34;0;1;2022
7;703;32;16;7;2022
7;718;34;28;2;2022
7;718;34;22;10;2022
7;718;31;4;10;2022
7;718;34;16;6;2022
7;718;31;26;6;2022
7;718;34;20;12;2022
7;718;34;23;1;2022
7;718;31;19;10;2022
7;718;34;613;250;2022
7;718;31;555;317;2022
7;718;34;156;29;2022
7;718;31;94;43;2022
7;718;31;42;7;2022
7;718;31;69;20;2022
7;718;31;67;18;2022
7;718;31;46;14;2022
7;718;31;11;1;2022
7;718;34;49;10;2022
7;718;34;21;8;2022
7;718;34;24;2;2022
7;718;34;18;7;2022
7;718;34;23;4;2022
7;718;34;11;6;2022
7;718;34;12;2;2022
7;718;34;14;1;2022
7;718;34;8;4;2022
7;718;34;9;3;2022
7;718;34;10;3;2022
7;718;34;28;3;2022
7;718;31;20;10;2022
7;718;34;6;1;2022
7;718;34;9;4;2022
7;718;31;12;1;2022
7;718;31;7;3;2022
7;718;31;9;4;2022
7;703;71;186;99;2022
7;703;71;196;83;2022
7;703;71;176;89;2022
7;703;71;190;81;2022
7;703;71;157;66;2022
7;703;71;20;18;2022
7;703;71;7;15;2022
7;703;71;20;9;2022
7;703;71;16;13;2022
7;703;71;11;7;2022
7;703;71;34;4;2022
7;703;71;11;14;2022
7;703;71;25;15;2022
7;703;71;6;9;2022
7;703;71;19;3;2022
7;703;71;16;7;2022
7;703;71;22;2;2022
7;703;71;9;1;2022
7;703;71;11;2;2022
7;703;71;10;3;2022
7;703;71;4;2;2022
7;703;71;24;5;2022
7;703;71;25;15;2022
7;703;71;26;6;2022
7;703;71;31;2;2022
7;703;71;18;0;2022
7;703;71;7;1;2022
7;703;71;12;3;2022
7;703;71;10;8;2022
7;703;71;19;12;2022
7;703;71;21;10;2022
7;703;71;12;38;2022
7;703;71;39;11;2022
7;703;71;42;8;2022
7;703;71;22;10;2022
7;703;71;14;18;2022
7;703;71;14;6;2022
7;703;71;30;20;2022
7;703;71;60;40;2022
7;703;71;20;15;2022
7;703;71;18;12;2022
7;703;71;38;12;2022
7;703;71;20;15;2022
7;703;71;20;10;2022
7;703;71;22;11;2022
7;703;71;16;4;2022
7;703;71;10;10;2022
7;703;71;12;8;2022
7;703;71;20;10;2022
7;703;71;18;12;2022
7;703;71;25;10;2022
7;703;71;23;12;2022
7;703;71;14;6;2022
7;703;71;15;15;2022
7;703;71;26;22;2022
7;703;71;22;11;2022
7;703;71;20;10;2022
7;703;71;22;20;2022
7;703;71;18;12;2022
7;703;71;13;13;2022
7;703;71;24;12;2022
7;703;71;20;10;2022
7;703;71;23;12;2022
7;703;71;18;12;2022
7;703;71;11;4;2022
7;703;71;13;1;2022
7;703;71;18;3;2022
7;703;71;12;14;2022
7;703;71;10;1;2022
7;703;71;196;81;2022
5;502;33;16;8;2022
5;502;33;14;1;2022
5;502;33;15;2;2022
5;502;33;12;3;2022
5;502;33;11;7;2022
5;502;33;13;1;2022
5;502;33;21;3;2022
5;502;33;12;4;2022
5;502;33;9;3;2022
5;502;33;16;4;2022
5;502;33;39;12;2022
5;502;33;32;8;2022
5;502;33;63;23;2022
5;502;33;5;2;2022
5;502;33;3;0;2022
5;502;33;0;1;2022
5;502;33;38;7;2022
5;502;33;28;5;2022
5;502;33;29;7;2022
5;502;33;4;4;2022
5;511;34;6;1;2022
5;511;42;27;13;2022
5;511;34;11;15;2022
5;511;42;17;10;2022
5;511;31;15;6;2022
5;511;31;3;6;2022
5;511;34;45;18;2022
5;511;34;20;5;2022
5;511;31;24;6;2022
5;511;31;12;3;2022
5;511;31;7;2;2022
5;511;31;32;5;2022
5;511;31;27;5;2022
5;511;31;26;7;2022
5;511;31;21;5;2022
5;511;31;32;12;2022
5;511;31;18;8;2022
5;511;34;25;7;2022
5;511;34;24;1;2022
5;511;31;22;17;2022
5;511;31;13;10;2022
5;511;31;31;12;2022
5;511;31;16;9;2022
5;511;42;24;7;2022
5;511;42;15;11;2022
5;511;34;15;16;2022
5;511;34;25;6;2022
5;511;31;16;6;2022
5;511;31;30;8;2022
5;511;31;19;10;2022
5;511;31;237;182;2022
5;511;34;146;79;2022
5;511;31;178;86;2022
5;511;34;105;41;2022
5;511;31;157;79;2022
5;511;31;30;10;2022
5;511;31;49;39;2022
5;511;34;12;8;2022
5;511;34;54;16;2022
5;512;42;18;13;2022
5;512;42;5;9;2022
5;512;42;21;10;2022
5;512;42;21;18;2022
5;512;42;4;1;2022
5;512;42;17;10;2022
5;512;42;14;4;2022
5;512;42;15;13;2022
5;512;31;21;8;2022
5;512;31;16;7;2022
5;512;31;39;10;2022
5;512;42;125;157;2022
5;512;31;20;7;2022
5;512;42;16;16;2022
5;512;42;34;21;2022
5;512;42;23;22;2022
5;512;42;1;0;2022
5;512;42;20;38;2022
5;512;42;33;23;2022
5;512;42;31;17;2022
5;513;21;96;19;2022
5;513;21;76;61;2022
5;513;21;85;35;2022
5;513;21;19;7;2022
5;513;21;21;13;2022
5;513;21;9;2;2022
5;513;21;44;6;2022
5;513;21;32;14;2022
5;513;21;11;4;2022
5;513;21;29;11;2022
5;513;21;29;16;2022
5;513;21;14;3;2022
5;513;21;59;9;2022
5;513;21;35;13;2022
5;513;21;8;4;2022
5;513;21;9;1;2022
5;513;21;13;8;2022
5;513;21;11;1;2022
5;513;21;19;3;2022
5;513;21;11;3;2022
5;513;21;17;2;2022
5;513;21;8;0;2022
5;513;21;13;5;2022
5;513;21;7;2;2022
5;513;21;15;3;2022
5;513;21;38;2;2022
5;513;21;34;6;2022
5;504;61;38;18;2022
5;504;61;39;15;2022
5;504;61;43;17;2022
5;504;61;32;15;2022
5;510;42;72;123;2022
5;510;42;83;94;2022
5;510;42;82;114;2022
5;510;42;13;7;2022
5;510;42;58;35;2022
5;506;31;518;294;2022
5;506;31;101;42;2022
5;506;31;186;68;2022
5;506;31;237;95;2022
5;506;31;66;27;2022
5;506;31;34;7;2022
5;506;31;25;3;2022
5;506;31;30;11;2022
5;506;31;50;13;2022
5;506;31;26;11;2022
5;506;31;27;12;2022
5;506;31;43;28;2022
5;506;31;29;15;2022
5;506;31;31;7;2022
5;506;31;30;5;2022
5;506;31;17;9;2022
5;506;31;8;2;2022
5;506;31;20;10;2022
5;506;31;23;5;2022
5;506;31;6;6;2022
5;506;31;9;27;2022
5;506;31;8;6;2022
5;506;31;1;4;2022
5;506;31;9;10;2022
5;506;31;6;4;2022
5;506;31;60;15;2022
5;506;31;90;35;2022
5;506;31;50;17;2022
5;506;31;25;17;2022
5;506;31;15;8;2022
5;506;31;9;6;2022
5;506;31;20;8;2022
5;506;31;16;7;2022
5;506;31;38;10;2022
5;506;31;19;8;2022
5;506;31;22;12;2022
5;506;31;7;4;2022
5;506;31;5;3;2022
5;506;31;2;0;2022
5;504;43;150;9;2022
5;504;43;64;4;2022
5;504;43;26;3;2022
5;504;43;30;1;2022
5;504;51;37;1;2022
5;504;43;39;2;2022
5;504;43;17;2;2022
5;504;51;27;3;2022
5;504;43;31;2;2022
5;504;43;22;3;2022
5;504;43;14;2;2022
5;504;43;17;0;2022
5;504;43;13;5;2022
5;504;43;10;0;2022
5;504;43;8;1;2022
5;504;43;29;1;2022
5;504;43;21;3;2022
5;503;72;45;6;2022
5;503;72;42;12;2022
5;503;72;46;4;2022
5;503;72;29;4;2022
5;503;72;19;4;2022
5;503;72;32;5;2022
5;503;72;10;3;2022
5;508;33;54;7;2022
5;508;33;28;4;2022
5;508;33;43;5;2022
5;508;33;24;2;2022
5;508;33;38;2;2022
5;508;33;9;9;2022
5;508;33;5;4;2022
5;508;33;16;4;2022
5;508;33;13;1;2022
5;508;33;17;3;2022
5;508;33;16;1;2022
5;508;33;54;10;2022
5;508;33;27;3;2022
5;508;33;48;4;2022
5;507;83;230;463;2022
5;507;83;151;287;2022
5;507;83;7;24;2022
5;507;83;133;289;2022
5;507;83;9;52;2022
5;507;83;17;30;2022
5;507;83;1;9;2022
5;507;83;27;23;2022
5;507;83;18;13;2022
5;507;83;26;12;2022
5;507;83;7;12;2022
5;507;83;23;30;2022
5;507;83;6;20;2022
5;505;21;4;10;2022
5;505;42;3;15;2022
5;505;21;1;4;2022
5;505;21;5;4;2022
5;505;21;4;5;2022
5;505;21;1;8;2022
5;505;42;5;13;2022
5;505;21;10;9;2022
5;505;21;0;4;2022
5;505;21;1;9;2022
5;505;21;3;7;2022
5;505;21;3;6;2022
5;505;21;17;7;2022
5;505;42;26;18;2022
5;505;42;13;7;2022
5;505;33;28;16;2022
5;505;33;11;10;2022
5;505;42;68;91;2022
5;505;42;57;58;2022
5;505;42;28;60;2022
5;505;42;59;70;2022
5;505;42;40;56;2022
5;505;42;30;48;2022
5;505;42;8;5;2022
5;505;42;7;11;2022
5;505;42;8;5;2022
5;505;42;22;32;2022
5;505;42;22;25;2022
5;505;42;32;27;2022
5;505;42;39;20;2022
5;505;42;32;10;2022
5;505;42;7;5;2022
5;505;42;7;11;2022
5;505;42;8;5;2022
5;505;42;64;66;2022
5;505;42;65;92;2022
5;505;42;53;74;2022
5;505;21;17;24;2022
5;505;21;4;4;2022
5;505;21;1;4;2022
5;505;21;1;8;2022
5;505;21;5;4;2022
5;505;21;2;8;2022
5;505;21;0;4;2022
5;505;21;3;6;2022
5;505;21;1;9;2022
5;501;22;8;27;2022
5;501;22;4;9;2022
5;501;22;5;9;2022
5;501;22;10;3;2022
5;501;22;12;3;2022
5;501;22;13;3;2022
5;501;22;4;1;2022
5;501;22;8;1;2022
5;501;22;8;1;2022
5;501;22;9;1;2022
5;501;22;8;1;2022
5;501;22;13;3;2022
5;501;22;16;3;2022
5;501;22;16;3;2022
5;501;22;25;12;2022
5;501;22;25;15;2022
5;501;22;25;14;2022
5;501;22;71;34;2022
5;501;22;44;13;2022
5;501;22;16;2;2022
5;501;22;13;2;2022
5;501;22;77;19;2022
5;501;22;38;8;2022
5;501;22;11;3;2022
5;501;22;22;1;2022
5;501;22;31;4;2022
5;501;22;18;1;2022
5;501;22;16;5;2022
5;501;22;13;3;2022
5;501;22;18;3;2022
5;501;22;9;0;2022
5;501;22;15;0;2022
5;501;22;11;3;2022
5;501;34;9;5;2022
5;501;34;9;3;2022
5;501;22;2;3;2022
5;501;22;29;9;2022
5;501;22;9;2;2022
5;501;22;20;6;2022
5;501;22;36;0;2022
5;501;22;15;20;2022
5;501;22;15;4;2022
5;501;22;54;6;2022
5;501;22;60;11;2022
5;501;44;25;7;2022
5;501;22;194;47;2022
5;501;22;123;23;2022
5;501;22;156;30;2022
5;501;22;240;98;2022
5;501;22;120;27;2022
5;501;22;134;24;2022
5;501;22;141;36;2022
5;501;22;38;14;2022
5;501;22;52;6;2022
5;501;22;27;3;2022
5;501;22;29;2;2022
5;501;22;53;5;2022
5;501;22;28;1;2022
5;501;22;46;3;2022
5;501;22;49;10;2022
5;501;22;112;3;2022
5;501;22;53;0;2022
5;501;22;74;36;2022
5;501;22;29;6;2022
5;501;22;36;3;2022
5;501;22;5;1;2022
5;501;34;49;31;2022
5;501;34;37;15;2022
5;501;34;18;6;2022
5;501;34;23;6;2022
5;501;34;28;11;2022
5;501;34;44;23;2022
5;501;34;21;20;2022
5;501;34;14;2;2022
5;501;22;86;13;2022
5;501;22;21;1;2022
5;501;22;51;9;2022
5;501;22;121;26;2022
5;501;22;35;5;2022
5;501;34;102;25;2022
5;501;22;33;1;2022
9;912;53;17;35;2022
9;912;53;39;40;2022
9;912;53;41;24;2022
9;912;53;7;38;2022
9;912;53;28;19;2022
9;912;53;27;11;2022
9;907;11;206;46;2022
9;907;11;115;23;2022
9;907;11;223;65;2022
9;907;83;26;9;2022
9;907;83;29;12;2022
9;907;83;27;13;2022
9;907;22;76;29;2022
9;907;22;49;11;2022
9;907;22;13;4;2022
9;906;32;345;95;2022
9;906;32;177;45;2022
9;906;32;20;3;2022
9;906;32;159;24;2022
9;906;32;15;5;2022
9;906;32;29;7;2022
9;906;32;19;5;2022
9;906;32;26;14;2022
9;906;32;38;2;2022
9;906;32;29;8;2022
9;906;32;13;8;2022
9;906;32;27;3;2022
9;906;32;30;13;2022
9;905;42;11;5;2022
9;905;42;11;3;2022
9;905;42;11;8;2022
9;905;42;10;1;2022
9;905;31;6;2;2022
9;905;31;1;6;2022
9;905;41;4;3;2022
9;905;41;15;4;2022
9;905;41;8;8;2022
9;905;42;50;37;2022
9;905;42;9;7;2022
9;905;42;12;6;2022
9;905;42;25;11;2022
9;905;42;18;7;2022
9;905;42;41;43;2022
9;904;53;112;229;2022
9;904;53;123;183;2022
9;904;42;64;45;2022
9;904;53;64;21;2022
9;904;42;8;8;2022
9;904;53;47;51;2022
9;904;53;31;35;2022
9;904;53;7;6;2022
9;904;53;42;55;2022
9;904;53;17;9;2022
9;904;53;16;6;2022
9;904;53;22;10;2022
9;904;53;18;22;2022
9;904;53;8;14;2022
9;904;53;2;35;2022
9;904;53;5;20;2022
9;904;53;18;21;2022
9;904;53;14;14;2022
9;904;53;7;13;2022
9;904;53;13;8;2022
9;910;53;6;12;2022
9;910;53;5;12;2022
9;910;42;10;15;2022
9;910;53;14;13;2022
9;910;42;25;43;2022
9;910;53;2;8;2022
9;910;42;11;10;2022
9;910;53;0;4;2022
9;910;42;3;4;2022
9;910;53;5;1;2022
9;910;53;4;6;2022
9;910;53;2;3;2022
9;910;42;5;4;2022
9;910;42;6;9;2022
9;910;53;0;17;2022
9;910;53;2;14;2022
9;910;53;6;12;2022
9;910;53;4;5;2022
9;910;53;3;0;2022
9;910;53;10;2;2022
9;902;21;4;1;2022
9;902;21;16;3;2022
9;902;21;27;3;2022
9;902;21;7;2;2022
9;902;21;32;4;2022
9;902;21;23;0;2022
9;902;21;23;4;2022
9;902;21;6;2;2022
9;902;21;6;2;2022
9;902;21;4;2;2022
9;902;21;3;0;2022
9;902;21;29;1;2022
9;902;21;97;22;2022
9;902;21;16;5;2022
9;902;21;27;10;2022
9;902;21;18;2;2022
9;902;21;6;1;2022
9;902;21;5;1;2022
9;902;21;10;3;2022
9;902;21;12;2;2022
9;903;21;36;8;2022
9;903;21;17;7;2022
9;903;21;25;8;2022
9;903;21;13;1;2022
9;903;21;11;2;2022
9;903;21;28;7;2022
9;903;21;5;4;2022
9;903;21;10;0;2022
9;903;21;27;5;2022
9;903;21;9;2;2022
9;903;21;10;0;2022
9;903;21;9;9;2022
9;903;21;11;2;2022
9;909;21;59;10;2022
9;909;21;6;4;2022
9;909;21;9;4;2022
9;909;21;11;9;2022
9;909;21;29;5;2022
9;909;21;14;0;2022
9;909;21;8;1;2022
9;909;21;8;0;2022
9;909;21;20;6;2022
9;909;21;11;2;2022
9;909;21;15;8;2022
9;909;21;13;1;2022
9;908;31;18;7;2022
9;908;31;7;3;2022
9;908;31;26;10;2022
9;908;31;12;2;2022
9;908;34;37;4;2022
9;908;34;26;6;2022
9;908;31;24;4;2022
9;908;31;19;1;2022
9;908;31;458;185;2022
9;908;34;96;41;2022
9;908;31;79;15;2022
9;908;31;57;14;2022
9;908;34;46;11;2022
9;908;34;30;3;2022
9;908;31;12;7;2022
9;908;31;64;18;2022
9;908;31;62;20;2022
9;908;42;33;5;2022
9;908;42;9;6;2022
9;908;42;13;8;2022
9;908;42;15;3;2022
9;908;42;10;5;2022
9;908;42;83;67;2022
9;908;42;70;68;2022
9;908;42;33;29;2022
9;908;42;32;37;2022
9;908;42;22;6;2022
9;908;42;27;6;2022
9;908;42;27;28;2022
9;908;42;16;3;2022
9;908;42;6;1;2022
9;901;22;204;86;2022
9;901;22;35;18;2022
9;901;22;74;25;2022
9;901;22;77;21;2022
9;901;22;21;3;2022
9;901;22;27;22;2022
9;901;22;49;16;2022
9;901;22;11;4;2022
9;901;22;12;2;2022
9;901;22;38;18;2022
9;901;22;36;5;2022
9;901;22;28;9;2022
9;901;22;186;42;2022
9;901;22;75;13;2022
9;901;22;70;31;2022
9;901;22;16;5;2022
9;901;22;10;1;2022
9;901;22;8;4;2022
9;901;22;7;5;2022
9;901;22;12;8;2022
9;901;22;3;5;2022
9;901;22;35;15;2022
9;901;22;17;10;2022
9;901;22;29;34;2022
9;901;22;7;12;2022
9;901;22;27;6;2022
9;901;22;7;6;2022
9;901;22;60;35;2022
9;901;22;8;1;2022
9;901;22;5;3;2022
9;901;22;2;3;2022
9;901;22;9;4;2022
9;901;22;9;5;2022
9;901;22;1;4;2022
9;911;44;7;0;2022
9;911;44;0;2;2022
9;911;44;3;1;2022
9;911;51;24;1;2022
9;911;51;7;1;2022
9;911;51;12;0;2022
9;911;42;27;26;2022
9;911;42;4;7;2022
9;911;42;10;4;2022
9;911;53;16;5;2022
9;911;53;10;3;2022
9;911;53;23;4;2022
9;911;43;11;0;2022
9;911;43;3;0;2022
9;911;43;7;2;2022
9;911;44;8;3;2022
9;911;44;4;2;2022
9;911;43;13;1;2022
9;911;43;16;0;2022
9;911;51;24;2;2022
9;911;51;27;4;2022
9;911;53;31;11;2022
9;911;53;23;7;2022
9;911;42;11;3;2022
9;911;42;7;6;2022
13;1323;31;61;15;2022
13;1323;31;82;13;2022
13;1323;42;32;19;2022
13;1323;52;49;49;2022
13;1323;53;12;41;2022
13;1323;31;21;3;2022
13;1323;31;28;1;2022
13;1323;42;6;7;2022
13;1323;52;6;19;2022
13;1323;52;21;10;2022
13;1323;52;3;9;2022
13;1323;53;5;4;2022
13;1323;31;33;5;2022
13;1323;31;41;7;2022
13;1323;42;8;11;2022
13;1323;52;7;9;2022
13;1323;52;16;12;2022
13;1323;52;1;9;2022
13;1323;53;14;17;2022
13;1323;44;0;3;2022
13;1323;52;1;0;2022
13;1323;42;1;0;2022
13;1324;53;33;33;2022
13;1324;53;18;16;2022
13;1324;53;24;16;2022
13;1324;53;94;125;2022
13;1324;53;68;69;2022
13;1324;42;12;9;2022
13;1324;42;31;28;2022
13;1305;42;66;106;2022
13;1305;53;25;70;2022
13;1305;31;45;21;2022
13;1305;53;37;123;2022
13;1305;31;49;18;2022
13;1305;31;42;17;2022
13;1305;53;13;39;2022
13;1305;53;7;37;2022
13;1305;53;21;47;2022
13;1305;53;5;16;2022
13;1305;42;16;11;2022
13;1305;42;7;23;2022
13;1305;42;10;18;2022
13;1305;31;20;3;2022
13;1305;31;35;11;2022
13;1305;31;30;5;2022
13;1305;31;25;17;2022
13;1305;53;15;28;2022
13;1305;53;15;33;2022
13;1305;53;21;47;2022
13;1305;53;2;15;2022
13;1305;42;18;14;2022
13;1305;42;11;8;2022
13;1305;42;17;14;2022
13;1305;31;13;3;2022
13;1305;31;35;4;2022
13;1305;53;11;15;2022
13;1305;53;7;8;2022
13;1305;42;14;5;2022
13;1305;42;15;7;2022
13;1301;42;80;92;2022
13;1301;31;106;62;2022
13;1301;42;20;29;2022
13;1301;42;18;29;2022
13;1301;42;7;15;2022
13;1301;42;30;61;2022
13;1301;42;7;13;2022
13;1301;42;6;11;2022
13;1301;31;15;4;2022
13;1301;82;11;6;2022
13;1301;31;9;3;2022
13;1301;31;59;23;2022
13;1301;82;35;7;2022
13;1301;31;16;5;2022
13;1301;81;20;2;2022
13;1301;81;14;1;2022
13;1301;31;16;11;2022
13;1303;31;52;13;2022
13;1303;31;40;15;2022
13;1303;31;18;12;2022
13;1303;31;13;6;2022
13;1303;31;11;0;2022
13;1303;31;8;3;2022
13;1303;31;15;5;2022
13;1303;31;39;11;2022
13;1303;31;21;5;2022
13;1303;53;40;83;2022
13;1303;53;17;12;2022
13;1303;53;8;21;2022
13;1303;53;17;13;2022
13;1303;53;9;27;2022
13;1303;42;45;68;2022
13;1303;42;12;9;2022
13;1303;42;4;6;2022
13;1303;42;7;7;2022
13;1303;42;12;14;2022
13;1303;42;7;4;2022
13;1303;42;9;6;2022
13;1303;42;13;5;2022
13;1303;53;28;91;2022
13;1303;53;1;10;2022
13;1303;53;16;34;2022
13;1303;53;1;13;2022
13;1303;53;13;39;2022
13;1303;53;13;11;2022
13;1303;53;15;9;2022
13;1303;53;6;11;2022
13;1302;42;7;4;2022
13;1302;42;5;15;2022
13;1302;53;3;7;2022
13;1302;31;36;16;2022
13;1302;31;26;12;2022
13;1302;53;7;8;2022
13;1302;53;6;11;2022
13;1302;53;11;17;2022
13;1302;42;7;8;2022
13;1302;42;2;6;2022
13;1302;53;2;9;2022
13;1302;31;45;23;2022
13;1302;31;33;10;2022
13;1302;53;4;7;2022
13;1302;53;3;7;2022
13;1302;31;76;40;2022
13;1302;31;76;31;2022
13;1302;42;22;47;2022
13;1302;53;17;29;2022
13;1302;53;19;33;2022
13;1304;53;42;133;2022
13;1304;53;34;66;2022
13;1304;31;218;103;2022
13;1304;42;92;95;2022
13;1304;31;75;17;2022
13;1304;42;26;23;2022
13;1304;53;2;11;2022
13;1304;53;11;24;2022
13;1304;53;3;12;2022
13;1304;53;15;19;2022
13;1304;53;13;19;2022
13;1304;53;3;14;2022
13;1304;53;1;23;2022
13;1304;53;15;27;2022
13;1304;53;9;5;2022
13;1304;53;7;4;2022
13;1304;31;37;3;2022
13;1304;42;29;23;2022
13;1304;53;16;34;2022
13;1304;53;15;47;2022
13;1304;31;12;13;2022
13;1304;31;14;2;2022
13;1306;53;23;101;2022
13;1306;42;51;65;2022
13;1306;53;28;59;2022
13;1306;53;13;19;2022
13;1306;53;1;10;2022
13;1306;53;5;26;2022
13;1306;42;2;7;2022
13;1306;42;22;20;2022
13;1306;42;5;7;2022
13;1306;53;20;14;2022
13;1306;53;22;29;2022
13;1306;53;10;20;2022
13;1306;53;0;10;2022
13;1306;53;12;37;2022
13;1306;42;5;4;2022
13;1306;42;41;23;2022
13;1306;42;17;8;2022
13;1306;53;13;23;2022
13;1306;53;18;23;2022
13;1306;53;2;15;2022
13;1307;53;10;31;2022
13;1307;53;2;5;2022
13;1307;53;8;12;2022
13;1307;42;6;4;2022
13;1307;42;7;12;2022
13;1307;42;8;13;2022
13;1307;31;56;6;2022
13;1307;31;27;7;2022
13;1307;31;27;13;2022
13;1307;53;61;24;2022
13;1307;53;29;9;2022
13;1307;53;31;21;2022
13;1308;31;74;18;2022
13;1308;42;62;73;2022
13;1308;53;15;83;2022
13;1308;53;31;72;2022
13;1308;31;38;20;2022
13;1308;31;26;10;2022
13;1308;31;17;3;2022
13;1308;53;5;11;2022
13;1308;53;8;16;2022
13;1308;42;3;10;2022
13;1308;42;4;10;2022
13;1308;53;1;10;2022
13;1308;53;5;25;2022
13;1308;42;8;14;2022
13;1308;42;12;6;2022
13;1308;53;5;7;2022
13;1308;53;6;10;2022
13;1308;53;1;9;2022
13;1308;53;4;12;2022
13;1308;31;17;7;2022
13;1308;31;16;5;2022
13;1308;31;12;9;2022
13;1308;31;14;4;2022
13;1308;53;5;15;2022
13;1308;53;8;6;2022
13;1308;42;5;19;2022
13;1308;42;8;5;2022
13;1308;31;3;0;2022
13;1309;53;38;60;2022
13;1309;53;17;3;2022
13;1309;53;10;11;2022
13;1309;53;11;12;2022
13;1309;53;11;18;2022
13;1309;53;3;11;2022
13;1309;53;13;8;2022
13;1309;31;61;24;2022
13;1309;31;73;22;2022
13;1309;31;42;12;2022
13;1309;31;45;8;2022
13;1309;31;3;1;2022
13;1309;31;0;1;2022
13;1309;42;67;68;2022
13;1309;42;6;4;2022
13;1309;42;11;15;2022
13;1309;42;7;3;2022
13;1309;42;19;25;2022
13;1309;53;39;101;2022
13;1309;53;5;17;2022
13;1309;53;3;7;2022
13;1309;53;11;13;2022
13;1309;53;9;26;2022
13;1309;53;4;9;2022
13;1309;53;10;8;2022
13;1310;31;106;63;2022
13;1310;31;63;63;2022
13;1310;31;69;52;2022
13;1310;42;69;108;2022
13;1310;52;56;106;2022
13;1310;53;50;163;2022
13;1310;53;51;106;2022
13;1310;52;13;26;2022
13;1310;52;31;34;2022
13;1310;52;5;8;2022
13;1310;53;8;12;2022
13;1310;53;18;53;2022
13;1310;53;3;16;2022
13;1310;42;4;14;2022
13;1310;42;9;8;2022
13;1310;31;8;8;2022
13;1310;31;7;5;2022
13;1310;53;8;24;2022
13;1310;53;9;12;2022
13;1310;31;15;4;2022
13;1310;31;12;4;2022
13;1310;52;17;25;2022
13;1310;52;29;28;2022
13;1310;52;6;9;2022
13;1310;52;5;27;2022
13;1310;53;9;17;2022
13;1310;53;4;26;2022
13;1310;53;4;22;2022
13;1310;53;7;23;2022
13;1310;53;1;23;2022
13;1310;53;21;21;2022
13;1310;53;8;27;2022
13;1310;53;5;22;2022
13;1310;53;7;18;2022
13;1310;53;11;21;2022
13;1310;53;4;24;2022
13;1310;53;8;24;2022
13;1310;31;11;1;2022
13;1310;31;10;4;2022
13;1310;82;6;6;2022
13;1310;31;6;5;2022
13;1310;31;5;3;2022
13;1310;31;6;2;2022
13;1310;31;36;18;2022
13;1310;31;35;20;2022
13;1310;31;16;6;2022
13;1310;82;11;8;2022
13;1310;31;13;13;2022
13;1310;31;15;8;2022
13;1310;31;63;22;2022
13;1310;42;8;7;2022
13;1310;42;49;67;2022
13;1310;42;4;16;2022
13;1310;53;2;18;2022
13;1310;53;3;11;2022
13;1310;53;20;56;2022
13;1310;53;12;17;2022
13;1310;42;14;23;2022
13;1310;42;40;83;2022
13;1310;42;14;19;2022
13;1310;52;0;0;2022
13;1312;42;51;51;2022
13;1312;31;89;48;2022
13;1312;31;84;36;2022
13;1312;31;30;20;2022
13;1312;52;33;55;2022
13;1312;53;27;91;2022
13;1312;53;42;49;2022
13;1312;53;4;13;2022
13;1312;52;6;19;2022
13;1312;52;15;19;2022
13;1312;42;4;8;2022
13;1312;42;12;9;2022
13;1312;53;17;16;2022
13;1312;53;16;13;2022
13;1312;53;4;17;2022
13;1312;31;20;8;2022
13;1312;31;11;4;2022
13;1312;31;15;12;2022
13;1312;53;12;20;2022
13;1312;52;19;25;2022
13;1312;52;5;7;2022
13;1312;42;7;3;2022
13;1312;42;20;10;2022
13;1312;53;17;26;2022
13;1312;53;9;12;2022
13;1312;53;7;17;2022
13;1312;31;29;6;2022
13;1312;31;18;5;2022
13;1312;31;16;11;2022
13;1314;51;24;3;2022
13;1314;53;51;63;2022
13;1314;53;5;14;2022
13;1314;51;12;0;2022
13;1314;53;11;7;2022
13;1314;53;7;27;2022
13;1314;53;12;11;2022
13;1314;42;12;19;2022
13;1314;42;9;8;2022
13;1314;53;30;100;2022
13;1314;42;86;129;2022
13;1314;51;29;2;2022
13;1314;53;13;11;2022
13;1314;53;13;10;2022
13;1314;42;28;20;2022
13;1314;42;17;8;2022
13;1314;53;16;26;2022
13;1314;53;2;20;2022
13;1314;51;27;3;2022
13;1314;51;13;0;2022
13;1314;62;6;24;2022
13;1314;62;12;16;2022
13;1314;53;19;13;2022
13;1314;53;9;9;2022
13;1311;51;57;4;2022
13;1311;51;36;3;2022
13;1311;51;39;3;2022
13;1311;51;11;4;2022
13;1311;51;26;1;2022
13;1311;42;36;46;2022
13;1311;42;4;5;2022
13;1311;42;6;3;2022
13;1311;42;19;22;2022
13;1311;42;27;20;2022
13;1311;31;47;26;2022
13;1311;31;46;9;2022
13;1311;31;20;8;2022
13;1311;31;55;24;2022
13;1311;31;24;3;2022
13;1311;31;15;2;2022
13;1311;31;13;8;2022
13;1311;31;21;11;2022
13;1315;31;82;24;2022
13;1315;31;118;46;2022
13;1315;31;71;30;2022
13;1315;42;91;134;2022
13;1315;52;37;70;2022
13;1315;53;21;117;2022
13;1315;51;83;9;2022
13;1315;53;0;7;2022
13;1315;42;6;9;2022
13;1315;31;10;0;2022
13;1315;31;0;0;2022
13;1315;82;9;4;2022
13;1315;42;2;14;2022
13;1315;44;29;2;2022
13;1315;51;17;1;2022
13;1315;53;5;18;2022
13;1315;53;0;32;2022
13;1315;52;15;23;2022
13;1315;53;6;49;2022
13;1315;42;33;35;2022
13;1315;52;8;13;2022
13;1315;31;15;1;2022
13;1315;31;13;2;2022
13;1315;52;1;0;2022
13;1315;51;1;0;2022
13;1315;53;0;3;2022
13;1315;52;0;3;2022
13;1315;31;2;0;2022
13;1315;31;6;1;2022
13;1315;53;0;2;2022
13;1315;42;1;0;2022
13;1315;42;1;3;2022
13;1315;42;0;1;2022
13;1315;53;5;12;2022
13;1315;42;12;6;2022
13;1315;31;18;4;2022
13;1315;31;18;2;2022
13;1315;31;8;5;2022
13;1315;82;25;6;2022
13;1315;44;15;2;2022
13;1315;51;12;0;2022
13;1315;53;2;15;2022
13;1315;53;3;25;2022
13;1315;52;11;17;2022
13;1315;53;8;54;2022
13;1315;42;48;36;2022
13;1315;31;11;1;2022
13;1315;52;9;29;2022
13;1315;42;3;11;2022
13;1315;31;10;2;2022
13;1315;31;8;6;2022
13;1315;31;9;0;2022
13;1315;31;14;7;2022
13;1315;31;16;2;2022
13;1315;31;15;10;2022
13;1315;31;10;4;2022
13;1315;42;12;7;2022
13;1315;42;6;2;2022
13;1315;42;9;2;2022
13;1315;42;18;12;2022
13;1315;42;11;5;2022
13;1315;53;2;3;2022
13;1315;53;21;7;2022
13;1315;53;9;7;2022
13;1313;31;64;35;2022
13;1313;42;71;73;2022
13;1313;53;49;112;2022
13;1313;53;41;82;2022
13;1313;42;20;24;2022
13;1313;42;16;38;2022
13;1313;42;4;11;2022
13;1313;42;9;6;2022
13;1313;42;4;6;2022
13;1313;42;6;4;2022
13;1313;42;22;18;2022
13;1313;42;14;12;2022
13;1313;53;15;29;2022
13;1313;53;1;16;2022
13;1313;53;11;33;2022
13;1313;53;11;10;2022
13;1313;53;9;12;2022
13;1313;53;16;28;2022
13;1313;53;15;8;2022
13;1313;53;4;17;2022
13;1313;53;1;15;2022
13;1313;53;12;23;2022
13;1313;53;10;34;2022
13;1313;53;5;36;2022
13;1313;53;7;9;2022
13;1313;53;5;9;2022
13;1313;31;26;8;2022
13;1313;31;33;6;2022
13;1313;42;12;12;2022
13;1313;42;9;5;2022
13;1313;42;15;13;2022
13;1313;42;8;5;2022
13;1313;51;11;16;2022
13;1313;51;9;10;2022
13;1313;53;0;0;2022
13;1313;53;0;0;2022
13;1313;53;16;10;2022
13;1313;53;11;1;2022
13;1313;53;13;16;2022
13;1313;53;7;13;2022
13;1320;31;34;11;2022
13;1320;31;76;29;2022
13;1320;42;70;90;2022
13;1320;52;56;58;2022
13;1320;53;38;93;2022
13;1320;53;31;89;2022
13;1320;31;73;47;2022
13;1320;53;2;22;2022
13;1320;42;5;17;2022
13;1320;44;1;8;2022
13;1320;53;18;40;2022
13;1320;53;5;23;2022
13;1320;52;14;23;2022
13;1320;42;18;18;2022
13;1320;31;16;5;2022
13;1320;53;3;11;2022
13;1320;52;24;35;2022
13;1320;42;6;23;2022
13;1320;53;10;25;2022
13;1320;53;18;44;2022
13;1320;31;17;7;2022
13;1320;31;19;9;2022
13;1320;31;33;11;2022
13;1320;42;34;69;2022
13;1320;53;15;58;2022
13;1320;53;2;16;2022
13;1320;42;2;15;2022
13;1320;42;14;16;2022
13;1320;44;8;17;2022
13;1320;53;21;30;2022
13;1320;53;2;10;2022
13;1320;52;25;42;2022
13;1320;42;10;7;2022
13;1320;31;8;7;2022
13;1320;31;15;9;2022
13;1320;53;1;10;2022
13;1320;52;15;25;2022
13;1320;53;7;22;2022
13;1320;53;15;43;2022
13;1320;31;15;10;2022
13;1320;31;41;19;2022
13;1320;31;48;21;2022
13;1320;42;39;42;2022
13;1320;53;7;21;2022
13;1320;31;15;13;2022
13;1320;42;10;8;2022
13;1320;42;12;11;2022
13;1322;53;19;66;2022
13;1322;52;48;52;2022
13;1322;42;37;34;2022
13;1322;53;20;30;2022
13;1322;52;15;15;2022
13;1322;52;3;12;2022
13;1322;42;4;11;2022
13;1322;53;10;0;2022
13;1322;53;17;4;2022
13;1322;53;7;10;2022
13;1322;52;20;29;2022
13;1322;52;8;6;2022
13;1322;42;6;5;2022
13;1322;53;11;6;2022
13;1322;53;7;12;2022
13;1322;53;8;6;2022
13;1322;53;4;9;2022
13;1322;53;5;19;2022
13;1322;42;5;3;2022
13;1321;42;70;95;2022
13;1321;42;14;5;2022
13;1321;42;16;24;2022
13;1321;42;12;12;2022
13;1321;42;13;8;2022
13;1321;42;27;45;2022
13;1321;42;15;8;2022
13;1321;42;0;4;2022
13;1321;42;2;2;2022
13;1321;42;1;0;2022
13;1321;31;81;25;2022
13;1321;31;52;18;2022
13;1321;31;38;19;2022
13;1321;31;35;10;2022
13;1321;31;31;5;2022
13;1321;31;21;10;2022
13;1321;31;1;0;2022
13;1321;31;51;17;2022
13;1321;31;19;5;2022
13;1321;31;19;3;2022
13;1321;31;14;4;2022
13;1321;34;21;5;2022
13;1321;34;17;4;2022
13;1321;53;64;7;2022
13;1321;53;47;3;2022
13;1321;44;25;2;2022
13;1321;51;1;0;2022
13;1321;53;35;1;2022
13;1321;44;22;2;2022
13;1321;53;31;90;2022
13;1321;53;12;13;2022
13;1321;53;18;21;2022
13;1321;53;4;14;2022
13;1321;53;1;1;2022
13;1321;53;14;12;2022
13;1321;53;16;27;2022
13;1321;53;1;18;2022
13;1321;53;30;84;2022
13;1321;53;8;37;2022
13;1321;53;5;18;2022
13;1321;53;0;3;2022
13;1321;53;10;41;2022
13;1321;53;1;16;2022
13;1321;53;0;1;2022
13;1325;53;0;7;2022
13;1325;42;77;106;2022
13;1325;53;19;86;2022
13;1325;51;64;8;2022
13;1325;51;42;3;2022
13;1325;51;29;0;2022
13;1325;42;12;17;2022
13;1325;42;14;7;2022
13;1325;42;42;47;2022
13;1325;42;31;34;2022
13;1325;53;3;17;2022
13;1316;53;28;81;2022
13;1316;31;87;39;2022
13;1316;53;21;70;2022
13;1316;51;44;2;2022
13;1316;53;59;37;2022
13;1316;53;14;33;2022
13;1316;53;11;16;2022
13;1316;53;9;14;2022
13;1316;53;5;15;2022
13;1316;53;0;11;2022
13;1316;51;19;2;2022
13;1316;42;17;4;2022
13;1316;31;41;14;2022
13;1316;53;10;13;2022
13;1316;51;51;4;2022
13;1316;53;4;14;2022
13;1316;53;2;11;2022
13;1316;53;16;12;2022
13;1316;53;7;23;2022
13;1316;31;67;12;2022
13;1316;42;19;23;2022
13;1316;42;15;6;2022
13;1316;53;10;16;2022
13;1316;31;29;4;2022
13;1316;53;9;11;2022
13;1316;31;14;3;2022
13;1316;51;15;9;2022
13;1316;51;8;1;2022
13;1316;53;2;0;2022
13;1317;53;10;14;2022
13;1317;53;1;13;2022
13;1317;53;3;0;2022
13;1317;31;24;13;2022
13;1317;42;16;21;2022
13;1317;42;2;6;2022
13;1317;53;1;2;2022
13;1317;53;0;3;2022
13;1317;51;6;2;2022
13;1317;31;23;8;2022
13;1317;53;2;8;2022
13;1317;42;8;8;2022
13;1317;53;6;1;2022
13;1317;51;5;0;2022
13;1317;31;31;13;2022
13;1318;31;21;66;2022
13;1318;31;29;48;2022
13;1318;51;47;80;2022
13;1318;53;43;145;2022
13;1318;51;100;12;2022
13;1318;53;0;17;2022
13;1318;53;0;22;2022
13;1318;51;6;12;2022
13;1318;51;0;31;2022
13;1318;51;36;1;2022
13;1318;51;3;10;2022
13;1318;53;2;10;2022
13;1318;53;6;13;2022
13;1318;53;8;15;2022
13;1318;31;4;20;2022
13;1318;51;61;1;2022
13;1318;31;6;9;2022
13;1318;31;2;10;2022
13;1318;51;0;0;2022
13;1318;51;7;27;2022
13;1318;51;7;8;2022
13;1318;51;5;8;2022
13;1318;31;6;14;2022
13;1318;31;4;24;2022
13;1318;31;4;8;2022
13;1318;31;11;1;2022
13;1318;51;12;5;2022
13;1318;51;12;3;2022
13;1318;31;13;2;2022
13;1318;81;23;1;2022
13;1318;81;15;1;2022
13;1319;52;38;54;2022
13;1319;53;46;62;2022
13;1319;53;20;52;2022
13;1319;31;60;9;2022
13;1319;42;59;62;2022
13;1319;52;9;12;2022
13;1319;52;21;28;2022
13;1319;53;16;11;2022
13;1319;53;21;9;2022
13;1319;53;19;11;2022
13;1319;53;1;8;2022
13;1319;53;4;9;2022
13;1319;31;24;3;2022
13;1319;42;8;3;2022
13;1319;42;12;11;2022
13;1319;42;6;9;2022
13;1319;52;21;19;2022
13;1319;52;17;25;2022
13;1319;53;16;6;2022
13;1319;53;9;6;2022
13;1319;53;13;10;2022
13;1319;31;29;6;2022
13;1319;42;7;9;2022
13;1319;42;10;13;2022
13;1319;53;7;15;2022
13;1319;53;10;16;2022
13;1319;53;7;14;2022
13;1319;53;5;6;2022
4;405;83;36;50;2022
4;405;83;34;59;2022
4;405;83;10;10;2022
4;405;83;19;26;2022
4;405;83;3;0;2022
4;405;83;38;26;2022
4;405;83;30;40;2022
4;405;83;30;11;2022
4;405;83;35;30;2022
4;405;83;3;3;2022
4;404;31;233;93;2022
4;404;31;82;44;2022
4;404;42;33;30;2022
4;404;31;94;43;2022
4;404;31;44;40;2022
4;404;31;68;33;2022
4;404;31;130;42;2022
4;404;42;23;14;2022
4;404;31;19;3;2022
4;404;31;18;2;2022
4;404;31;21;5;2022
4;404;31;11;3;2022
4;404;31;22;2;2022
4;404;31;14;5;2022
4;404;31;17;1;2022
4;404;31;16;2;2022
4;404;31;22;4;2022
4;404;31;14;3;2022
4;404;31;24;4;2022
4;404;31;17;6;2022
4;404;31;20;5;2022
4;404;31;15;7;2022
4;404;31;44;29;2022
4;404;31;14;8;2022
4;404;31;9;2;2022
4;404;31;16;7;2022
4;404;31;28;7;2022
4;404;31;19;2;2022
4;404;31;21;5;2022
4;404;31;23;8;2022
4;404;31;23;10;2022
4;404;31;16;9;2022
4;404;31;20;7;2022
4;404;31;49;19;2022
4;404;31;437;243;2022
4;404;42;35;30;2022
4;430;53;10;38;2022
4;430;53;10;36;2022
4;430;53;15;29;2022
4;430;41;2;1;2022
4;430;41;2;1;2022
4;430;41;1;4;2022
4;430;41;0;0;2022
4;430;41;2;1;2022
4;430;41;2;1;2022
4;430;41;2;5;2022
4;430;41;5;7;2022
4;430;41;0;1;2022
4;430;41;4;0;2022
4;430;41;1;0;2022
4;430;53;6;7;2022
4;430;53;8;4;2022
4;430;53;1;0;2022
4;430;53;2;0;2022
4;430;53;4;2;2022
4;423;53;53;87;2022
4;423;53;59;80;2022
4;423;53;15;7;2022
4;423;53;7;4;2022
4;423;42;11;19;2022
4;423;53;134;168;2022
4;427;21;16;16;2022
4;427;21;2;3;2022
4;427;21;3;2;2022
4;427;21;4;2;2022
4;427;21;3;0;2022
4;427;21;2;2;2022
4;427;21;3;3;2022
4;427;21;2;3;2022
4;427;21;2;1;2022
4;427;21;6;0;2022
4;427;21;5;1;2022
4;427;21;4;8;2022
4;427;21;4;5;2022
4;427;21;3;2;2022
4;427;21;1;3;2022
4;427;21;2;5;2022
4;427;21;5;5;2022
4;427;21;1;2;2022
4;427;21;2;4;2022
4;427;21;4;5;2022
4;427;21;14;9;2022
4;427;21;12;5;2022
4;427;21;4;1;2022
4;427;21;9;0;2022
4;427;21;7;1;2022
4;427;21;2;1;2022
4;427;21;5;3;2022
4;427;21;3;7;2022
4;426;51;35;6;2022
4;426;51;20;5;2022
4;426;51;34;5;2022
4;426;51;22;8;2022
4;426;51;30;2;2022
4;426;51;27;2;2022
4;426;51;13;1;2022
4;426;51;7;1;2022
4;426;51;3;1;2022
4;426;51;6;1;2022
4;426;51;3;0;2022
4;425;62;20;13;2022
4;425;62;23;5;2022
4;425;62;18;11;2022
4;425;62;24;5;2022
4;425;62;22;9;2022
4;425;62;20;6;2022
4;425;62;20;0;2022
4;425;62;5;2;2022
4;424;34;20;3;2022
4;424;62;14;5;2022
4;424;62;18;2;2022
4;424;34;16;6;2022
4;424;62;11;5;2022
4;424;34;15;3;2022
4;424;62;5;4;2022
4;424;62;6;2;2022
4;424;62;7;1;2022
4;424;62;22;11;2022
4;424;62;15;9;2022
4;424;62;17;7;2022
4;424;62;9;3;2022
4;429;41;28;25;2022
4;429;41;19;27;2022
4;429;41;20;26;2022
4;431;53;27;14;2022
4;431;53;25;17;2022
4;431;53;21;20;2022
4;431;53;13;16;2022
4;431;53;8;13;2022
4;431;53;8;14;2022
4;431;52;8;3;2022
4;431;52;5;2;2022
4;428;53;25;29;2022
4;428;53;28;23;2022
4;428;53;25;29;2022
4;428;42;59;49;2022
4;428;42;70;45;2022
4;428;42;56;52;2022
4;428;53;43;15;2022
4;428;53;37;17;2022
4;428;53;32;24;2022
4;428;42;29;16;2022
4;428;42;25;13;2022
4;428;42;21;14;2022
4;428;53;8;7;2022
4;428;53;6;10;2022
4;428;42;5;9;2022
4;428;42;6;4;2022
4;428;42;5;5;2022
4;428;53;3;3;2022
4;428;53;4;4;2022
4;428;53;8;3;2022
4;428;53;5;2;2022
4;428;53;11;6;2022
4;433;53;64;25;2022
4;433;53;34;21;2022
4;433;53;8;4;2022
4;433;53;15;3;2022
4;433;53;6;9;2022
4;422;52;219;88;2022
4;422;52;164;57;2022
4;422;52;127;65;2022
4;422;52;136;55;2022
4;422;52;237;138;2022
4;422;52;246;128;2022
4;422;52;13;6;2022
4;422;52;11;12;2022
4;422;52;2;1;2022
4;422;52;13;2;2022
4;422;52;7;5;2022
4;422;52;8;6;2022
4;422;52;15;2;2022
4;420;53;14;20;2022
4;420;53;31;39;2022
4;420;53;25;41;2022
4;420;53;10;20;2022
4;420;44;7;1;2022
4;420;41;3;5;2022
4;420;44;12;6;2022
4;420;41;7;13;2022
4;419;62;85;10;2022
4;419;62;45;12;2022
4;419;53;117;69;2022
4;419;53;65;65;2022
4;419;53;105;37;2022
4;419;53;113;61;2022
4;418;53;42;136;2022
4;418;53;112;102;2022
4;418;53;73;42;2022
4;418;53;38;102;2022
4;418;53;71;99;2022
4;418;53;102;38;2022
4;415;31;248;138;2022
4;415;42;50;72;2022
4;415;34;69;38;2022
4;415;34;23;4;2022
4;415;42;31;22;2022
4;415;42;26;14;2022
4;415;31;84;28;2022
4;415;31;9;6;2022
4;415;31;12;6;2022
4;415;34;28;4;2022
4;415;34;16;4;2022
4;415;31;21;11;2022
4;415;31;16;5;2022
4;415;31;10;7;2022
4;415;31;21;5;2022
4;415;31;13;9;2022
4;415;34;21;2;2022
4;415;31;47;11;2022
4;415;31;64;14;2022
4;415;31;15;12;2022
4;415;31;91;26;2022
4;415;31;17;9;2022
4;414;62;202;71;2022
4;413;62;38;20;2022
4;413;62;12;5;2022
4;413;62;20;3;2022
4;412;42;77;57;2022
4;412;42;33;37;2022
4;412;53;60;37;2022
4;412;53;62;103;2022
4;412;42;14;8;2022
4;412;42;14;8;2022
4;412;42;11;15;2022
4;412;53;23;9;2022
4;412;53;5;14;2022
4;412;53;10;8;2022
4;412;53;10;8;2022
4;412;53;6;13;2022
4;412;42;4;5;2022
4;412;42;15;15;2022
4;412;42;19;18;2022
4;412;53;16;10;2022
4;412;53;4;4;2022
4;412;53;7;9;2022
4;412;53;7;1;2022
4;412;53;6;8;2022
4;412;53;30;8;2022
4;412;53;2;3;2022
4;412;53;13;11;2022
4;412;53;11;13;2022
4;412;53;10;5;2022
4;412;42;15;12;2022
4;412;42;13;3;2022
4;410;22;292;112;2022
4;410;22;138;27;2022
4;410;22;160;23;2022
4;410;22;51;7;2022
4;410;22;28;5;2022
4;410;22;50;10;2022
4;410;22;52;16;2022
4;410;22;43;14;2022
4;410;22;139;35;2022
4;410;22;9;0;2022
4;410;22;17;0;2022
4;410;22;45;7;2022
4;410;22;44;7;2022
4;410;22;13;0;2022
4;410;22;11;0;2022
4;410;22;14;2;2022
4;410;22;9;2;2022
4;410;22;38;3;2022
4;410;22;31;2;2022
4;410;22;146;29;2022
4;410;22;25;3;2022
4;410;22;14;3;2022
4;410;22;30;2;2022
4;410;22;17;2;2022
4;410;22;46;11;2022
4;410;22;18;0;2022
4;410;22;23;0;2022
4;410;22;23;11;2022
4;410;22;22;2;2022
4;410;22;10;1;2022
4;410;22;4;1;2022
4;410;22;19;4;2022
4;410;22;23;8;2022
4;410;22;30;1;2022
4;410;22;27;5;2022
4;410;22;21;4;2022
4;410;22;22;1;2022
4;410;22;21;3;2022
4;410;22;18;6;2022
4;410;22;31;6;2022
4;410;22;7;2;2022
4;410;22;9;4;2022
4;410;22;29;1;2022
4;410;22;10;0;2022
4;410;22;26;1;2022
4;410;22;14;3;2022
4;410;22;12;0;2022
4;410;22;60;7;2022
4;410;22;40;9;2022
4;410;22;10;1;2022
4;411;22;132;51;2022
4;411;22;59;31;2022
4;411;22;50;16;2022
4;411;22;86;21;2022
4;411;22;22;3;2022
4;411;22;21;0;2022
4;411;22;43;4;2022
4;411;22;13;3;2022
4;411;22;9;2;2022
4;411;22;57;10;2022
4;411;22;24;9;2022
4;411;22;14;3;2022
4;411;22;1;0;2022
4;411;22;1;1;2022
4;411;22;15;6;2022
4;411;22;11;3;2022
4;411;22;17;1;2022
4;411;22;15;2;2022
4;409;21;91;30;2022
4;409;21;42;40;2022
4;409;21;94;21;2022
4;409;21;6;1;2022
4;409;21;7;0;2022
4;409;21;9;0;2022
4;409;21;3;1;2022
4;409;21;11;3;2022
4;409;21;20;1;2022
4;409;21;28;4;2022
4;409;21;32;18;2022
4;409;21;82;5;2022
4;409;21;20;0;2022
4;409;21;8;2;2022
4;409;21;11;2;2022
4;409;21;0;7;2022
4;409;21;13;0;2022
4;409;21;16;4;2022
4;409;21;27;7;2022
4;409;21;27;5;2022
4;409;21;20;21;2022
4;409;21;25;3;2022
4;409;21;15;5;2022
4;409;21;7;0;2022
4;409;21;4;5;2022
4;409;21;4;4;2022
4;409;21;5;3;2022
4;409;21;9;2;2022
4;409;21;10;0;2022
4;409;21;16;0;2022
4;409;21;12;2;2022
4;409;21;9;6;2022
4;409;21;16;3;2022
4;409;21;53;18;2022
4;417;52;45;96;2022
4;417;52;3;11;2022
4;417;52;4;12;2022
4;417;52;7;9;2022
4;417;52;8;7;2022
4;417;52;10;8;2022
4;417;52;11;8;2022
4;417;52;11;22;2022
4;417;52;7;8;2022
4;417;52;6;4;2022
4;417;52;10;13;2022
4;417;52;17;2;2022
4;417;52;16;2;2022
4;417;52;19;3;2022
4;417;52;3;2;2022
4;417;52;11;3;2022
4;417;52;14;13;2022
4;417;52;23;8;2022
4;417;52;7;6;2022
4;417;52;9;1;2022
4;417;52;58;15;2022
4;417;52;24;9;2022
4;417;52;45;10;2022
4;417;52;0;1;2022
4;432;53;31;50;2022
4;432;53;55;106;2022
4;432;53;27;28;2022
4;432;42;99;127;2022
4;432;42;36;21;2022
4;432;42;26;21;2022
4;432;42;10;22;2022
4;432;42;11;12;2022
4;432;42;78;130;2022
4;432;42;53;68;2022
4;432;42;63;74;2022
4;432;53;75;72;2022
4;432;53;46;37;2022
4;432;53;40;29;2022
4;432;42;18;2;2022
4;432;42;15;9;2022
4;432;42;11;4;2022
4;432;42;13;5;2022
4;432;53;4;8;2022
4;432;53;6;9;2022
4;432;42;12;4;2022
4;432;42;15;8;2022
4;416;41;31;15;2022
4;416;44;48;11;2022
4;416;53;73;42;2022
4;416;43;72;6;2022
4;416;44;50;10;2022
4;416;41;4;3;2022
4;416;44;9;1;2022
4;416;53;30;22;2022
4;416;44;6;3;2022
4;416;43;30;2;2022
4;416;43;23;3;2022
4;416;41;2;15;2022
4;416;53;25;11;2022
4;416;44;16;5;2022
4;416;53;17;9;2022
4;416;81;26;4;2022
4;416;43;14;3;2022
4;416;81;24;6;2022
4;416;53;9;5;2022
4;416;43;8;0;2022
4;421;11;87;8;2022
4;421;11;36;0;2022
4;421;11;27;0;2022
4;421;11;64;4;2022
4;421;11;84;4;2022
4;421;21;9;2;2022
4;421;11;16;1;2022
4;421;11;17;4;2022
4;421;21;20;0;2022
4;421;11;24;6;2022
4;421;11;24;6;2022
4;408;34;15;3;2022
4;408;72;37;3;2022
4;408;32;68;5;2022
4;408;34;18;3;2022
4;408;31;25;5;2022
4;408;32;39;9;2022
4;408;72;36;2;2022
4;408;72;19;2;2022
4;408;72;14;3;2022
4;408;72;26;3;2022
4;408;81;13;4;2022
4;408;31;40;15;2022
4;408;71;12;1;2022
4;408;31;0;2;2022
4;408;72;14;7;2022
4;408;72;22;2;2022
4;408;72;34;1;2022
4;408;31;70;41;2022
4;408;32;106;22;2022
4;408;72;42;6;2022
4;408;72;99;15;2022
4;408;71;26;8;2022
4;408;34;71;16;2022
4;408;34;57;29;2022
4;408;34;16;6;2022
4;408;72;30;5;2022
4;408;34;8;7;2022
4;408;32;45;7;2022
4;408;32;29;4;2022
4;408;34;10;5;2022
4;408;34;22;8;2022
4;408;72;22;4;2022
4;408;72;26;2;2022
4;408;72;26;2;2022
4;408;32;1;1;2022
4;408;72;0;1;2022
4;408;32;12;0;2022
4;407;53;197;288;2022
4;407;44;171;33;2022
4;407;44;53;12;2022
4;407;43;41;4;2022
4;407;53;40;25;2022
4;407;42;28;50;2022
4;407;53;31;47;2022
4;407;42;31;34;2022
4;407;43;53;10;2022
4;407;44;52;12;2022
4;407;42;26;50;2022
4;407;42;39;36;2022
4;407;53;30;33;2022
4;407;53;43;38;2022
4;407;43;44;15;2022
4;407;44;45;13;2022
4;407;42;25;47;2022
4;407;42;27;39;2022
4;407;53;31;31;2022
4;407;53;23;42;2022
4;407;43;49;8;2022
4;407;44;47;12;2022
4;407;42;20;47;2022
4;407;42;20;38;2022
4;407;53;26;24;2022
4;407;53;27;31;2022
4;407;53;14;3;2022
4;407;53;13;1;2022
4;406;34;13;1;2022
4;406;62;10;5;2022
4;406;62;12;4;2022
4;406;51;12;2;2022
4;406;62;8;2;2022
4;406;62;8;5;2022
4;406;62;17;3;2022
4;406;34;5;2;2022
4;406;62;7;0;2022
4;406;62;11;3;2022
4;406;51;8;1;2022
4;406;62;8;1;2022
4;406;62;5;5;2022
4;406;62;16;4;2022
4;406;62;95;21;2022
4;406;51;8;0;2022
4;406;62;18;1;2022
4;406;62;11;0;2022
4;406;44;7;6;2022
4;406;62;6;3;2022
4;403;31;600;405;2022
4;403;42;190;228;2022
4;403;34;323;193;2022
4;403;31;93;26;2022
4;403;42;13;11;2022
4;403;42;21;11;2022
4;403;42;17;10;2022
4;403;31;63;32;2022
4;403;34;97;32;2022
4;403;42;20;16;2022
4;403;31;83;23;2022
4;403;31;33;18;2022
4;403;31;16;4;2022
4;403;31;14;8;2022
4;403;31;14;7;2022
4;403;34;34;6;2022
4;403;34;26;9;2022
4;403;34;28;9;2022
4;403;42;18;12;2022
4;403;42;14;11;2022
4;403;42;21;10;2022
4;403;42;13;5;2022
4;403;31;16;3;2022
4;403;31;6;2;2022
4;403;34;29;3;2022
4;403;34;16;3;2022
4;403;34;37;5;2022
4;403;34;25;9;2022
4;403;31;34;11;2022
4;403;31;21;4;2022
4;403;31;21;10;2022
4;403;31;4;4;2022
4;403;31;16;10;2022
4;403;31;5;1;2022
4;403;34;19;5;2022
4;403;34;6;1;2022
4;403;42;18;6;2022
4;403;42;6;2;2022
4;402;32;280;66;2022
4;402;32;66;7;2022
4;402;32;238;79;2022
4;402;32;270;57;2022
4;402;32;42;7;2022
4;402;32;20;21;2022
4;402;32;24;5;2022
4;402;32;14;18;2022
4;402;32;28;9;2022
4;402;32;23;15;2022
4;402;32;32;15;2022
4;402;32;27;6;2022
4;402;32;32;6;2022
4;402;32;27;17;2022
4;402;34;17;18;2022
4;402;32;12;9;2022
4;402;32;7;1;2022
4;402;32;13;25;2022
4;402;32;20;10;2022
4;402;32;28;5;2022
4;402;32;21;8;2022
4;402;32;11;8;2022
4;402;32;18;16;2022
4;402;32;29;21;2022
4;402;32;23;12;2022
4;402;34;14;13;2022
4;402;32;40;7;2022
4;402;32;46;7;2022
4;402;32;44;7;2022
4;402;32;5;3;2022
4;402;32;21;4;2022
4;402;32;23;3;2022
4;402;32;31;8;2022
4;402;32;15;12;2022
4;401;43;62;3;2022
4;401;44;92;12;2022
4;401;53;39;18;2022
4;401;41;33;13;2022
4;401;44;53;2;2022
4;401;44;17;3;2022
4;401;44;29;24;2022
4;401;44;12;3;2022
4;401;42;32;61;2022
4;401;42;53;48;2022
4;401;44;65;10;2022
4;401;53;33;41;2022
4;401;43;50;12;2022
4;401;81;54;8;2022
4;401;43;40;5;2022
4;401;53;53;41;2022
4;401;43;24;2;2022
4;401;42;55;71;2022
4;401;42;56;30;2022
4;401;53;32;14;2022
4;401;44;10;0;2022
4;401;44;9;2;2022
4;401;43;32;2;2022
4;401;81;9;2;2022
4;401;43;30;3;2022
4;401;44;15;1;2022
4;401;44;18;1;2022
4;401;44;21;4;2022
4;401;44;16;1;2022
4;401;53;24;5;2022
4;401;44;8;7;2022
4;401;53;37;10;2022
4;401;41;15;5;2022
4;401;41;7;3;2022
4;401;44;9;4;2022
4;401;43;44;0;2022
4;401;44;32;9;2022
4;401;44;22;0;2022
4;401;44;18;2;2022
4;401;44;14;6;2022
4;401;44;8;2;2022
4;401;42;36;37;2022
4;401;42;39;21;2022
4;401;53;11;3;2022
4;401;44;17;2;2022
4;401;81;16;0;2022
4;401;44;13;5;2022
4;401;53;30;10;2022
4;401;43;45;4;2022
4;401;43;29;3;2022
4;401;44;10;3;2022
4;401;41;5;7;2022
4;401;41;6;1;2022
4;401;53;14;14;2022
4;401;44;20;0;2022
4;401;42;21;4;2022
4;401;42;8;0;2022
4;401;44;8;2;2022
4;401;41;10;2;2022
4;401;44;6;2;2022
4;401;41;4;5;2022
4;401;44;17;4;2022
4;401;44;7;2;2022
4;401;44;5;2;2022
4;401;44;29;4;2022
4;401;44;23;5;2022
4;401;53;8;14;2022
4;401;53;6;7;2022
4;401;43;36;1;2022
4;401;43;25;0;2022
4;401;43;7;3;2022
4;401;43;8;1;2022
4;401;43;31;0;2022
4;401;43;15;1;2022
4;401;42;14;8;2022
4;401;42;5;16;2022
4;401;42;3;10;2022
4;401;42;6;3;2022
4;401;44;19;7;2022
4;401;44;14;3;2022
4;401;53;24;11;2022
4;401;53;16;7;2022
6;602;62;17;4;2022
6;602;62;12;2;2022
6;602;62;23;5;2022
6;602;62;8;2;2022
6;602;62;9;0;2022
6;613;53;9;12;2022
6;613;53;13;6;2022
6;613;53;7;16;2022
6;613;53;10;11;2022
6;613;53;8;9;2022
6;613;53;13;5;2022
6;613;53;5;17;2022
6;613;53;13;7;2022
6;613;53;10;10;2022
6;613;53;4;2;2022
6;613;62;4;6;2022
6;612;62;28;18;2022
6;612;62;30;10;2022
6;612;62;26;19;2022
6;612;62;21;5;2022
6;612;62;24;5;2022
6;612;62;20;7;2022
6;603;21;24;8;2022
6;603;21;8;13;2022
6;603;21;3;0;2022
6;603;21;2;0;2022
6;603;21;4;3;2022
6;603;21;4;3;2022
6;608;43;14;1;2022
6;608;62;6;2;2022
6;608;43;13;2;2022
6;608;43;8;1;2022
6;608;43;11;4;2022
6;608;62;7;2;2022
6;608;43;8;1;2022
6;608;43;22;2;2022
6;608;43;60;5;2022
6;608;62;18;1;2022
6;608;62;18;1;2022
6;608;43;45;4;2022
6;608;43;11;0;2022
6;608;43;4;1;2022
6;608;51;56;8;2022
6;608;51;17;0;2022
6;608;51;9;1;2022
6;608;43;24;4;2022
6;608;43;4;0;2022
6;608;43;12;1;2022
6;608;51;9;0;2022
6;608;51;22;2;2022
6;607;11;138;14;2022
6;607;11;106;12;2022
6;607;11;200;31;2022
6;607;22;55;5;2022
6;607;22;64;34;2022
6;607;22;45;4;2022
6;607;22;26;4;2022
6;607;22;26;8;2022
6;607;22;37;6;2022
6;607;22;22;9;2022
6;607;22;15;1;2022
6;607;22;35;14;2022
6;611;83;177;333;2022
6;611;83;147;197;2022
6;611;83;102;181;2022
6;611;83;3;4;2022
6;611;83;14;15;2022
6;611;83;12;6;2022
6;611;83;21;10;2022
6;611;83;13;13;2022
6;611;83;16;16;2022
6;611;83;13;10;2022
6;606;22;22;7;2022
6;606;22;19;3;2022
6;606;34;19;6;2022
6;606;34;19;4;2022
6;606;11;152;14;2022
6;606;11;215;21;2022
6;606;22;34;13;2022
6;606;34;50;12;2022
6;606;11;283;47;2022
6;606;22;23;5;2022
6;606;22;46;9;2022
6;606;22;45;9;2022
6;606;22;28;9;2022
6;606;22;110;47;2022
6;606;22;9;7;2022
6;606;22;12;2;2022
6;606;22;22;3;2022
6;606;22;28;5;2022
6;606;22;30;2;2022
6;606;22;12;2;2022
6;606;22;25;8;2022
6;606;22;17;3;2022
6;606;22;58;13;2022
6;606;22;11;1;2022
6;606;22;14;4;2022
6;605;42;74;61;2022
6;605;22;56;17;2022
6;605;42;36;42;2022
6;605;22;44;7;2022
6;605;22;18;1;2022
6;605;22;4;1;2022
6;605;42;33;24;2022
6;605;22;45;6;2022
6;605;22;11;1;2022
6;605;42;26;18;2022
6;605;42;23;7;2022
6;605;22;0;0;2022
6;605;22;0;0;2022
6;604;21;4;3;2022
6;604;21;8;2;2022
6;604;21;26;3;2022
6;604;21;0;3;2022
6;604;21;2;1;2022
6;604;21;7;0;2022
6;604;21;5;1;2022
6;604;21;35;6;2022
6;604;21;82;15;2022
6;604;21;19;7;2022
6;604;21;40;5;2022
6;604;21;18;16;2022
6;604;21;17;10;2022
6;609;42;126;129;2022
6;609;42;207;269;2022
6;609;42;19;3;2022
6;609;42;39;29;2022
6;609;42;15;9;2022
6;609;53;11;15;2022
6;609;42;16;9;2022
6;609;42;17;7;2022
6;609;42;12;3;2022
6;609;53;13;9;2022
6;609;42;15;4;2022
6;609;42;9;8;2022
6;609;42;19;25;2022
6;609;42;26;26;2022
6;609;42;29;8;2022
6;609;42;29;16;2022
6;610;71;51;51;2022
6;610;71;56;35;2022
6;610;71;44;43;2022
6;601;32;303;116;2022
6;601;42;143;101;2022
6;601;32;127;45;2022
6;601;42;75;27;2022
6;601;31;115;26;2022
6;601;32;96;25;2022
6;601;32;25;4;2022
6;601;42;22;13;2022
6;601;42;18;7;2022
6;601;42;17;10;2022
6;601;31;73;29;2022
6;601;31;12;9;2022
6;601;31;13;10;2022
6;601;31;110;21;2022
6;601;34;21;13;2022
6;601;34;35;17;2022
6;601;34;10;3;2022
6;601;32;53;11;2022
6;601;34;16;3;2022
6;601;32;31;7;2022
6;601;31;48;22;2022
6;601;31;32;17;2022
6;601;34;18;10;2022
6;601;42;19;11;2022
6;601;31;45;4;2022
6;601;34;34;7;2022
6;601;34;15;8;2022
6;601;32;76;12;2022
6;601;31;25;20;2022
6;601;32;35;4;2022
6;601;32;54;2;2022
6;601;32;54;2;2022
6;601;42;11;8;2022
6;601;42;9;8;2022
6;601;31;28;7;2022
6;601;31;29;4;2022
6;601;31;32;10;2022
6;601;34;33;7;2022
6;601;34;25;7;2022
6;601;34;16;6;2022
6;601;34;14;9;2022
6;601;34;20;6;2022
6;601;34;196;72;2022
6;601;34;141;39;2022
6;601;31;459;198;2022
6;601;31;116;34;2022
6;601;34;51;12;2022
6;601;42;17;4;2022
6;601;34;25;8;2022
6;601;42;17;11;2022
8;816;71;35;7;2022
8;816;71;36;7;2022
8;816;71;42;2;2022
8;816;71;19;4;2022
8;816;71;32;8;2022
8;816;71;52;0;2022
8;816;71;36;3;2022
8;816;71;19;6;2022
8;816;71;31;6;2022
8;816;71;37;0;2022
8;816;71;12;2;2022
8;816;71;19;6;2022
8;816;71;24;7;2022
8;816;71;29;3;2022
8;816;71;37;0;2022
8;816;71;28;5;2022
8;816;71;18;3;2022
8;816;71;17;1;2022
8;815;53;8;7;2022
8;815;53;31;53;2022
8;815;53;22;32;2022
8;815;53;3;15;2022
8;815;53;7;11;2022
8;815;53;49;40;2022
8;815;53;8;5;2022
8;815;53;5;8;2022
8;815;53;7;7;2022
8;815;53;31;31;2022
8;815;51;53;16;2022
8;815;51;40;5;2022
8;815;51;10;2;2022
8;815;51;10;2;2022
8;815;51;12;1;2022
8;815;53;40;32;2022
8;815;53;38;16;2022
8;815;53;8;7;2022
8;815;53;13;2;2022
8;815;53;8;7;2022
8;815;53;7;9;2022
8;815;53;0;0;2022
8;815;53;8;9;2022
8;815;53;2;3;2022
8;815;51;1;0;2022
8;815;53;1;0;2022
8;815;51;6;0;2022
8;815;53;4;1;2022
8;815;53;4;1;2022
8;815;53;4;2;2022
8;815;53;11;1;2022
8;815;53;12;5;2022
8;815;51;3;1;2022
8;815;53;3;2;2022
8;815;53;4;3;2022
8;815;53;12;6;2022
8;815;51;4;0;2022
8;815;53;6;7;2022
8;815;53;11;3;2022
8;815;51;7;1;2022
8;815;53;5;3;2022
8;815;53;10;6;2022
8;815;53;8;17;2022
8;815;53;7;13;2022
8;815;53;4;3;2022
8;815;53;5;7;2022
8;815;51;16;1;2022
8;815;51;9;5;2022
8;815;53;8;6;2022
8;815;53;10;1;2022
8;814;53;158;121;2022
8;814;53;117;43;2022
8;814;53;65;117;2022
8;814;53;104;94;2022
8;814;53;114;44;2022
8;814;53;63;134;2022
8;807;21;80;32;2022
8;807;21;140;26;2022
8;807;21;91;38;2022
8;807;21;23;5;2022
8;807;21;14;3;2022
8;807;21;39;7;2022
8;807;21;11;4;2022
8;807;21;24;2;2022
8;807;21;29;4;2022
8;807;21;11;0;2022
8;807;21;32;4;2022
8;807;21;13;5;2022
8;807;21;20;0;2022
8;807;21;11;4;2022
8;807;21;14;3;2022
8;807;21;12;2;2022
8;807;21;15;0;2022
8;807;21;11;3;2022
8;807;21;11;2;2022
8;811;43;15;0;2022
8;811;43;15;0;2022
8;811;43;16;4;2022
8;811;43;7;3;2022
8;811;43;19;3;2022
8;811;43;9;1;2022
8;811;81;18;2;2022
8;811;81;12;3;2022
8;811;43;163;20;2022
8;811;43;123;7;2022
8;811;43;71;0;2022
8;811;81;21;1;2022
8;811;43;47;4;2022
8;811;43;9;0;2022
8;811;43;26;2;2022
8;811;81;22;1;2022
8;811;43;42;1;2022
8;811;43;8;0;2022
8;811;43;10;0;2022
8;811;43;11;5;2022
8;811;43;39;4;2022
8;811;43;14;1;2022
8;811;43;18;4;2022
8;811;43;22;2;2022
8;811;43;14;3;2022
8;810;11;307;40;2022
8;810;11;245;34;2022
8;810;11;383;21;2022
8;809;53;51;40;2022
8;809;53;21;22;2022
8;809;53;28;15;2022
8;809;53;31;57;2022
8;809;53;20;17;2022
8;809;53;28;15;2022
8;809;51;47;6;2022
8;809;51;19;4;2022
8;809;51;35;0;2022
8;809;44;25;7;2022
8;809;44;10;1;2022
8;809;44;13;1;2022
8;809;81;13;3;2022
8;809;81;16;3;2022
8;809;81;12;2;2022
8;809;81;10;1;2022
8;809;51;14;3;2022
8;809;51;5;2;2022
8;809;42;12;3;2022
8;809;42;5;3;2022
8;809;53;130;97;2022
8;809;53;47;43;2022
8;808;22;89;42;2022
8;808;22;61;4;2022
8;808;22;25;1;2022
8;808;22;34;5;2022
8;808;22;55;7;2022
8;808;22;54;12;2022
8;808;22;72;21;2022
8;808;22;46;9;2022
8;808;22;33;2;2022
8;808;22;31;0;2022
8;808;22;15;6;2022
8;808;22;36;8;2022
8;808;22;23;2;2022
8;808;22;27;2;2022
8;808;22;9;1;2022
8;808;22;23;1;2022
8;808;22;7;2;2022
8;808;22;25;3;2022
8;808;22;18;2;2022
8;808;22;21;4;2022
8;808;22;17;5;2022
8;808;22;5;3;2022
8;808;22;9;3;2022
8;808;22;3;0;2022
8;808;22;6;1;2022
8;813;42;35;40;2022
8;813;42;44;85;2022
8;813;42;36;44;2022
8;813;42;30;17;2022
8;813;42;26;9;2022
8;813;42;21;15;2022
8;813;42;28;50;2022
8;813;42;26;26;2022
8;813;42;16;10;2022
8;813;42;26;9;2022
8;813;42;11;5;2022
8;813;42;32;26;2022
8;813;42;21;65;2022
8;813;42;35;19;2022
8;813;42;16;24;2022
8;813;42;15;13;2022
8;813;42;15;4;2022
8;813;53;18;11;2022
8;813;53;12;5;2022
8;812;42;78;107;2022
8;812;42;86;84;2022
8;812;42;45;54;2022
8;812;41;36;17;2022
8;812;41;10;2;2022
8;812;41;9;9;2022
8;812;53;61;102;2022
8;812;53;37;34;2022
8;812;53;12;7;2022
8;812;53;21;4;2022
8;812;53;11;3;2022
8;812;53;84;53;2022
8;812;53;30;12;2022
8;812;53;28;15;2022
8;812;42;41;48;2022
8;812;42;15;15;2022
8;812;42;11;15;2022
8;812;42;19;9;2022
8;812;42;16;12;2022
8;812;42;4;3;2022
8;812;53;31;20;2022
8;812;53;24;15;2022
8;812;53;20;13;2022
8;812;53;14;8;2022
8;812;53;8;1;2022
8;806;21;163;17;2022
8;806;31;50;20;2022
8;806;51;38;17;2022
8;806;21;28;1;2022
8;806;21;26;1;2022
8;806;21;22;0;2022
8;806;31;14;2;2022
8;806;51;25;3;2022
8;806;21;18;0;2022
8;806;21;26;1;2022
8;806;21;22;4;2022
8;806;31;11;0;2022
8;806;51;9;1;2022
8;806;31;7;3;2022
8;806;31;7;2;2022
8;806;51;13;2;2022
8;806;21;27;1;2022
8;806;51;16;0;2022
8;806;21;13;0;2022
8;806;31;11;7;2022
8;806;31;8;2;2022
8;804;71;138;56;2022
8;804;71;139;41;2022
8;804;71;130;50;2022
8;804;71;161;51;2022
8;804;71;164;48;2022
8;804;71;170;62;2022
8;804;71;24;11;2022
8;804;71;7;0;2022
8;804;71;20;3;2022
8;804;51;17;6;2022
8;804;71;2;0;2022
8;804;71;4;0;2022
8;804;71;11;0;2022
8;804;71;5;0;2022
8;804;71;10;1;2022
8;802;31;565;296;2022
8;802;34;458;232;2022
8;802;42;67;78;2022
8;802;34;147;25;2022
8;802;42;24;6;2022
8;802;42;17;22;2022
8;802;31;49;17;2022
8;802;34;21;9;2022
8;802;34;72;9;2022
8;802;31;75;16;2022
8;802;31;90;44;2022
8;802;31;60;15;2022
8;802;31;36;11;2022
8;802;31;78;19;2022
8;802;42;9;1;2022
8;802;42;17;7;2022
8;802;34;13;5;2022
8;802;31;14;5;2022
8;802;31;14;3;2022
8;802;31;22;3;2022
8;802;31;30;3;2022
8;802;31;27;6;2022
8;802;31;26;4;2022
8;802;31;145;60;2022
8;802;34;22;10;2022
8;801;53;105;188;2022
8;801;41;50;26;2022
8;801;41;59;32;2022
8;801;44;108;28;2022
8;801;44;66;15;2022
8;801;44;84;41;2022
8;801;44;102;47;2022
8;801;44;213;19;2022
8;801;42;102;145;2022
8;801;53;32;30;2022
8;801;41;18;7;2022
8;801;41;7;2;2022
8;801;44;12;7;2022
8;801;44;31;7;2022
8;801;44;19;12;2022
8;801;44;17;2;2022
8;801;42;47;58;2022
8;801;44;15;3;2022
8;801;44;18;4;2022
8;801;44;22;2;2022
8;801;44;21;1;2022
8;801;53;16;12;2022
8;801;53;27;24;2022
8;801;53;13;14;2022
8;801;41;9;12;2022
8;801;41;34;13;2022
8;801;44;36;19;2022
8;801;44;15;1;2022
8;801;44;12;4;2022
8;801;44;17;1;2022
8;801;42;36;57;2022
8;801;44;24;11;2022
8;801;44;21;3;2022
8;801;44;25;1;2022
8;801;44;21;0;2022
8;801;44;21;0;2022
8;801;44;12;2;2022
8;801;44;38;9;2022
8;801;44;22;13;2022
8;801;42;14;9;2022
8;801;42;14;6;2022
8;801;44;8;1;2022
8;801;41;2;5;2022
8;801;41;3;3;2022
8;801;41;9;8;2022
8;801;41;8;5;2022
8;801;44;21;10;2022
8;801;44;21;7;2022
8;801;44;36;3;2022
8;801;44;26;1;2022
8;801;42;18;14;2022
8;801;42;7;9;2022
8;801;44;8;4;2022
8;801;53;84;26;2022
8;801;53;82;40;2022
8;801;53;115;101;2022
8;801;53;61;45;2022
8;801;41;10;2;2022
8;801;41;10;1;2022
8;801;41;1;2;2022
8;801;41;5;4;2022
8;801;41;3;3;2022
8;801;44;20;5;2022
8;801;44;19;4;2022
8;801;44;15;4;2022
8;801;44;17;5;2022
8;801;44;10;2;2022
8;801;44;16;8;2022
8;801;44;15;7;2022
8;801;44;16;4;2022
8;801;44;24;1;2022
8;801;44;17;2;2022
8;801;53;10;5;2022
8;801;42;6;1;2022
8;801;53;7;4;2022
8;801;53;3;5;2022
8;801;42;15;5;2022
8;801;42;13;3;2022
8;801;53;11;6;2022
8;805;71;160;81;2022
8;805;71;176;72;2022
8;805;71;164;80;2022
8;805;71;171;71;2022
8;805;71;176;78;2022
8;805;71;173;65;2022
8;805;71;11;1;2022
8;805;71;11;1;2022
8;805;71;8;0;2022
8;805;71;11;0;2022
8;805;71;10;6;2022
8;805;71;4;2;2022
8;805;71;4;2;2022
8;805;71;2;1;2022
8;805;71;0;1;2022
8;805;71;141;84;2022
8;805;71;126;48;2022
8;805;71;145;60;2022
8;805;71;152;64;2022
8;805;71;161;45;2022
8;805;71;197;56;2022
12;1210;53;16;7;2022
12;1210;53;33;5;2022
12;1210;53;21;11;2022
12;1210;53;16;9;2022
12;1210;53;23;10;2022
12;1210;53;19;10;2022
12;1210;53;6;9;2022
12;1210;53;5;18;2022
12;1210;53;9;13;2022
12;1209;53;42;38;2022
12;1209;53;10;8;2022
12;1209;53;52;23;2022
12;1209;53;33;12;2022
12;1209;53;39;81;2022
12;1209;53;30;46;2022
12;1206;22;13;5;2022
12;1206;22;22;3;2022
12;1206;22;10;1;2022
12;1206;11;130;31;2022
12;1206;11;73;11;2022
12;1206;11;87;11;2022
12;1205;22;107;50;2022
12;1205;22;42;5;2022
12;1205;22;143;28;2022
12;1205;34;117;35;2022
12;1205;22;35;16;2022
12;1205;22;25;1;2022
12;1205;22;92;17;2022
12;1205;34;148;20;2022
12;1205;22;53;25;2022
12;1205;22;43;11;2022
12;1205;22;126;40;2022
12;1205;34;164;32;2022
12;1205;22;14;4;2022
12;1205;22;8;7;2022
12;1205;22;13;4;2022
12;1205;22;11;2;2022
12;1205;22;9;4;2022
12;1205;22;6;2;2022
12;1205;22;10;2;2022
12;1205;22;12;1;2022
12;1204;83;58;118;2022
12;1204;83;34;94;2022
12;1204;83;51;77;2022
12;1203;42;28;31;2022
12;1203;42;12;7;2022
12;1203;53;11;67;2022
12;1203;53;6;25;2022
12;1203;53;20;14;2022
12;1203;53;3;3;2022
12;1203;53;5;19;2022
12;1203;53;7;4;2022
12;1203;42;46;21;2022
12;1203;42;11;5;2022
12;1203;42;6;9;2022
12;1203;53;13;5;2022
12;1203;53;13;7;2022
12;1203;42;12;5;2022
12;1203;42;19;1;2022
12;1203;42;11;13;2022
12;1203;42;2;7;2022
12;1203;53;8;9;2022
12;1203;53;8;13;2022
12;1203;53;4;12;2022
12;1203;53;2;11;2022
12;1202;21;70;19;2022
12;1202;21;12;6;2022
12;1202;21;9;0;2022
12;1202;21;3;3;2022
12;1202;21;6;3;2022
12;1202;21;21;5;2022
12;1202;21;10;3;2022
12;1202;21;4;0;2022
12;1202;21;3;3;2022
12;1202;21;9;6;2022
12;1202;21;22;3;2022
12;1202;21;9;1;2022
12;1202;21;9;1;2022
12;1202;21;6;0;2022
12;1202;21;21;2;2022
12;1202;21;10;6;2022
12;1202;21;7;1;2022
12;1202;21;6;1;2022
12;1207;11;390;82;2022
12;1207;11;212;41;2022
12;1207;11;320;55;2022
12;1208;31;277;89;2022
12;1208;34;32;8;2022
12;1208;42;72;40;2022
12;1208;31;43;10;2022
12;1208;31;95;35;2022
12;1208;34;23;6;2022
12;1208;42;21;11;2022
12;1208;31;15;39;2022
12;1208;42;28;7;2022
12;1208;31;28;7;2022
12;1208;31;28;5;2022
12;1208;31;19;4;2022
12;1208;31;42;5;2022
12;1208;34;13;3;2022
12;1208;34;13;2;2022
12;1208;34;23;7;2022
12;1208;34;14;2;2022
12;1208;31;21;2;2022
12;1208;31;7;2;2022
12;1208;31;29;7;2022
12;1208;31;14;1;2022
12;1208;31;36;3;2022
12;1208;31;15;5;2022
12;1208;42;22;3;2022
12;1208;42;6;0;2022
12;1201;41;7;4;2022
12;1201;44;8;2;2022
12;1201;53;33;15;2022
12;1201;41;8;2;2022
12;1201;42;59;72;2022
12;1201;43;57;3;2022
12;1201;43;49;11;2022
12;1201;43;105;5;2022
12;1201;44;9;2;2022
12;1201;44;7;3;2022
12;1201;44;6;2;2022
12;1201;53;21;28;2022
12;1201;53;19;27;2022
12;1201;44;2;4;2022
12;1201;53;16;6;2022
12;1201;41;7;3;2022
12;1201;41;3;2;2022
12;1201;42;12;10;2022
12;1201;42;7;8;2022
12;1201;43;27;5;2022
12;1201;43;53;1;2022
12;1201;44;3;0;2022
12;1201;44;2;3;2022
12;1201;44;11;1;2022
12;1201;53;10;16;2022
12;1201;53;13;12;2022
12;1201;44;5;2;2022
12;1201;44;2;0;2022
12;1201;53;16;13;2022
12;1201;41;4;9;2022
12;1201;41;6;1;2022
12;1201;42;19;23;2022
12;1201;42;19;9;2022
12;1201;43;13;1;2022
12;1201;43;44;6;2022
12;1201;43;81;4;2022
12;1201;44;5;2;2022
12;1201;44;8;2;2022
12;1201;44;16;4;2022
12;1201;53;6;12;2022
12;1201;53;8;7;2022
12;1201;53;6;8;2022
12;1201;53;9;6;2022
12;1201;43;16;2;2022
12;1201;43;30;1;2022
12;1201;44;25;6;2022
12;1201;44;5;0;2022
12;1201;44;10;0;2022
12;1201;41;9;13;2022
12;1201;41;6;12;2022
12;1201;43;17;0;2022
12;1201;43;12;0;2022
12;1201;44;11;1;2022
12;1201;44;6;5;2022
12;1201;43;20;0;2022
12;1201;43;12;0;2022
12;1201;42;9;4;2022
12;1201;42;9;3;2022
12;1201;44;16;5;2022
12;1201;44;9;1;2022
12;1201;41;8;3;2022
12;1201;41;7;1;2022
12;1201;53;10;6;2022
12;1201;53;8;0;2022
12;1201;53;11;18;2022
12;1201;53;14;12;2022
12;1201;53;11;15;2022
12;1201;53;10;6;2022
11;1115;53;19;6;2022
11;1115;53;34;6;2022
11;1115;53;19;4;2022
11;1115;52;19;23;2022
11;1115;52;19;17;2022
11;1115;52;20;14;2022
11;1115;53;25;19;2022
11;1115;53;21;17;2022
11;1115;53;19;19;2022
11;1115;53;25;15;2022
11;1115;53;29;14;2022
11;1115;53;21;16;2022
11;1115;53;3;15;2022
11;1115;53;7;13;2022
11;1115;53;1;11;2022
11;1115;53;10;1;2022
11;1115;53;11;4;2022
11;1115;53;8;7;2022
11;1115;53;18;2;2022
11;1115;53;14;1;2022
11;1115;53;15;13;2022
11;1115;53;14;27;2022
11;1115;53;10;2;2022
11;1115;53;16;4;2022
11;1115;53;16;7;2022
11;1115;53;30;12;2022
11;1115;53;21;5;2022
11;1115;53;2;4;2022
11;1115;53;6;1;2022
11;1115;53;6;4;2022
11;1115;53;4;1;2022
11;1115;53;9;10;2022
11;1115;53;4;5;2022
11;1115;53;7;8;2022
11;1102;53;66;66;2022
11;1102;53;62;117;2022
11;1102;53;7;14;2022
11;1102;53;11;14;2022
11;1102;53;4;13;2022
11;1102;53;13;8;2022
11;1102;53;12;8;2022
11;1102;53;8;14;2022
11;1102;53;7;15;2022
11;1102;53;9;9;2022
11;1102;53;9;6;2022
11;1102;53;9;8;2022
11;1102;53;9;8;2022
11;1102;53;13;4;2022
11;1102;53;13;14;2022
11;1102;53;12;15;2022
11;1102;53;13;16;2022
11;1102;53;13;18;2022
11;1102;53;11;8;2022
11;1102;53;8;6;2022
11;1102;53;5;5;2022
11;1102;53;11;9;2022
11;1102;53;10;9;2022
11;1102;53;8;11;2022
11;1102;53;7;4;2022
11;1102;53;7;5;2022
11;1109;43;128;5;2022
11;1109;43;50;1;2022
11;1109;43;67;2;2022
11;1109;51;12;1;2022
11;1109;51;27;2;2022
11;1109;43;9;1;2022
11;1109;62;7;4;2022
11;1109;51;21;2;2022
11;1109;43;12;0;2022
11;1109;62;8;1;2022
11;1114;31;65;14;2022
11;1114;42;33;6;2022
11;1114;31;40;0;2022
11;1114;31;34;6;2022
11;1114;31;42;2;2022
11;1114;31;34;8;2022
11;1114;34;31;5;2022
11;1114;42;32;6;2022
11;1114;34;183;43;2022
11;1114;42;199;94;2022
11;1114;31;361;104;2022
11;1114;34;32;3;2022
11;1114;34;20;5;2022
11;1114;42;84;33;2022
11;1114;31;153;33;2022
11;1114;31;85;10;2022
11;1114;34;112;19;2022
11;1114;42;20;5;2022
11;1114;31;20;4;2022
11;1114;34;35;6;2022
11;1114;42;18;10;2022
11;1114;31;38;10;2022
11;1114;31;37;5;2022
11;1114;31;34;12;2022
11;1114;42;18;8;2022
11;1114;42;9;1;2022
11;1114;31;10;5;2022
11;1114;31;29;6;2022
11;1114;42;10;2;2022
11;1114;42;8;1;2022
11;1114;34;11;4;2022
11;1114;31;18;1;2022
11;1114;31;15;7;2022
11;1107;32;363;89;2022
11;1107;32;138;20;2022
11;1107;32;19;1;2022
11;1107;32;45;4;2022
11;1107;32;27;10;2022
11;1107;32;21;9;2022
11;1107;32;17;4;2022
11;1107;32;24;3;2022
11;1107;32;25;3;2022
11;1107;32;23;1;2022
11;1107;32;21;2;2022
11;1106;62;53;14;2022
11;1106;62;34;6;2022
11;1106;53;34;93;2022
11;1106;53;27;56;2022
11;1106;53;71;73;2022
11;1106;53;69;39;2022
11;1106;53;57;24;2022
11;1106;52;12;11;2022
11;1106;52;8;12;2022
11;1106;53;9;15;2022
11;1106;53;0;16;2022
11;1106;44;17;1;2022
11;1106;44;15;0;2022
11;1106;53;17;2;2022
11;1106;53;9;1;2022
11;1106;53;43;38;2022
11;1106;53;31;62;2022
11;1106;53;36;4;2022
11;1106;53;29;30;2022
11;1106;53;23;9;2022
11;1106;52;43;47;2022
11;1106;53;7;17;2022
11;1106;53;12;0;2022
11;1106;53;6;15;2022
11;1106;53;22;18;2022
11;1106;53;12;2;2022
11;1106;52;22;27;2022
11;1106;52;13;16;2022
11;1106;53;10;0;2022
11;1106;53;11;12;2022
11;1106;53;11;2;2022
11;1106;53;12;8;2022
11;1106;53;11;16;2022
11;1106;53;8;5;2022
11;1106;52;13;7;2022
11;1106;52;12;13;2022
11;1106;53;12;1;2022
11;1108;11;164;20;2022
11;1108;22;84;18;2022
11;1108;22;19;5;2022
11;1108;22;9;2;2022
11;1108;22;67;8;2022
11;1108;11;77;6;2022
11;1108;22;37;5;2022
11;1108;22;13;1;2022
11;1108;22;13;1;2022
11;1108;22;33;3;2022
11;1108;11;97;17;2022
11;1108;22;31;4;2022
11;1108;22;21;2;2022
11;1108;22;30;6;2022
11;1108;22;3;4;2022
11;1108;83;22;12;2022
11;1108;83;14;5;2022
11;1108;11;31;2;2022
11;1108;11;19;2;2022
11;1105;11;231;33;2022
11;1105;22;105;43;2022
11;1105;22;65;11;2022
11;1105;22;14;3;2022
11;1105;22;36;2;2022
11;1105;22;24;6;2022
11;1105;22;84;13;2022
11;1105;11;152;19;2022
11;1105;22;44;3;2022
11;1105;22;19;0;2022
11;1105;22;51;16;2022
11;1105;22;12;0;2022
11;1105;22;31;3;2022
11;1105;22;16;1;2022
11;1105;11;242;15;2022
11;1105;22;31;0;2022
11;1105;22;52;2;2022
11;1105;22;33;10;2022
11;1105;22;15;2;2022
11;1105;22;12;1;2022
11;1105;22;23;3;2022
11;1105;22;15;3;2022
11;1105;22;8;5;2022
11;1105;22;27;1;2022
11;1105;22;18;2;2022
11;1105;22;14;2;2022
11;1105;22;9;2;2022
11;1105;22;24;6;2022
11;1105;22;6;2;2022
11;1105;22;15;5;2022
11;1105;22;15;0;2022
11;1105;22;66;11;2022
11;1104;11;214;23;2022
11;1104;11;92;12;2022
11;1104;11;153;29;2022
11;1104;21;34;3;2022
11;1104;21;15;2;2022
11;1104;21;9;7;2022
11;1104;21;4;3;2022
11;1104;21;15;6;2022
11;1104;21;7;1;2022
11;1104;21;8;0;2022
11;1104;21;5;0;2022
11;1104;34;28;3;2022
11;1104;34;18;4;2022
11;1104;34;24;0;2022
11;1104;21;8;0;2022
11;1103;22;12;3;2022
11;1103;21;78;17;2022
11;1103;21;6;3;2022
11;1103;21;39;13;2022
11;1103;21;115;11;2022
11;1103;21;5;1;2022
11;1103;21;69;10;2022
11;1103;22;3;1;2022
11;1103;21;10;2;2022
11;1103;21;12;3;2022
11;1103;21;9;4;2022
11;1103;21;14;0;2022
11;1103;21;11;1;2022
11;1103;21;7;3;2022
11;1103;21;6;3;2022
11;1103;21;37;5;2022
11;1103;21;10;2;2022
11;1103;21;15;1;2022
11;1103;21;15;1;2022
11;1103;22;11;1;2022
11;1103;21;22;4;2022
11;1103;21;16;2;2022
11;1103;21;14;2;2022
11;1103;21;27;3;2022
11;1103;21;22;1;2022
11;1103;21;7;4;2022
11;1103;21;7;5;2022
11;1103;21;23;2;2022
11;1103;21;23;1;2022
11;1103;22;16;3;2022
11;1103;22;8;1;2022
11;1103;21;24;6;2022
11;1103;21;15;3;2022
11;1111;42;54;45;2022
11;1111;42;10;7;2022
11;1111;42;19;10;2022
11;1111;53;44;14;2022
11;1111;42;5;4;2022
11;1111;42;9;2;2022
11;1111;42;11;15;2022
11;1111;42;11;5;2022
11;1111;42;10;12;2022
11;1111;42;7;9;2022
11;1111;53;12;6;2022
11;1111;53;6;3;2022
11;1110;41;49;57;2022
11;1110;41;17;13;2022
11;1110;42;22;11;2022
11;1110;42;18;0;2022
11;1110;42;16;7;2022
11;1110;42;14;3;2022
11;1110;42;12;10;2022
11;1110;42;6;6;2022
11;1110;42;86;67;2022
11;1110;42;15;18;2022
11;1110;42;112;84;2022
11;1110;42;33;24;2022
11;1110;42;25;7;2022
11;1110;42;9;2;2022
11;1110;42;6;7;2022
11;1110;42;30;17;2022
11;1110;42;9;4;2022
11;1110;53;57;31;2022
11;1110;53;21;9;2022
11;1110;53;26;9;2022
11;1113;71;46;36;2022
11;1113;71;54;34;2022
11;1113;71;48;26;2022
11;1113;44;10;0;2022
11;1113;44;6;6;2022
11;1113;53;6;7;2022
11;1113;53;7;8;2022
11;1113;44;7;6;2022
11;1113;44;9;0;2022
11;1113;44;15;6;2022
11;1113;53;23;23;2022
11;1113;62;8;0;2022
11;1113;44;10;2;2022
11;1113;44;8;2;2022
11;1113;62;5;2;2022
11;1113;62;7;1;2022
11;1113;62;8;4;2022
11;1113;44;12;3;2022
11;1113;62;14;9;2022
11;1113;44;18;6;2022
11;1113;44;13;5;2022
11;1113;44;13;8;2022
11;1113;44;10;1;2022
11;1113;44;9;2;2022
11;1113;44;11;2;2022
11;1101;44;21;4;2022
11;1101;44;8;4;2022
11;1101;41;6;6;2022
11;1101;43;84;6;2022
11;1101;44;18;1;2022
11;1101;43;71;8;2022
11;1101;43;11;4;2022
11;1101;42;51;95;2022
11;1101;42;35;44;2022
11;1101;44;5;3;2022
11;1101;43;93;11;2022
11;1101;53;35;55;2022
11;1101;44;34;9;2022
11;1101;44;21;1;2022
11;1101;44;14;1;2022
11;1101;41;3;5;2022
11;1101;43;30;2;2022
11;1101;43;30;7;2022
11;1101;44;13;0;2022
11;1101;43;62;2;2022
11;1101;53;11;10;2022
11;1101;42;23;10;2022
11;1101;44;4;1;2022
11;1101;42;4;1;2022
11;1101;44;4;3;2022
11;1101;44;51;14;2022
11;1101;44;16;7;2022
11;1101;41;8;10;2022
11;1101;43;48;4;2022
11;1101;44;18;1;2022
11;1101;43;15;3;2022
11;1101;43;32;2;2022
11;1101;42;7;21;2022
11;1101;42;8;5;2022
11;1101;43;67;6;2022
11;1101;44;12;0;2022
11;1101;53;8;5;2022
11;1101;41;5;5;2022
11;1101;41;12;1;2022
11;1101;44;19;1;2022
11;1101;44;17;0;2022
11;1101;44;9;3;2022
11;1101;44;7;2;2022
11;1101;42;11;4;2022
11;1101;42;9;6;2022
11;1101;44;9;3;2022
11;1101;44;4;1;2022
11;1101;43;9;2;2022
11;1101;43;12;0;2022
11;1101;44;8;2;2022
11;1101;44;3;3;2022
11;1101;42;8;6;2022
11;1101;43;16;0;2022
11;1101;43;18;2;2022
11;1101;42;4;1;2022
11;1101;43;6;3;2022
11;1101;43;8;4;2022
11;1101;43;11;1;2022
11;1101;43;5;2;2022
11;1101;43;2;0;2022
11;1101;41;3;1;2022
11;1101;41;2;0;2022
11;1101;41;4;2;2022
11;1101;41;4;0;2022
11;1101;41;1;1;2022
11;1101;44;7;0;2022
11;1101;44;7;0;2022
11;1101;44;11;0;2022
11;1101;44;3;0;2022
11;1101;44;3;0;2022
11;1101;44;6;6;2022
11;1101;44;5;4;2022
11;1101;44;6;2;2022
11;1101;44;8;3;2022
11;1101;44;3;3;2022
10;1006;31;21;17;2022
10;1006;34;2;1;2022
10;1006;34;0;1;2022
10;1006;31;1;0;2022
10;1018;31;0;1;2022
10;1018;31;1;1;2022
10;1018;31;4;5;2022
10;1018;31;3;1;2022
10;1018;34;3;4;2022
10;1018;34;3;0;2022
10;1019;71;0;0;2022
10;1019;71;0;1;2022
10;1019;71;1;0;2022
10;1019;71;1;0;2022
10;1019;71;1;0;2022
10;1019;71;0;1;2022
10;1019;71;0;0;2022
10;1019;71;0;0;2022
10;1019;71;1;0;2022
10;1017;51;0;0;2022
10;1017;53;0;0;2022
10;1017;53;0;0;2022
10;1017;53;0;0;2022
10;1017;53;0;0;2022
10;1011;53;0;1;2022
10;1011;53;0;1;2022
10;1015;62;0;0;2022
10;1015;62;0;0;2022
10;1015;53;0;0;2022
10;1015;53;0;0;2022
10;1015;53;0;0;2022
10;1015;53;0;0;2022
10;1015;53;0;0;2022
10;1015;53;0;0;2022
10;1007;21;1;1;2022
10;1007;21;0;0;2022
10;1007;21;0;1;2022
10;1010;71;1;0;2022
10;1010;43;3;0;2022
10;1010;43;1;0;2022
10;1010;44;1;0;2022
10;1009;42;1;0;2022
10;1009;53;2;0;2022
10;1009;82;2;0;2022
10;1016;83;0;1;2022
10;1008;21;3;0;2022
10;1008;21;0;2;2022
10;1008;21;1;1;2022
10;1008;21;0;1;2022
10;1012;42;3;16;2022
10;1012;42;2;2;2022
10;1013;71;0;0;2022
10;1013;71;0;1;2022
10;1014;31;17;33;2022
10;1014;31;2;3;2022
10;1014;42;3;4;2022
10;1014;42;1;0;2022
10;1014;34;3;5;2022
10;1014;34;0;2;2022
10;1014;31;2;1;2022
10;1003;22;2;0;2022
10;1003;22;3;0;2022
10;1003;22;6;0;2022
10;1003;22;5;2;2022
10;1003;22;0;1;2022
10;1003;22;1;0;2022
10;1003;34;1;0;2022
10;1003;34;10;8;2022
10;1003;22;12;11;2022
10;1003;22;5;3;2022
10;1003;22;1;0;2022
10;1003;22;1;0;2022
10;1003;22;2;0;2022
10;1003;22;1;0;2022
10;1003;22;7;0;2022
10;1003;22;4;1;2022
10;1003;34;1;0;2022
10;1004;32;2;0;2022
10;1004;32;1;0;2022
10;1004;32;2;1;2022
10;1004;32;0;0;2022
10;1004;32;1;0;2022
10;1004;31;0;0;2022
10;1004;32;1;1;2022
10;1004;32;1;0;2022
10;1004;32;0;0;2022
10;1004;32;24;7;2022
10;1004;32;19;7;2022
10;1002;34;0;0;2022
10;1002;34;0;0;2022
10;1002;31;0;0;2022
10;1002;42;0;0;2022
10;1002;31;0;0;2022
10;1002;31;0;0;2022
10;1002;31;0;0;2022
10;1002;31;0;0;2022
10;1002;31;0;0;2022
10;1002;31;1;0;2022
10;1002;31;0;0;2022
10;1002;31;0;0;2022
10;1002;31;0;0;2022
10;1002;31;0;0;2022
10;1002;31;0;0;2022
10;1002;34;0;0;2022
10;1002;31;0;0;2022
10;1002;31;0;0;2022
10;1002;34;5;8;2022
10;1002;34;2;1;2022
10;1002;42;6;12;2022
10;1002;31;2;2;2022
10;1002;31;23;33;2022
10;1002;31;3;4;2022
10;1001;42;0;1;2022
10;1001;43;1;0;2022
10;1001;44;1;0;2022
10;1005;71;3;7;2022
10;1005;71;0;1;2022
8;816;71;1;0;2022
8;816;71;0;1;2022
8;814;53;0;0;2022
8;814;53;0;0;2022
8;814;53;0;0;2022
8;814;53;0;0;2022
8;814;53;0;0;2022
8;814;53;0;0;2022
8;807;21;0;0;2022
8;807;21;0;0;2022
8;807;21;0;0;2022
8;811;43;0;0;2022
8;811;43;0;0;2022
8;811;43;1;0;2022
8;811;43;1;0;2022
8;811;43;0;0;2022
8;810;11;2;0;2022
8;809;44;0;1;2022
8;809;53;2;3;2022
8;809;53;1;5;2022
8;808;22;1;4;2022
8;808;22;3;1;2022
8;808;22;4;0;2022
8;808;22;2;1;2022
8;808;22;1;0;2022
8;808;22;5;1;2022
8;808;22;1;0;2022
8;808;22;3;1;2022
8;808;22;2;1;2022
8;813;42;1;5;2022
8;813;42;0;0;2022
8;813;42;0;0;2022
8;813;42;0;0;2022
8;813;42;0;3;2022
8;813;42;0;0;2022
8;813;42;2;2;2022
8;813;42;4;3;2022
8;813;42;12;4;2022
8;812;42;7;2;2022
8;812;42;1;1;2022
8;812;53;19;10;2022
8;812;41;1;0;2022
8;812;41;1;3;2022
8;812;53;3;2;2022
8;806;21;0;0;2022
8;806;21;0;0;2022
8;806;51;0;0;2022
8;806;31;0;0;2022
8;804;71;5;1;2022
8;804;71;0;0;2022
8;804;71;0;0;2022
8;802;31;1;2;2022
8;802;31;27;17;2022
8;802;31;2;1;2022
8;802;34;32;19;2022
8;802;34;2;0;2022
8;802;42;3;6;2022
8;801;44;4;2;2022
8;801;44;7;3;2022
8;801;44;3;5;2022
8;801;44;0;4;2022
8;801;41;1;0;2022
8;801;41;3;11;2022
8;801;53;6;19;2022
8;801;41;0;5;2022
8;801;44;3;1;2022
8;801;44;4;2;2022
8;801;42;2;12;2022
8;801;42;5;4;2022
8;801;53;0;0;2022
8;801;53;1;0;2022
8;805;71;3;3;2022
8;805;71;1;0;2022
8;805;71;6;3;2022
5;502;33;1;0;2022
5;502;33;0;1;2022
5;502;33;1;1;2022
5;502;33;1;1;2022
5;506;31;1;0;2022
5;506;31;1;3;2022
5;506;31;2;5;2022
5;506;31;1;1;2022
5;506;31;17;17;2022
5;506;31;0;1;2022
5;506;31;3;0;2022
5;508;33;6;1;2022
5;508;33;1;0;2022
5;508;33;1;0;2022
5;508;33;0;0;2022
5;507;83;0;0;2022
5;507;83;0;0;2022
5;505;42;2;3;2022
9;912;53;0;0;2022
9;912;53;0;0;2022
9;912;53;0;0;2022
9;912;53;0;0;2022
9;912;53;0;0;2022
9;906;32;4;2;2022
9;906;32;0;3;2022
9;910;53;0;0;2022
9;910;53;0;0;2022
9;910;42;0;0;2022
9;910;53;1;0;2022
9;902;21;0;1;2022
9;903;21;0;0;2022
9;903;21;0;0;2022
9;903;21;0;0;2022
9;903;21;0;0;2022
9;903;21;0;0;2022
9;903;21;0;0;2022
9;903;21;0;0;2022
9;903;21;0;0;2022
9;903;21;0;0;2022
9;908;31;0;0;2022
9;908;34;0;0;2022
9;908;34;0;0;2022
9;908;31;0;0;2022
9;908;31;0;0;2022
9;908;31;0;0;2022
9;908;31;0;0;2022
9;908;31;0;0;2022
9;908;34;0;0;2022
9;908;42;0;0;2022
9;908;42;0;0;2022
9;908;42;0;0;2022
9;908;42;0;0;2022
9;908;42;0;0;2022
9;908;42;0;0;2022
9;908;42;0;0;2022
9;908;42;0;0;2022
9;901;22;4;6;2022
9;901;22;1;0;2022
9;901;22;1;0;2022
9;901;22;4;0;2022
9;901;22;2;2;2022
9;901;22;6;6;2022
9;901;22;4;0;2022
9;901;22;0;0;2022
9;901;22;4;1;2022
9;901;22;1;0;2022
9;901;22;6;2;2022
9;901;22;3;0;2022
9;901;22;0;0;2022
9;901;22;1;1;2022
9;901;22;1;0;2022
9;901;22;1;1;2022
9;901;22;4;4;2022
9;901;22;3;0;2022
9;901;22;3;0;2022
9;901;22;1;1;2022
9;901;22;0;1;2022
9;911;44;0;0;2022
9;911;51;0;0;2022
9;911;42;1;0;2022
9;911;42;0;0;2022
9;911;43;0;0;2022
6;612;62;1;0;2022
6;603;21;0;0;2022
6;603;21;0;0;2022
6;608;51;0;1;2022
6;607;22;5;5;2022
6;607;22;1;1;2022
6;607;11;2;0;2022
6;611;83;4;22;2022
6;606;22;6;4;2022
6;606;22;1;1;2022
6;606;22;0;1;2022
6;606;22;2;2;2022
6;606;22;0;1;2022
6;606;34;2;0;2022
6;606;11;0;0;2022
6;605;22;4;1;2022
6;605;22;2;0;2022
6;609;42;2;6;2022
6;609;42;0;1;2022
6;609;42;0;3;2022
6;610;71;0;1;2022
6;601;31;7;7;2022
6;601;31;0;0;2022
6;601;42;1;0;2022
6;601;42;0;3;2022
6;601;32;2;2;2022
6;601;32;14;8;2022
6;601;34;1;1;2022
6;601;34;2;1;2022
6;601;31;0;0;2022
13;1323;42;0;0;2022
13;1323;31;0;1;2022
13;1323;52;1;0;2022
13;1323;53;0;0;2022
13;1323;31;0;0;2022
13;1323;52;0;0;2022
13;1323;31;0;0;2022
13;1323;53;0;0;2022
13;1323;52;0;0;2022
13;1323;52;0;0;2022
13;1323;31;2;0;2022
13;1323;42;0;0;2022
13;1323;53;1;1;2022
13;1324;53;1;7;2022
13;1301;42;1;3;2022
13;1301;31;2;6;2022
13;1301;31;0;0;2022
13;1301;42;1;1;2022
13;1301;42;1;0;2022
13;1301;82;0;0;2022
13;1301;42;0;0;2022
13;1301;31;0;0;2022
13;1307;53;0;0;2022
13;1307;31;1;0;2022
13;1307;42;0;0;2022
13;1307;53;0;0;2022
13;1307;53;0;1;2022
13;1307;31;0;0;2022
13;1308;31;2;1;2022
13;1308;42;6;0;2022
13;1308;53;0;0;2022
13;1308;53;0;2;2022
13;1308;31;2;1;2022
13;1308;53;1;0;2022
13;1308;42;0;1;2022
13;1308;53;0;1;2022
13;1309;53;1;0;2022
13;1309;42;0;2;2022
13;1309;53;0;0;2022
13;1309;31;0;0;2022
13;1309;42;1;0;2022
13;1309;53;0;0;2022
13;1309;53;0;0;2022
13;1309;31;2;0;2022
13;1309;53;0;1;2022
13;1309;42;1;0;2022
13;1310;52;0;4;2022
13;1310;53;1;4;2022
13;1310;31;11;16;2022
13;1310;31;1;0;2022
13;1310;52;0;0;2022
13;1310;52;0;0;2022
13;1310;53;0;0;2022
13;1310;53;0;0;2022
13;1310;53;0;0;2022
13;1310;53;0;0;2022
13;1310;53;0;0;2022
13;1310;31;1;1;2022
13;1310;31;2;1;2022
13;1310;53;0;0;2022
13;1310;52;0;0;2022
13;1310;53;0;0;2022
13;1310;53;0;0;2022
13;1310;53;0;0;2022
13;1310;53;0;0;2022
13;1314;51;0;0;2022
13;1314;53;0;0;2022
13;1314;53;0;0;2022
13;1314;42;0;0;2022
13;1314;53;0;0;2022
13;1314;42;0;0;2022
13;1314;53;0;0;2022
13;1314;53;0;0;2022
13;1314;51;0;0;2022
13;1314;42;0;0;2022
13;1314;42;0;0;2022
13;1314;53;0;0;2022
13;1311;31;2;0;2022
13;1311;31;0;1;2022
13;1315;52;0;2;2022
13;1315;42;0;2;2022
13;1315;53;0;6;2022
13;1315;31;2;2;2022
13;1315;31;1;1;2022
13;1315;31;0;2;2022
13;1315;42;1;0;2022
13;1315;52;0;1;2022
13;1315;52;0;1;2022
13;1315;31;0;1;2022
13;1313;42;1;6;2022
13;1313;53;1;6;2022
13;1313;53;0;1;2022
13;1313;31;4;3;2022
13;1313;42;0;1;2022
13;1313;42;2;1;2022
13;1313;53;0;0;2022
13;1313;53;0;1;2022
13;1320;52;0;0;2022
13;1320;42;0;2;2022
13;1320;53;1;6;2022
13;1320;53;0;2;2022
13;1320;31;0;1;2022
13;1320;31;0;2;2022
13;1320;42;0;0;2022
13;1320;42;0;1;2022
13;1320;52;0;0;2022
13;1320;52;0;0;2022
13;1320;53;0;0;2022
13;1320;53;0;1;2022
13;1320;53;0;0;2022
13;1320;31;0;0;2022
13;1320;31;0;0;2022
13;1320;53;0;1;2022
13;1320;31;0;0;2022
13;1320;31;0;0;2022
13;1320;42;0;0;2022
13;1320;42;0;0;2022
13;1320;42;0;0;2022
13;1320;52;0;0;2022
13;1320;52;0;0;2022
13;1320;53;0;0;2022
13;1320;53;0;0;2022
13;1320;53;0;0;2022
13;1320;53;0;0;2022
13;1320;53;0;0;2022
13;1320;53;0;0;2022
13;1320;31;0;0;2022
13;1322;42;0;0;2022
13;1322;52;0;3;2022
13;1322;52;0;0;2022
13;1321;34;0;0;2022
13;1321;42;1;4;2022
13;1321;53;0;4;2022
13;1321;31;1;2;2022
13;1321;53;0;2;2022
13;1321;31;0;1;2022
13;1321;31;0;1;2022
13;1321;53;0;2;2022
13;1321;34;0;0;2022
13;1321;31;0;0;2022
13;1321;42;0;0;2022
13;1321;42;0;0;2022
13;1321;53;0;0;2022
13;1321;53;0;1;2022
13;1321;53;0;0;2022
13;1321;42;0;1;2022
13;1321;53;0;0;2022
13;1321;31;0;0;2022
13;1321;31;0;0;2022
13;1321;53;0;0;2022
13;1321;53;0;0;2022
13;1321;31;0;0;2022
13;1321;42;0;0;2022
13;1321;42;0;0;2022
13;1321;53;0;0;2022
13;1321;53;0;0;2022
13;1321;42;0;0;2022
13;1321;53;0;0;2022
13;1321;53;0;0;2022
13;1321;31;0;0;2022
13;1321;42;0;0;2022
13;1321;42;0;0;2022
13;1321;53;0;0;2022
13;1321;53;0;0;2022
13;1321;42;0;0;2022
13;1321;53;0;0;2022
13;1325;42;1;2;2022
13;1325;53;0;0;2022
13;1325;51;0;0;2022
13;1325;51;0;0;2022
13;1325;42;0;0;2022
13;1325;42;0;1;2022
13;1325;53;0;0;2022
13;1325;53;0;0;2022
13;1325;42;0;0;2022
13;1317;42;0;0;2022
13;1317;53;0;0;2022
13;1317;53;0;0;2022
13;1317;31;0;0;2022
13;1317;53;0;0;2022
13;1317;53;0;0;2022
13;1317;53;0;0;2022
13;1317;31;0;0;2022
13;1317;53;0;0;2022
13;1319;52;0;1;2022
13;1319;53;1;3;2022
13;1319;31;1;0;2022
13;1319;42;0;1;2022
13;1319;53;0;1;2022
13;1319;53;0;1;2022
11;1102;53;6;8;2022
11;1102;53;1;2;2022
11;1102;53;0;1;2022
11;1102;53;0;2;2022
11;1109;43;0;1;2022
11;1107;32;2;0;2022
11;1107;32;1;0;2022
11;1107;32;1;0;2022
11;1107;32;19;7;2022
11;1107;32;17;1;2022
11;1108;11;0;0;2022
11;1108;83;0;0;2022
11;1108;22;0;0;2022
11;1108;22;1;0;2022
11;1108;22;0;0;2022
11;1108;22;2;0;2022
11;1108;22;0;1;2022
11;1108;22;1;0;2022
11;1108;22;1;1;2022
11;1108;22;0;0;2022
11;1108;11;0;0;2022
11;1105;22;0;0;2022
11;1105;22;0;0;2022
11;1105;22;0;0;2022
11;1105;22;0;0;2022
11;1105;22;0;0;2022
11;1105;22;0;0;2022
11;1105;22;0;0;2022
11;1105;22;0;0;2022
11;1105;22;0;0;2022
11;1104;21;0;0;2022
11;1104;21;0;0;2022
11;1104;21;0;0;2022
11;1104;21;0;0;2022
11;1104;21;0;0;2022
11;1104;34;0;0;2022
11;1103;21;1;0;2022
11;1103;21;1;0;2022
11;1103;21;1;0;2022
11;1103;22;0;0;2022
11;1103;22;0;0;2022
11;1103;21;0;1;2022
11;1103;21;0;0;2022
11;1111;42;0;0;2022
11;1111;42;0;1;2022
11;1111;42;1;2;2022
11;1111;53;0;0;2022
11;1110;42;0;0;2022
11;1110;42;0;0;2022
11;1110;42;1;0;2022
11;1110;42;0;1;2022
11;1110;41;0;0;2022
11;1110;42;0;3;2022
11;1110;42;0;1;2022
11;1110;53;0;1;2022
11;1110;53;0;2;2022
11;1110;42;0;1;2022
11;1110;42;2;0;2022
11;1113;71;1;0;2022
11;1113;44;1;0;2022
12;1209;53;0;0;2022
12;1209;53;0;0;2022
12;1209;53;0;0;2022
12;1209;53;0;0;2022
12;1209;53;0;0;2022
12;1209;53;0;0;2022
12;1206;22;0;0;2022
12;1206;11;0;0;2022
12;1205;22;2;0;2022
12;1205;22;0;0;2022
12;1205;22;3;4;2022
12;1205;22;0;0;2022
12;1205;22;2;3;2022
12;1205;22;4;4;2022
12;1205;22;1;0;2022
12;1205;22;0;0;2022
12;1205;22;12;8;2022
12;1205;34;6;1;2022
12;1205;34;5;2;2022
12;1205;34;0;0;2022
12;1203;42;2;2;2022
12;1203;42;0;1;2022
12;1203;53;0;1;2022
12;1203;53;1;0;2022
12;1203;53;0;1;2022
12;1203;53;0;1;2022
12;1207;11;2;0;2022
12;1207;11;0;1;2022
12;1208;34;2;3;2022
12;1208;34;0;0;2022
12;1208;31;5;4;2022
12;1208;31;0;0;2022
12;1208;34;0;0;2022
12;1208;31;0;0;2022
12;1208;42;1;0;2022
12;1208;42;1;1;2022
12;1201;42;0;0;2022
12;1201;44;0;0;2022
12;1201;43;0;0;2022
12;1201;43;0;0;2022
12;1201;44;0;0;2022
12;1201;42;0;0;2022
12;1201;42;0;0;2022
12;1201;53;0;0;2022
12;1201;43;0;0;2022
7;704;31;15;7;2022
7;704;34;7;1;2022
7;715;53;0;0;2022
7;715;53;0;0;2022
7;715;53;0;0;2022
7;715;53;0;0;2022
7;715;41;0;1;2022
7;715;44;2;0;2022
7;715;41;0;1;2022
7;715;42;0;2;2022
7;715;41;1;1;2022
7;715;44;0;0;2022
7;715;42;0;2;2022
7;715;44;0;0;2022
7;715;44;0;0;2022
7;715;53;5;6;2022
7;716;71;0;0;2022
7;716;71;0;0;2022
7;716;71;0;0;2022
7;716;71;0;0;2022
7;716;71;0;0;2022
7;716;71;0;0;2022
7;716;72;0;0;2022
7;716;72;0;0;2022
7;716;72;0;0;2022
7;716;71;0;0;2022
7;716;71;0;0;2022
7;716;71;0;0;2022
7;714;42;0;0;2022
7;714;53;0;0;2022
7;714;53;0;0;2022
7;714;53;0;0;2022
7;714;53;0;0;2022
7;714;53;0;0;2022
7;714;53;0;0;2022
7;707;31;0;1;2022
7;707;31;14;24;2022
7;707;31;0;1;2022
7;706;21;0;2;2022
7;710;31;0;1;2022
7;710;31;0;0;2022
7;710;42;0;0;2022
7;710;42;0;0;2022
7;710;34;0;0;2022
7;710;31;0;0;2022
7;710;31;0;0;2022
7;710;31;0;0;2022
7;710;31;0;0;2022
7;710;31;1;1;2022
7;710;42;2;8;2022
7;710;34;6;6;2022
7;710;34;0;1;2022
7;710;31;23;28;2022
7;710;31;6;1;2022
7;709;53;1;2;2022
7;709;52;2;4;2022
7;709;53;7;5;2022
7;709;42;0;2;2022
7;709;42;0;1;2022
7;709;53;0;1;2022
7;709;53;0;4;2022
7;713;62;0;0;2022
7;708;21;0;0;2022
7;708;21;0;0;2022
7;708;21;1;0;2022
7;708;21;0;0;2022
7;708;21;1;0;2022
7;708;21;0;1;2022
7;708;21;1;0;2022
7;708;21;0;1;2022
7;708;21;3;0;2022
7;708;21;2;0;2022
7;711;42;3;0;2022
7;711;42;0;1;2022
7;711;42;1;1;2022
7;711;42;1;1;2022
7;711;42;1;1;2022
7;705;82;0;4;2022
7;705;82;1;5;2022
7;705;82;2;1;2022
7;712;71;0;1;2022
7;702;22;6;1;2022
7;702;22;2;0;2022
7;702;22;15;9;2022
7;702;22;15;4;2022
7;702;22;24;3;2022
7;702;22;17;2;2022
7;702;22;4;1;2022
7;702;22;1;1;2022
7;702;34;5;3;2022
7;702;34;1;0;2022
7;702;34;1;0;2022
7;702;34;0;0;2022
7;703;32;2;1;2022
7;703;32;0;0;2022
7;703;32;2;0;2022
7;703;32;4;1;2022
7;703;32;1;0;2022
7;703;32;0;1;2022
7;703;32;2;1;2022
7;703;32;4;0;2022
7;703;32;87;26;2022
7;703;32;7;4;2022
7;703;32;17;7;2022
7;718;31;17;9;2022
7;718;31;0;2;2022
7;718;34;21;12;2022
7;718;34;6;0;2022
7;703;71;1;3;2022
7;703;71;3;1;2022
4;404;31;3;11;2022
4;404;31;20;24;2022
4;404;31;2;1;2022
4;404;42;3;0;2022
4;404;42;1;0;2022
4;430;53;0;0;2022
4;426;51;1;0;2022
4;426;51;0;0;2022
4;418;53;0;0;2022
4;418;53;0;0;2022
4;418;53;0;0;2022
4;418;53;0;0;2022
4;418;53;0;0;2022
4;418;53;0;0;2022
4;414;62;0;0;2022
4;414;62;0;0;2022
4;410;22;3;0;2022
4;410;22;5;2;2022
4;410;22;1;1;2022
4;410;22;4;1;2022
4;410;22;3;1;2022
4;410;22;1;1;2022
4;410;22;5;0;2022
4;410;22;6;2;2022
4;410;22;3;0;2022
4;410;22;2;4;2022
4;410;22;7;2;2022
4;410;22;11;1;2022
4;410;22;4;0;2022
4;410;22;5;2;2022
4;411;22;2;0;2022
4;411;22;0;1;2022
4;411;22;3;2;2022
4;411;22;2;1;2022
4;411;22;1;1;2022
4;411;22;1;0;2022
4;411;22;2;0;2022
4;411;22;3;1;2022
4;417;52;0;0;2022
4;417;52;1;0;2022
4;417;52;1;1;2022
4;417;52;0;0;2022
4;417;52;0;1;2022
4;417;52;0;0;2022
4;417;52;0;6;2022
4;417;52;0;1;2022
4;417;52;0;2;2022
4;417;52;0;1;2022
4;417;52;0;0;2022
4;417;52;0;0;2022
4;417;52;0;0;2022
4;417;52;0;0;2022
4;417;52;0;0;2022
4;408;72;0;0;2022
4;408;72;2;0;2022
4;408;32;9;1;2022
4;408;34;0;0;2022
4;408;34;5;0;2022
4;408;32;0;0;2022
4;408;32;3;0;2022
4;408;34;0;0;2022
4;408;34;1;0;2022
4;408;72;0;0;2022
4;408;72;2;1;2022
4;408;72;2;1;2022
4;408;32;3;0;2022
4;408;72;0;0;2022
4;408;72;0;0;2022
4;408;72;0;0;2022
4;408;72;0;0;2022
4;408;31;0;0;2022
4;408;31;0;0;2022
4;408;71;0;0;2022
4;408;34;0;0;2022
4;408;34;0;0;2022
4;406;62;0;1;2022
4;406;62;0;1;2022
4;406;62;0;0;2022
4;406;51;0;0;2022
4;403;34;6;6;2022
4;403;34;12;4;2022
4;403;31;5;2;2022
4;403;42;16;7;2022
4;403;42;6;1;2022
4;403;42;3;0;2022
4;403;31;16;11;2022
4;403;31;0;1;2022
4;402;32;28;8;2022
4;402;32;9;7;2022
3;311;53;0;0;2022
3;311;53;0;0;2022
3;311;52;0;0;2022
3;311;53;0;0;2022
3;310;53;0;0;2022
3;310;53;0;0;2022
3;310;53;0;0;2022
3;310;53;0;0;2022
3;310;53;0;0;2022
3;310;53;0;0;2022
3;306;22;11;3;2022
3;306;34;2;1;2022
3;306;34;0;1;2022
3;306;34;4;0;2022
3;306;22;1;0;2022
3;306;22;20;1;2022
3;306;22;1;0;2022
3;306;22;7;0;2022
3;306;22;5;1;2022
3;306;22;7;3;2022
3;306;22;4;0;2022
3;306;22;3;0;2022
3;306;22;9;0;2022
3;306;22;6;0;2022
3;306;22;1;0;2022
3;306;22;2;0;2022
3;306;22;1;0;2022
3;309;71;0;0;2022
3;303;32;1;1;2022
3;303;32;0;1;2022
3;303;32;3;2;2022
3;303;32;5;1;2022
3;303;32;1;2;2022
3;303;32;1;1;2022
3;303;32;2;0;2022
3;303;32;1;0;2022
3;303;32;0;1;2022
3;303;32;3;1;2022
3;303;32;1;0;2022
3;303;32;2;1;2022
3;303;32;3;0;2022
3;303;32;1;0;2022
3;303;32;3;0;2022
3;303;32;1;0;2022
3;303;32;2;0;2022
3;303;32;1;0;2022
3;303;32;87;39;2022
3;303;32;58;31;2022
3;301;44;2;3;2022
3;301;44;1;2;2022
3;301;44;4;0;2022
3;301;44;2;2;2022
3;301;43;1;1;2022
3;301;53;0;0;2022
3;301;44;2;3;2022
3;301;43;3;0;2022
3;301;41;2;0;2022
3;301;41;1;2;2022
3;301;44;1;1;2022
3;301;44;0;0;2022
3;301;43;0;0;2022
3;301;42;1;4;2022
3;301;42;0;4;2022
3;301;53;0;1;2022
3;302;34;21;12;2022
3;302;34;5;3;2022
3;302;31;17;26;2022
3;302;31;0;4;2022
3;302;42;2;4;2022
3;304;71;0;0;2022
3;304;71;0;0;2022
2;212;42;0;0;2022
2;212;42;0;0;2022
2;212;53;1;0;2022
2;212;53;0;0;2022
2;212;52;0;0;2022
2;212;52;1;0;2022
2;212;53;1;0;2022
2;212;53;0;0;2022
2;212;41;0;0;2022
2;212;41;0;0;2022
2;212;53;0;0;2022
2;212;53;0;0;2022
2;210;22;0;0;2022
2;210;22;0;0;2022
2;210;22;0;0;2022
2;210;34;0;0;2022
2;210;34;0;0;2022
2;210;22;0;0;2022
2;210;22;0;0;2022
2;210;22;0;0;2022
2;215;31;19;14;2022
2;215;31;0;0;2022
2;215;31;0;0;2022
2;215;31;0;0;2022
2;203;21;0;0;2022
2;203;21;0;1;2022
2;206;11;1;1;2022
2;205;21;0;2;2022
2;204;21;1;2;2022
2;202;22;1;1;2022
2;202;22;0;0;2022
2;201;22;13;7;2022
2;201;22;7;4;2022
2;201;34;6;4;2022
2;201;34;0;0;2022
2;201;34;10;4;2022
2;201;22;2;1;2022
2;201;22;0;1;2022
2;201;22;0;0;2022
2;201;22;0;0;2022
2;201;34;8;6;2022
2;201;34;0;0;2022
2;201;22;11;2;2022
2;201;11;5;3;2022
2;201;22;0;0;2022
2;201;34;5;2;2022
2;201;34;1;0;2022
2;201;34;3;0;2022
2;201;34;3;0;2022
2;201;34;0;0;2022
2;201;34;0;0;2022
2;201;34;6;5;2022
2;201;34;0;0;2022
2;201;34;3;2;2022
2;201;34;0;0;2022
2;201;22;14;5;2022
2;201;22;4;3;2022
2;201;22;0;0;2022
2;201;22;28;10;2022
2;201;22;10;5;2022
2;201;22;0;0;2022
2;201;22;29;4;2022
2;201;22;4;0;2022
2;201;22;0;0;2022
2;201;22;13;2;2022
2;201;22;3;1;2022
2;201;22;0;0;2022
2;201;22;10;5;2022
2;201;22;2;1;2022
2;201;22;0;0;2022
2;201;34;2;3;2022
2;201;34;0;1;2022
2;201;34;0;0;2022
2;201;34;19;1;2022
2;201;34;9;3;2022
2;201;34;0;0;2022
2;201;34;6;2;2022
2;201;34;0;3;2022
2;201;34;2;0;2022
2;201;34;0;0;2022
2;201;34;0;1;2022
2;201;34;3;1;2022
15;1501;31;55;51;2022
15;1501;31;23;14;2022
15;1501;31;25;27;2022
15;1501;31;9;16;2022
15;1501;31;7;7;2022
15;1501;42;8;35;2022
15;1501;42;4;22;2022
15;1501;42;5;9;2022
15;1501;31;4;13;2022
15;1501;81;54;24;2022
15;1501;81;54;25;2022
15;1501;42;32;22;2022
15;1501;42;15;21;2022
15;1501;42;14;20;2022
15;1501;42;9;15;2022
15;1501;42;24;22;2022
15;1501;42;12;13;2022
15;1501;41;20;21;2022
15;1501;41;14;17;2022
15;1501;42;11;19;2022
15;1501;42;4;20;2022
15;1501;42;1;2;2022
15;1501;42;11;14;2022
15;1501;31;29;20;2022
15;1501;31;37;20;2022
15;1501;31;31;21;2022
15;1501;83;13;13;2022
15;1501;83;1;16;2022
15;1501;83;0;1;2022
15;1501;31;5;2;2022
15;1501;31;2;0;2022
15;1501;42;15;13;2023
15;1501;31;67;63;2023
15;1501;81;63;29;2023
15;1501;81;41;18;2023
15;1501;31;17;9;2023
15;1501;31;33;38;2023
15;1501;31;28;25;2023
15;1501;53;27;23;2023
15;1501;53;10;17;2023
15;1501;42;13;34;2023
15;1501;42;6;14;2023
15;1501;31;13;9;2023
15;1501;31;5;10;2023
15;1501;31;22;27;2023
15;1501;31;14;12;2023
15;1501;53;25;54;2023
15;1501;53;4;29;2023
15;1501;53;7;18;2023
15;1501;31;16;16;2023
15;1501;31;22;16;2023
15;1501;31;36;40;2023
15;1501;31;18;11;2023
15;1501;42;23;26;2023
15;1501;42;17;20;2023
15;1501;42;2;5;2023
15;1501;31;61;45;2023
15;1501;31;31;10;2023
13;1301;31;158;110;2023
13;1301;31;21;2;2023
13;1301;31;16;12;2023
13;1301;42;62;100;2023
13;1301;31;23;7;2023
13;1301;31;6;0;2023
13;1301;42;9;20;2023
13;1301;42;9;11;2023
13;1301;31;18;4;2023
13;1301;31;11;6;2023
13;1301;31;18;6;2023
13;1301;31;15;1;2023
13;1301;42;14;11;2023
13;1301;42;16;25;2023
13;1301;82;18;4;2023
13;1301;82;11;6;2023
13;1301;53;28;33;2023
13;1301;53;28;30;2023
13;1302;42;62;73;2023
13;1302;31;79;34;2023
13;1302;31;25;13;2023
13;1302;31;38;21;2023
13;1302;53;11;9;2023
13;1302;53;6;6;2023
13;1302;53;5;13;2023
13;1302;53;6;10;2023
13;1302;42;4;10;2023
13;1302;42;9;3;2023
13;1302;31;78;47;2023
13;1302;31;61;21;2023
13;1302;31;25;9;2023
13;1302;53;12;25;2023
13;1302;53;5;10;2023
13;1302;53;3;10;2023
13;1302;53;2;9;2023
13;1302;53;5;15;2023
13;1302;53;4;10;2023
13;1302;53;3;9;2023
13;1302;53;2;6;2023
13;1302;53;7;22;2023
13;1302;53;3;15;2023
13;1303;53;25;24;2023
13;1303;53;19;15;2023
13;1303;31;82;24;2023
13;1303;31;27;6;2023
13;1303;31;16;5;2023
13;1303;42;7;8;2023
13;1303;42;9;8;2023
13;1303;31;7;64;2023
13;1303;31;0;11;2023
13;1303;31;2;12;2023
13;1303;53;20;7;2023
13;1303;53;12;6;2023
13;1303;53;14;36;2023
13;1303;53;15;27;2023
13;1303;42;8;9;2023
13;1303;42;6;4;2023
13;1303;53;10;4;2023
13;1303;53;18;26;2023
13;1303;53;7;18;2023
13;1303;42;11;14;2023
13;1303;42;16;21;2023
13;1303;31;86;34;2023
13;1303;31;30;5;2023
13;1303;31;9;7;2023
13;1303;42;66;85;2023
13;1303;53;4;16;2023
13;1303;53;0;11;2023
13;1303;53;37;81;2023
13;1303;53;29;81;2023
13;1304;31;141;72;2023
13;1304;31;63;15;2023
13;1304;31;33;4;2023
13;1304;31;11;0;2023
13;1304;42;107;140;2023
13;1304;42;56;41;2023
13;1304;42;25;23;2023
13;1304;31;159;64;2023
13;1304;31;76;12;2023
13;1304;31;32;7;2023
13;1304;53;38;77;2023
13;1304;53;23;35;2023
13;1304;53;24;27;2023
13;1304;53;50;141;2023
13;1304;53;27;70;2023
13;1304;53;10;40;2023
13;1304;53;14;51;2023
13;1304;53;13;34;2023
13;1304;53;6;6;2023
13;1305;31;60;26;2023
13;1305;42;66;73;2023
13;1305;31;32;35;2023
13;1305;53;26;50;2023
13;1305;42;14;14;2023
13;1305;31;67;24;2023
13;1305;42;18;16;2023
13;1305;53;3;27;2023
13;1305;53;44;97;2023
13;1305;53;37;116;2023
13;1306;53;11;25;2023
13;1306;53;7;13;2023
13;1306;42;1;0;2023
13;1306;42;5;3;2023
13;1306;42;10;10;2023
13;1306;53;0;1;2023
13;1306;53;12;23;2023
13;1306;53;5;24;2023
13;1306;42;1;1;2023
13;1306;42;5;9;2023
13;1306;42;2;8;2023
13;1306;42;35;22;2023
13;1306;42;26;21;2023
13;1306;42;64;84;2023
13;1306;53;3;9;2023
13;1306;53;29;62;2023
13;1306;53;24;19;2023
13;1306;53;18;15;2023
13;1306;53;0;1;2023
13;1306;53;10;27;2023
13;1306;53;21;21;2023
13;1306;53;16;94;2023
13;1306;53;3;26;2023
13;1306;53;1;10;2023
13;1307;31;87;12;2023
13;1307;53;38;27;2023
13;1307;53;52;19;2023
13;1307;53;29;6;2023
13;1307;42;6;5;2023
13;1307;42;6;4;2023
13;1307;31;33;4;2023
13;1307;31;27;4;2023
13;1307;42;21;21;2023
13;1307;53;5;8;2023
13;1307;53;6;17;2023
13;1307;53;2;5;2023
13;1308;31;68;24;2023
13;1308;31;38;3;2023
13;1308;31;24;7;2023
13;1308;42;80;110;2023
13;1308;42;6;11;2023
13;1308;53;6;7;2023
13;1308;53;3;10;2023
13;1308;53;10;19;2023
13;1308;53;9;13;2023
13;1308;31;40;21;2023
13;1308;31;24;4;2023
13;1308;31;17;3;2023
13;1308;31;11;9;2023
13;1308;31;9;7;2023
13;1308;42;13;12;2023
13;1308;42;5;10;2023
13;1308;42;6;17;2023
13;1308;42;4;6;2023
13;1308;53;32;62;2023
13;1308;53;20;79;2023
13;1308;53;10;32;2023
13;1308;53;5;25;2023
13;1308;53;2;10;2023
13;1308;53;8;4;2023
13;1309;53;19;23;2023
13;1309;53;11;12;2023
13;1309;31;55;36;2023
13;1309;31;44;9;2023
13;1309;31;24;6;2023
13;1309;31;1;1;2023
13;1309;53;49;58;2023
13;1309;42;5;7;2023
13;1309;42;7;4;2023
13;1309;31;2;0;2023
13;1309;42;45;34;2023
13;1309;42;13;17;2023
13;1309;31;99;23;2023
13;1309;31;51;12;2023
13;1309;31;38;3;2023
13;1309;31;15;5;2023
13;1309;31;10;0;2023
13;1309;53;12;9;2023
13;1309;53;7;13;2023
13;1309;51;4;6;2023
13;1309;51;2;5;2023
13;1309;53;23;57;2023
13;1309;53;10;6;2023
13;1309;53;11;10;2023
13;1309;53;24;20;2023
13;1309;53;3;11;2023
13;1309;53;10;6;2023
13;1309;53;18;2;2023
13;1309;53;37;92;2023
13;1309;53;4;23;2023
13;1309;53;6;15;2023
13;1310;31;146;97;2023
13;1310;31;19;9;2023
13;1310;31;11;1;2023
13;1310;42;19;38;2023
13;1310;42;6;1;2023
13;1310;42;11;18;2023
13;1310;42;5;17;2023
13;1310;52;25;25;2023
13;1310;52;27;22;2023
13;1310;53;1;21;2023
13;1310;53;2;19;2023
13;1310;31;113;87;2023
13;1310;31;18;14;2023
13;1310;31;13;7;2023
13;1310;31;5;5;2023
13;1310;31;25;11;2023
13;1310;31;5;5;2023
13;1310;31;14;5;2023
13;1310;31;7;4;2023
13;1310;53;16;30;2023
13;1310;53;9;19;2023
13;1310;42;12;11;2023
13;1310;42;10;14;2023
13;1310;53;6;12;2023
13;1310;53;3;20;2023
13;1310;53;25;42;2023
13;1310;53;15;27;2023
13;1310;31;140;79;2023
13;1310;53;6;25;2023
13;1310;53;9;19;2023
13;1310;53;12;21;2023
13;1310;53;8;18;2023
13;1310;31;5;11;2023
13;1310;82;10;7;2023
13;1310;42;45;79;2023
13;1310;42;35;26;2023
13;1310;53;16;12;2023
13;1310;53;8;11;2023
13;1310;31;10;8;2023
13;1310;31;6;4;2023
13;1310;31;22;16;2023
13;1310;31;6;3;2023
13;1310;31;71;30;2023
13;1310;31;33;18;2023
13;1310;42;74;122;2023
13;1310;53;4;22;2023
13;1310;53;9;16;2023
13;1310;53;4;21;2023
13;1310;53;2;16;2023
13;1310;52;5;12;2023
13;1310;52;6;8;2023
13;1310;53;49;139;2023
13;1310;53;12;21;2023
13;1310;53;8;17;2023
13;1310;52;87;140;2023
13;1310;52;14;32;2023
13;1310;52;11;22;2023
13;1310;53;53;170;2023
13;1310;53;7;22;2023
13;1310;53;6;27;2023
13;1310;53;7;50;2023
13;1310;53;3;23;2023
13;1311;31;140;61;2023
13;1311;51;16;0;2023
13;1311;51;12;4;2023
13;1311;44;29;2;2023
13;1311;44;33;4;2023
13;1311;31;23;4;2023
13;1311;31;27;3;2023
13;1311;42;9;2;2023
13;1311;42;6;6;2023
13;1311;31;21;9;2023
13;1311;31;13;7;2023
13;1311;42;20;33;2023
13;1311;42;20;19;2023
13;1311;53;56;81;2023
13;1311;31;97;34;2023
13;1311;31;33;13;2023
13;1311;31;49;8;2023
13;1311;44;66;3;2023
13;1312;31;73;34;2023
13;1312;31;50;13;2023
13;1312;31;21;6;2023
13;1312;42;69;57;2023
13;1312;52;6;26;2023
13;1312;52;6;13;2023
13;1312;52;7;14;2023
13;1312;52;15;15;2023
13;1312;31;39;27;2023
13;1312;31;11;4;2023
13;1312;31;12;3;2023
13;1312;53;5;18;2023
13;1312;53;4;15;2023
13;1312;42;6;7;2023
13;1312;42;8;7;2023
13;1312;31;76;26;2023
13;1312;31;51;18;2023
13;1312;31;15;10;2023
13;1312;42;31;22;2023
13;1312;42;11;9;2023
13;1312;53;7;17;2023
13;1312;53;6;13;2023
13;1312;53;37;60;2023
13;1312;53;18;20;2023
13;1312;53;16;12;2023
13;1312;53;10;10;2023
13;1312;53;17;9;2023
13;1312;52;49;53;2023
13;1312;53;32;74;2023
13;1313;31;92;53;2023
13;1313;31;21;10;2023
13;1313;31;26;9;2023
13;1313;42;66;88;2023
13;1313;42;7;12;2023
13;1313;42;7;5;2023
13;1313;51;14;17;2023
13;1313;51;8;5;2023
13;1313;53;24;37;2023
13;1313;53;15;29;2023
13;1313;42;17;8;2023
13;1313;42;12;6;2023
13;1313;42;9;11;2023
13;1313;42;5;12;2023
13;1313;53;18;13;2023
13;1313;42;21;14;2023
13;1313;42;23;21;2023
13;1313;42;33;39;2023
13;1313;42;16;19;2023
13;1313;53;10;41;2023
13;1313;53;9;28;2023
13;1313;42;8;10;2023
13;1313;53;12;18;2023
13;1313;53;10;8;2023
13;1313;53;51;101;2023
13;1313;53;12;12;2023
13;1313;53;11;10;2023
13;1313;53;22;30;2023
13;1313;53;12;25;2023
13;1313;53;4;15;2023
13;1313;53;1;16;2023
13;1313;53;1;17;2023
13;1313;53;3;17;2023
13;1313;53;24;117;2023
13;1313;53;14;19;2023
13;1313;53;7;8;2023
13;1313;53;11;21;2023
13;1313;53;11;13;2023
13;1314;53;22;41;2023
13;1314;53;11;12;2023
13;1314;42;15;11;2023
13;1314;42;11;11;2023
13;1314;53;8;15;2023
13;1314;53;3;14;2023
13;1314;42;40;46;2023
13;1314;42;12;19;2023
13;1314;42;92;115;2023
13;1314;43;27;2;2023
13;1314;43;14;0;2023
13;1314;43;11;0;2023
13;1314;53;29;37;2023
13;1314;53;4;24;2023
13;1314;53;6;12;2023
13;1314;53;29;22;2023
13;1314;53;11;6;2023
13;1314;53;13;71;2023
13;1315;51;19;1;2023
13;1315;51;16;1;2023
13;1315;31;110;43;2023
13;1315;31;14;6;2023
13;1315;31;12;5;2023
13;1315;31;17;3;2023
13;1315;31;11;1;2023
13;1315;42;11;2;2023
13;1315;42;21;13;2023
13;1315;42;74;101;2023
13;1315;53;16;11;2023
13;1315;53;17;5;2023
13;1315;44;55;6;2023
13;1315;44;27;2;2023
13;1315;52;0;1;2023
13;1315;52;9;18;2023
13;1315;52;8;15;2023
13;1315;42;4;10;2023
13;1315;42;3;11;2023
13;1315;52;0;2;2023
13;1315;52;15;25;2023
13;1315;52;15;20;2023
13;1315;53;1;19;2023
13;1315;53;0;7;2023
13;1315;31;68;32;2023
13;1315;31;22;11;2023
13;1315;31;13;1;2023
13;1315;31;17;2;2023
13;1315;31;10;1;2023
13;1315;53;0;1;2023
13;1315;53;7;38;2023
13;1315;53;4;45;2023
13;1315;42;8;16;2023
13;1315;42;7;9;2023
13;1315;31;82;21;2023
13;1315;11;6;4;2023
13;1315;31;12;3;2023
13;1315;31;10;3;2023
13;1315;82;1;0;2023
13;1315;42;1;0;2023
13;1315;42;47;62;2023
13;1315;42;32;34;2023
13;1315;42;27;7;2023
13;1315;31;20;7;2023
13;1315;31;11;0;2023
13;1315;31;36;9;2023
13;1315;31;15;1;2023
13;1315;53;4;2;2023
13;1315;44;74;5;2023
13;1315;42;8;2;2023
13;1315;52;70;93;2023
13;1315;53;33;121;2023
13;1315;53;6;14;2023
13;1315;53;5;18;2023
13;1315;53;3;18;2023
13;1315;53;0;31;2023
13;1316;53;9;14;2023
13;1316;53;9;14;2023
13;1316;31;152;65;2023
13;1316;31;75;19;2023
13;1316;31;51;17;2023
13;1316;42;15;7;2023
13;1316;42;20;4;2023
13;1316;53;8;4;2023
13;1316;53;52;52;2023
13;1316;53;24;74;2023
13;1316;53;12;30;2023
13;1316;53;12;15;2023
13;1316;53;7;14;2023
13;1316;53;8;12;2023
13;1316;53;26;85;2023
13;1316;53;6;12;2023
13;1316;53;5;15;2023
13;1317;31;44;21;2023
13;1317;31;22;7;2023
13;1317;31;22;7;2023
13;1317;42;29;43;2023
13;1317;53;8;4;2023
13;1317;53;1;6;2023
13;1317;53;1;3;2023
13;1317;53;13;8;2023
13;1317;53;3;8;2023
13;1317;44;4;0;2023
13;1317;44;2;0;2023
13;1317;44;7;2;2023
13;1317;53;7;8;2023
13;1317;53;2;5;2023
13;1317;53;1;7;2023
13;1317;53;1;3;2023
13;1318;31;50;39;2023
13;1318;31;39;15;2023
13;1318;31;9;5;2023
13;1318;31;18;4;2023
13;1318;31;6;1;2023
13;1318;53;12;36;2023
13;1318;53;7;15;2023
13;1318;53;11;21;2023
13;1318;53;0;16;2023
13;1318;31;70;31;2023
13;1318;31;9;3;2023
13;1318;31;41;5;2023
13;1318;31;20;3;2023
13;1318;51;14;3;2023
13;1318;51;7;1;2023
13;1318;51;38;9;2023
13;1318;51;29;0;2023
13;1318;51;18;6;2023
13;1318;51;8;3;2023
13;1318;51;12;5;2023
13;1318;51;12;9;2023
13;1318;81;21;0;2023
13;1318;81;17;1;2023
13;1318;51;36;24;2023
13;1318;53;36;104;2023
13;1318;53;9;8;2023
13;1318;53;2;10;2023
13;1319;53;6;10;2023
13;1319;53;6;6;2023
13;1319;31;62;21;2023
13;1319;31;35;5;2023
13;1319;31;24;3;2023
13;1319;52;27;23;2023
13;1319;52;21;21;2023
13;1319;52;12;8;2023
13;1319;52;8;11;2023
13;1319;53;7;8;2023
13;1319;53;4;7;2023
13;1319;53;3;15;2023
13;1319;53;1;8;2023
13;1319;42;8;8;2023
13;1319;42;8;3;2023
13;1319;53;20;14;2023
13;1319;53;14;11;2023
13;1319;42;2;6;2023
13;1319;42;6;7;2023
13;1319;42;39;25;2023
13;1319;42;10;12;2023
13;1319;42;62;80;2023
13;1319;53;27;45;2023
13;1319;53;15;15;2023
13;1319;53;17;6;2023
13;1319;53;8;4;2023
13;1319;53;14;5;2023
13;1319;52;23;34;2023
13;1319;53;18;26;2023
13;1325;42;15;16;2023
13;1325;42;12;18;2023
13;1325;42;1;1;2023
13;1325;42;33;41;2023
13;1325;42;40;48;2023
13;1325;42;37;47;2023
13;1325;53;11;34;2023
13;1325;53;3;15;2023
13;1325;51;77;9;2023
13;1325;51;39;2;2023
13;1325;51;41;3;2023
13;1325;53;0;2;2023
13;1325;53;18;64;2023
13;1320;31;96;52;2023
13;1320;52;28;15;2023
13;1320;52;15;17;2023
13;1320;42;13;13;2023
13;1320;42;5;18;2023
13;1320;52;20;32;2023
13;1320;52;24;31;2023
13;1320;31;58;46;2023
13;1320;31;23;4;2023
13;1320;31;16;5;2023
13;1320;31;5;12;2023
13;1320;31;24;12;2023
13;1320;31;20;9;2023
13;1320;31;41;12;2023
13;1320;31;18;7;2023
13;1320;31;14;8;2023
13;1320;53;22;59;2023
13;1320;53;17;39;2023
13;1320;44;12;8;2023
13;1320;44;2;8;2023
13;1320;42;14;13;2023
13;1320;42;9;19;2023
13;1320;42;16;12;2023
13;1320;53;12;40;2023
13;1320;53;12;53;2023
13;1320;31;77;52;2023
13;1320;42;18;12;2023
13;1320;42;3;12;2023
13;1320;42;7;15;2023
13;1320;42;47;57;2023
13;1320;42;33;65;2023
13;1320;31;56;13;2023
13;1320;31;31;13;2023
13;1320;42;76;106;2023
13;1320;53;3;11;2023
13;1320;53;5;19;2023
13;1320;53;2;21;2023
13;1320;53;52;99;2023
13;1320;53;21;41;2023
13;1320;53;18;40;2023
13;1320;53;5;18;2023
13;1320;53;4;18;2023
13;1320;52;69;67;2023
13;1320;53;31;113;2023
13;1320;53;4;15;2023
13;1320;53;3;9;2023
13;1320;53;18;24;2023
13;1320;53;12;24;2023
13;1321;31;104;51;2023
13;1321;31;30;4;2023
13;1321;31;39;9;2023
13;1321;42;66;66;2023
13;1321;42;13;10;2023
13;1321;51;31;2;2023
13;1321;51;37;2;2023
13;1321;44;17;2;2023
13;1321;44;24;1;2023
13;1321;42;0;1;2023
13;1321;42;20;12;2023
13;1321;42;19;14;2023
13;1321;31;37;26;2023
13;1321;31;30;5;2023
13;1321;31;21;9;2023
13;1321;31;1;1;2023
13;1321;53;0;1;2023
13;1321;53;17;42;2023
13;1321;53;7;28;2023
13;1321;53;4;14;2023
13;1321;42;0;2;2023
13;1321;42;9;17;2023
13;1321;42;16;4;2023
13;1321;34;19;5;2023
13;1321;34;19;2;2023
13;1321;53;2;1;2023
13;1321;53;8;18;2023
13;1321;53;17;19;2023
13;1321;31;72;30;2023
13;1321;31;17;5;2023
13;1321;42;0;1;2023
13;1321;31;49;11;2023
13;1321;31;35;5;2023
13;1321;53;25;36;2023
13;1321;53;22;30;2023
13;1321;53;0;1;2023
13;1321;53;11;11;2023
13;1321;53;5;15;2023
13;1321;51;67;11;2023
13;1321;53;32;71;2023
13;1321;53;20;28;2023
13;1321;53;11;13;2023
13;1321;53;3;19;2023
13;1321;53;3;9;2023
13;1321;53;27;70;2023
13;1322;42;60;65;2023
13;1322;42;21;6;2023
13;1322;42;9;3;2023
13;1322;51;12;14;2023
13;1322;51;21;6;2023
13;1322;42;2;10;2023
13;1322;53;24;82;2023
13;1322;53;12;39;2023
13;1322;53;1;23;2023
13;1322;53;17;18;2023
13;1322;53;3;3;2023
13;1322;53;3;11;2023
13;1322;53;16;23;2023
13;1322;52;33;33;2023
13;1322;52;18;10;2023
13;1322;52;2;12;2023
13;1322;52;22;18;2023
13;1322;52;17;14;2023
13;1322;53;0;5;2023
13;1323;31;68;22;2023
13;1323;31;42;11;2023
13;1323;31;22;2;2023
13;1323;52;23;13;2023
13;1323;52;6;18;2023
13;1323;52;10;9;2023
13;1323;52;21;11;2023
13;1323;53;0;1;2023
13;1323;53;7;23;2023
13;1323;53;5;4;2023
13;1323;31;115;19;2023
13;1323;31;53;6;2023
13;1323;31;32;4;2023
13;1323;53;26;8;2023
13;1323;53;6;6;2023
13;1323;42;41;28;2023
13;1323;52;10;14;2023
13;1323;52;3;8;2023
13;1323;52;31;19;2023
13;1323;53;3;8;2023
13;1323;53;6;12;2023
13;1324;53;32;22;2023
13;1324;53;28;23;2023
13;1324;53;21;16;2023
13;1324;42;19;23;2023
13;1324;42;35;39;2023
13;1324;53;76;100;2023
13;1324;53;82;74;2023
4;430;34;9;3;2023
4;430;34;11;4;2023
4;430;53;14;32;2023
4;430;53;10;38;2023
4;430;53;11;29;2023
4;430;42;10;26;2023
4;430;42;11;15;2023
4;429;41;23;28;2023
4;429;41;29;26;2023
4;429;41;17;22;2023
4;427;21;1;3;2023
4;427;21;5;11;2023
4;427;21;7;1;2023
4;427;21;1;3;2023
4;427;21;2;3;2023
4;427;21;5;8;2023
4;427;21;3;2;2023
4;427;22;7;3;2023
4;427;22;4;6;2023
4;427;22;2;2;2023
4;427;21;4;7;2023
4;427;21;1;7;2023
4;427;21;1;0;2023
4;427;21;1;2;2023
4;427;21;1;2;2023
4;427;21;4;2;2023
4;427;21;3;8;2023
4;427;53;12;15;2023
4;427;21;2;0;2023
4;427;21;3;0;2023
4;427;21;5;1;2023
4;427;21;2;1;2023
4;427;21;4;1;2023
4;427;21;1;9;2023
4;427;21;1;2;2023
4;427;21;13;11;2023
4;427;21;15;4;2023
4;427;21;17;8;2023
4;427;21;1;3;2023
4;426;51;17;3;2023
4;426;51;9;0;2023
4;426;43;20;5;2023
4;426;43;25;5;2023
4;426;43;25;3;2023
4;426;43;5;0;2023
4;426;43;4;1;2023
4;426;43;6;1;2023
4;426;51;21;4;2023
4;426;51;34;5;2023
4;426;51;19;3;2023
4;425;62;9;9;2023
4;425;62;27;5;2023
4;425;62;23;8;2023
4;425;62;21;12;2023
4;425;62;20;10;2023
4;425;62;22;5;2023
4;425;62;9;3;2023
4;425;62;14;0;2023
4;424;62;15;6;2023
4;424;62;19;2;2023
4;424;62;16;4;2023
4;424;62;18;2;2023
4;424;34;18;2;2023
4;424;34;21;2;2023
4;424;34;15;6;2023
4;424;62;5;5;2023
4;424;62;23;3;2023
4;424;62;5;2;2023
4;424;62;19;5;2023
4;424;62;22;8;2023
4;424;62;14;8;2023
4;423;42;15;14;2023
4;423;42;11;7;2023
4;423;42;11;4;2023
4;423;42;2;2;2023
4;423;42;11;6;2023
4;423;42;16;14;2023
4;423;42;57;90;2023
4;423;42;53;87;2023
4;423;42;58;91;2023
4;433;53;14;7;2023
4;433;53;9;7;2023
4;433;53;11;8;2023
4;433;53;50;33;2023
4;433;53;56;24;2023
4;433;53;13;13;2023
4;433;53;14;4;2023
4;431;53;5;4;2023
4;431;53;26;14;2023
4;431;53;26;14;2023
4;431;53;18;11;2023
4;431;52;6;5;2023
4;431;52;5;2;2023
4;431;52;3;2;2023
4;431;53;12;12;2023
4;431;53;12;13;2023
4;431;53;9;6;2023
4;428;53;9;21;2023
4;428;53;14;14;2023
4;428;42;12;14;2023
4;428;42;2;7;2023
4;428;53;21;34;2023
4;428;53;22;24;2023
4;428;53;28;22;2023
4;428;53;39;23;2023
4;428;53;41;16;2023
4;428;53;36;15;2023
4;428;42;42;67;2023
4;428;42;58;49;2023
4;428;42;67;45;2023
4;428;42;17;28;2023
4;428;42;30;16;2023
4;428;42;23;13;2023
4;422;52;12;7;2023
4;422;52;3;1;2023
4;422;52;4;2;2023
4;422;52;15;6;2023
4;422;52;177;188;2023
4;422;52;162;41;2023
4;422;52;153;57;2023
4;422;52;117;62;2023
4;422;52;237;136;2023
4;422;52;260;135;2023
4;422;52;17;2;2023
4;422;52;3;1;2023
4;422;52;1;8;2023
4;420;41;4;14;2023
4;420;41;7;14;2023
4;420;53;28;43;2023
4;420;53;24;42;2023
4;420;44;4;2;2023
4;420;44;14;3;2023
4;420;53;18;15;2023
4;420;53;11;16;2023
4;419;62;89;12;2023
4;419;62;45;2;2023
4;419;53;63;61;2023
4;419;53;45;33;2023
4;419;53;130;43;2023
4;419;53;69;28;2023
4;418;53;57;120;2023
4;418;53;33;85;2023
4;418;53;90;69;2023
4;418;53;85;73;2023
4;418;53;111;39;2023
4;418;53;73;34;2023
4;421;21;15;5;2023
4;421;21;14;0;2023
4;421;11;32;2;2023
4;421;11;17;4;2023
4;421;11;59;4;2023
4;421;11;89;7;2023
4;421;11;30;0;2023
4;421;11;25;2;2023
4;421;11;24;2;2023
4;421;11;24;0;2023
4;421;11;105;6;2023
4;432;42;71;119;2023
4;432;42;11;10;2023
4;432;42;12;2;2023
4;432;42;79;84;2023
4;432;42;44;29;2023
4;432;42;39;30;2023
4;432;53;56;99;2023
4;432;53;36;55;2023
4;432;53;33;41;2023
4;432;42;16;4;2023
4;432;42;11;3;2023
4;432;42;49;47;2023
4;432;42;36;21;2023
4;432;53;11;9;2023
4;432;53;6;2;2023
4;432;42;78;134;2023
4;432;42;70;94;2023
4;432;42;51;62;2023
4;432;53;5;14;2023
4;432;53;5;6;2023
4;432;42;17;20;2023
4;432;42;9;23;2023
4;417;52;5;10;2023
4;417;52;3;10;2023
4;417;52;11;20;2023
4;417;52;8;10;2023
4;417;52;0;1;2023
4;417;52;12;5;2023
4;417;52;6;4;2023
4;417;52;12;3;2023
4;417;52;10;2;2023
4;417;52;7;9;2023
4;417;52;8;7;2023
4;417;52;15;12;2023
4;417;52;20;6;2023
4;417;52;20;1;2023
4;417;52;16;2;2023
4;417;52;14;2;2023
4;417;52;55;36;2023
4;417;52;42;7;2023
4;417;52;24;8;2023
4;417;52;7;15;2023
4;417;52;7;6;2023
4;417;52;8;3;2023
4;417;52;7;9;2023
4;417;52;5;9;2023
4;417;52;5;7;2023
4;417;52;83;106;2023
4;416;41;27;11;2023
4;416;41;18;11;2023
4;416;41;4;1;2023
4;416;81;25;3;2023
4;416;81;21;2;2023
4;416;53;63;43;2023
4;416;53;7;6;2023
4;416;53;15;5;2023
4;416;44;33;5;2023
4;416;44;35;3;2023
4;416;44;5;0;2023
4;416;53;61;26;2023
4;416;53;13;8;2023
4;416;81;46;6;2023
4;416;81;52;4;2023
4;416;81;22;0;2023
4;416;44;19;5;2023
4;416;44;40;10;2023
4;416;44;32;6;2023
4;416;44;9;4;2023
4;416;44;11;0;2023
4;416;44;9;3;2023
4;415;31;12;8;2023
4;415;31;20;8;2023
4;415;31;14;5;2023
4;415;42;49;50;2023
4;415;42;54;43;2023
4;415;31;10;8;2023
4;415;31;14;3;2023
4;415;34;97;49;2023
4;415;34;45;4;2023
4;415;31;47;14;2023
4;415;31;48;12;2023
4;415;34;22;4;2023
4;415;31;18;12;2023
4;415;31;18;3;2023
4;415;31;29;21;2023
4;415;31;314;160;2023
4;415;31;133;45;2023
4;415;31;61;8;2023
4;415;31;20;4;2023
4;415;31;20;10;2023
4;415;31;24;5;2023
4;415;31;26;3;2023
4;414;62;240;115;2023
4;414;62;46;10;2023
4;413;62;12;4;2023
4;413;62;6;4;2023
4;413;62;27;13;2023
4;413;62;18;4;2023
4;413;62;12;4;2023
4;412;53;6;5;2023
4;412;53;5;11;2023
4;412;42;10;10;2023
4;412;42;11;5;2023
4;412;53;57;95;2023
4;412;53;6;6;2023
4;412;53;10;8;2023
4;412;53;15;21;2023
4;412;53;12;5;2023
4;412;53;26;14;2023
4;412;53;12;6;2023
4;412;53;4;12;2023
4;412;53;6;13;2023
4;412;53;10;3;2023
4;412;53;10;7;2023
4;412;42;32;12;2023
4;412;42;13;7;2023
4;412;53;13;5;2023
4;412;42;20;24;2023
4;412;42;28;36;2023
4;412;42;17;11;2023
4;412;53;31;22;2023
4;412;53;37;9;2023
4;412;53;20;8;2023
4;412;42;31;13;2023
4;412;42;13;6;2023
4;412;42;36;30;2023
4;410;22;43;10;2023
4;410;22;35;3;2023
4;410;22;34;7;2023
4;410;22;36;6;2023
4;410;22;17;2;2023
4;410;22;23;0;2023
4;410;22;39;11;2023
4;410;22;21;1;2023
4;410;22;45;23;2023
4;410;22;34;2;2023
4;410;22;33;2;2023
4;410;22;49;19;2023
4;410;22;55;8;2023
4;410;22;27;4;2023
4;410;22;1;1;2023
4;410;22;1;3;2023
4;410;22;1;0;2023
4;410;22;1;1;2023
4;410;22;2;1;2023
4;410;22;41;15;2023
4;410;22;16;4;2023
4;410;22;11;2;2023
4;410;22;9;2;2023
4;410;22;6;2;2023
4;410;22;3;1;2023
4;410;22;2;0;2023
4;410;22;2;0;2023
4;410;22;1;0;2023
4;410;22;20;1;2023
4;410;22;17;3;2023
4;410;22;4;2;2023
4;410;22;5;2;2023
4;410;22;2;1;2023
4;410;22;1;0;2023
4;410;22;1;0;2023
4;410;22;25;0;2023
4;410;22;15;2;2023
4;410;22;27;6;2023
4;410;22;26;5;2023
4;410;22;303;129;2023
4;410;22;202;56;2023
4;410;22;135;37;2023
4;410;22;26;3;2023
4;410;22;27;1;2023
4;410;22;53;4;2023
4;410;22;28;2;2023
4;410;22;27;4;2023
4;410;22;21;1;2023
4;410;22;12;1;2023
4;410;22;57;12;2023
4;410;22;43;4;2023
4;410;22;1;0;2023
4;410;22;6;0;2023
4;410;22;165;27;2023
4;410;22;47;6;2023
4;410;22;173;20;2023
4;410;22;1;1;2023
4;410;22;2;0;2023
4;410;22;6;0;2023
4;410;22;16;2;2023
4;410;22;41;5;2023
4;410;22;16;0;2023
4;410;22;13;1;2023
4;411;22;3;0;2023
4;411;22;17;1;2023
4;411;22;34;8;2023
4;411;22;25;2;2023
4;411;22;10;2;2023
4;411;22;43;12;2023
4;411;22;51;5;2023
4;411;22;17;5;2023
4;411;22;82;19;2023
4;411;22;26;2;2023
4;411;22;23;1;2023
4;411;22;130;49;2023
4;411;22;68;24;2023
4;411;22;47;25;2023
4;411;22;13;5;2023
4;411;22;11;5;2023
4;411;22;15;1;2023
4;411;22;7;0;2023
4;409;21;29;15;2023
4;409;21;23;0;2023
4;409;21;20;17;2023
4;409;21;34;14;2023
4;409;21;23;14;2023
4;409;21;30;6;2023
4;409;21;23;7;2023
4;409;21;10;1;2023
4;409;21;71;26;2023
4;409;21;18;1;2023
4;409;21;83;24;2023
4;409;21;64;35;2023
4;409;21;18;9;2023
4;409;21;15;7;2023
4;409;21;110;9;2023
4;409;21;70;6;2023
4;409;21;13;3;2023
4;409;21;9;1;2023
4;409;21;7;2;2023
4;409;21;9;0;2023
4;409;21;17;0;2023
4;409;21;8;0;2023
4;409;21;12;1;2023
4;409;21;8;3;2023
4;409;21;6;1;2023
4;409;21;11;0;2023
4;409;21;20;2;2023
4;409;21;10;2;2023
4;409;21;12;3;2023
4;409;21;8;3;2023
4;409;21;1;1;2023
4;409;21;12;4;2023
4;409;21;1;3;2023
4;409;21;30;3;2023
4;409;21;34;4;2023
4;409;21;17;3;2023
4;409;21;17;0;2023
4;408;34;10;6;2023
4;408;34;5;4;2023
4;408;31;1;1;2023
4;408;31;23;5;2023
4;408;72;25;2;2023
4;408;72;34;2;2023
4;408;72;36;2;2023
4;408;72;23;2;2023
4;408;42;62;10;2023
4;408;42;26;1;2023
4;408;42;22;2;2023
4;408;72;28;4;2023
4;408;72;14;7;2023
4;408;71;30;4;2023
4;408;71;24;6;2023
4;408;71;12;1;2023
4;408;34;63;28;2023
4;408;34;34;15;2023
4;408;34;14;2;2023
4;408;32;76;18;2023
4;408;32;78;9;2023
4;408;32;61;3;2023
4;408;32;16;3;2023
4;408;34;13;1;2023
4;408;34;16;3;2023
4;408;72;39;5;2023
4;408;72;38;5;2023
4;408;72;36;2;2023
4;408;72;27;4;2023
4;408;72;16;1;2023
4;408;31;68;32;2023
4;408;31;48;15;2023
4;408;34;45;14;2023
4;408;34;50;4;2023
4;408;34;17;3;2023
4;408;32;24;1;2023
4;408;32;39;5;2023
4;407;53;37;25;2023
4;407;53;29;30;2023
4;407;53;28;29;2023
4;407;53;30;27;2023
4;407;42;33;36;2023
4;407;42;38;34;2023
4;407;42;23;35;2023
4;407;42;29;27;2023
4;407;44;15;4;2023
4;407;44;14;3;2023
4;407;43;41;4;2023
4;407;43;49;10;2023
4;407;43;39;15;2023
4;407;43;6;1;2023
4;407;43;5;0;2023
4;407;43;5;0;2023
4;407;43;55;13;2023
4;407;53;178;295;2023
4;407;53;34;47;2023
4;407;53;40;35;2023
4;407;53;29;42;2023
4;407;53;37;49;2023
4;407;44;147;37;2023
4;407;44;5;1;2023
4;407;44;2;1;2023
4;407;44;3;0;2023
4;407;44;54;15;2023
4;407;44;51;10;2023
4;407;44;44;11;2023
4;407;44;70;12;2023
4;407;42;31;51;2023
4;407;42;25;46;2023
4;407;42;25;46;2023
4;407;42;29;55;2023
4;406;62;11;1;2023
4;406;62;4;4;2023
4;406;34;14;0;2023
4;406;34;13;1;2023
4;406;62;12;0;2023
4;406;62;17;3;2023
4;406;62;11;3;2023
4;406;62;10;7;2023
4;406;62;10;1;2023
4;406;62;8;2;2023
4;406;62;5;1;2023
4;406;62;1;0;2023
4;406;62;5;0;2023
4;406;62;5;0;2023
4;406;62;5;1;2023
4;406;62;7;0;2023
4;406;43;10;2;2023
4;406;43;11;2;2023
4;406;43;2;0;2023
4;406;43;1;1;2023
4;406;43;0;3;2023
4;406;43;4;1;2023
4;406;43;2;0;2023
4;406;62;7;8;2023
4;406;62;8;5;2023
4;406;62;0;3;2023
4;406;62;10;1;2023
4;406;62;3;1;2023
4;406;62;2;0;2023
4;406;62;2;0;2023
4;406;62;18;4;2023
4;406;62;16;2;2023
4;406;62;8;4;2023
4;406;62;6;3;2023
4;406;62;2;1;2023
4;406;62;3;0;2023
4;406;62;2;1;2023
4;406;62;1;0;2023
4;406;62;3;0;2023
4;406;62;3;2;2023
4;406;62;6;0;2023
4;406;62;95;24;2023
4;406;62;11;0;2023
4;406;62;6;1;2023
4;406;62;1;1;2023
4;406;62;1;6;2023
4;406;62;4;2;2023
4;406;62;4;0;2023
4;406;62;13;1;2023
4;406;62;10;4;2023
4;406;62;13;8;2023
4;406;62;0;1;2023
4;406;62;7;2;2023
4;406;62;2;0;2023
4;406;62;4;0;2023
4;406;62;0;2;2023
4;406;62;5;0;2023
4;403;31;18;2;2023
4;403;42;220;228;2023
4;403;42;18;13;2023
4;403;42;9;3;2023
4;403;34;301;148;2023
4;403;34;101;22;2023
4;403;34;14;3;2023
4;403;34;4;1;2023
4;403;34;6;3;2023
4;403;34;6;0;2023
4;403;34;1;1;2023
4;403;34;22;8;2023
4;403;34;23;10;2023
4;403;31;13;10;2023
4;403;31;16;10;2023
4;403;31;12;5;2023
4;403;31;19;11;2023
4;403;31;12;2;2023
4;403;31;10;3;2023
4;403;31;17;7;2023
4;403;31;14;7;2023
4;403;31;41;15;2023
4;403;31;3;2;2023
4;403;31;3;0;2023
4;403;31;5;2;2023
4;403;31;3;0;2023
4;403;31;22;8;2023
4;403;31;13;6;2023
4;403;31;95;31;2023
4;403;31;72;28;2023
4;403;34;44;10;2023
4;403;34;21;8;2023
4;403;34;9;4;2023
4;403;31;561;355;2023
4;403;31;122;28;2023
4;403;31;33;10;2023
4;403;31;22;9;2023
4;403;31;27;9;2023
4;403;31;23;10;2023
4;403;34;33;7;2023
4;403;34;16;1;2023
4;403;42;27;16;2023
4;403;42;12;8;2023
4;403;42;15;7;2023
4;403;42;15;8;2023
4;403;34;45;5;2023
4;403;34;29;2;2023
4;403;42;9;8;2023
4;402;32;14;18;2023
4;402;32;14;23;2023
4;402;32;16;16;2023
4;402;32;13;13;2023
4;402;32;258;79;2023
4;402;32;240;60;2023
4;402;32;25;6;2023
4;402;32;28;6;2023
4;402;32;29;22;2023
4;402;32;15;12;2023
4;402;32;27;14;2023
4;402;32;17;16;2023
4;402;32;43;8;2023
4;402;32;31;6;2023
4;402;32;38;9;2023
4;402;32;31;3;2023
4;402;32;33;15;2023
4;402;32;21;8;2023
4;402;32;18;23;2023
4;402;32;12;9;2023
4;402;32;46;7;2023
4;402;32;30;4;2023
4;402;32;29;12;2023
4;402;32;5;3;2023
4;402;32;32;16;2023
4;402;32;7;1;2023
4;402;32;201;57;2023
4;402;32;44;8;2023
4;402;32;34;7;2023
4;402;32;85;13;2023
4;402;32;21;2;2023
4;402;32;20;10;2023
4;402;32;23;5;2023
4;402;32;11;8;2023
4;401;43;12;2;2023
4;401;43;15;2;2023
4;401;43;12;0;2023
4;401;43;9;1;2023
4;401;43;34;0;2023
4;401;43;31;2;2023
4;401;44;2;0;2023
4;401;44;24;5;2023
4;401;44;24;2;2023
4;401;44;9;4;2023
4;401;44;6;9;2023
4;401;42;15;9;2023
4;401;42;2;7;2023
4;401;42;38;68;2023
4;401;42;43;61;2023
4;401;42;51;57;2023
4;401;42;17;6;2023
4;401;42;11;12;2023
4;401;42;9;4;2023
4;401;42;5;6;2023
4;401;53;36;49;2023
4;401;53;19;17;2023
4;401;53;23;7;2023
4;401;53;14;24;2023
4;401;53;7;10;2023
4;401;42;15;3;2023
4;401;43;31;8;2023
4;401;43;40;1;2023
4;401;43;22;2;2023
4;401;81;20;2;2023
4;401;81;21;1;2023
4;401;41;7;0;2023
4;401;41;7;1;2023
4;401;44;9;3;2023
4;401;44;4;3;2023
4;401;44;3;1;2023
4;401;44;5;6;2023
4;401;44;32;19;2023
4;401;44;14;3;2023
4;401;44;9;4;2023
4;401;44;92;10;2023
4;401;44;6;1;2023
4;401;44;16;4;2023
4;401;44;10;2;2023
4;401;44;1;0;2023
4;401;44;18;6;2023
4;401;44;24;0;2023
4;401;44;26;7;2023
4;401;44;21;1;2023
4;401;44;8;1;2023
4;401;44;5;3;2023
4;401;44;7;1;2023
4;401;42;45;42;2023
4;401;42;41;29;2023
4;401;42;56;28;2023
4;401;53;63;22;2023
4;401;53;20;5;2023
4;401;53;35;9;2023
4;401;53;20;10;2023
4;401;53;9;6;2023
4;401;44;25;5;2023
4;401;44;21;7;2023
4;401;43;15;2;2023
4;401;43;16;2;2023
4;401;43;15;4;2023
4;401;43;1;0;2023
4;401;43;22;4;2023
4;401;43;8;2;2023
4;401;53;11;5;2023
4;401;53;32;45;2023
4;401;53;50;21;2023
4;401;53;27;10;2023
4;401;44;4;0;2023
4;401;44;8;5;2023
4;401;44;8;1;2023
4;401;44;11;0;2023
4;401;44;14;2;2023
4;401;44;3;3;2023
4;401;41;26;11;2023
4;401;41;7;6;2023
4;401;41;7;5;2023
4;401;41;1;0;2023
4;401;41;4;4;2023
4;401;41;3;2;2023
4;401;41;5;12;2023
4;401;41;3;4;2023
4;401;41;7;6;2023
4;401;43;39;5;2023
4;401;43;42;6;2023
4;401;43;36;3;2023
4;401;43;38;5;2023
4;401;43;13;1;2023
4;401;43;19;1;2023
4;401;43;38;4;2023
4;401;43;37;2;2023
4;401;43;31;2;2023
4;401;44;13;3;2023
4;401;44;12;4;2023
4;401;44;46;10;2023
4;401;44;25;0;2023
4;401;44;9;0;2023
4;401;44;6;2;2023
4;401;44;9;3;2023
4;401;44;9;2;2023
4;401;53;38;12;2023
4;401;53;17;3;2023
4;401;44;34;3;2023
4;405;83;3;1;2023
4;405;83;3;0;2023
4;405;83;39;32;2023
4;405;83;29;17;2023
4;405;83;48;68;2023
4;405;83;18;26;2023
4;405;83;5;8;2023
4;405;83;37;23;2023
4;405;83;2;21;2023
4;405;83;65;51;2023
4;405;83;23;37;2023
4;405;83;18;27;2023
4;405;83;9;9;2023
4;405;83;12;9;2023
4;404;31;48;43;2023
4;404;31;120;42;2023
4;404;31;84;39;2023
4;404;31;84;40;2023
4;404;31;66;21;2023
4;404;31;31;26;2023
4;404;31;30;20;2023
4;404;31;31;25;2023
4;404;31;393;202;2023
4;404;31;222;102;2023
1;101;22;195;52;2023
1;101;22;38;3;2023
1;101;22;19;3;2023
1;101;22;7;12;2023
1;101;22;16;4;2023
1;101;22;10;26;2023
1;101;22;12;16;2023
1;101;22;10;19;2023
1;101;22;7;14;2023
1;101;22;12;21;2023
1;101;22;7;16;2023
1;101;22;6;27;2023
1;101;22;11;33;2023
1;101;62;9;9;2023
1;101;62;10;2;2023
1;101;11;22;2;2023
1;101;22;27;14;2023
1;101;22;14;2;2023
1;101;22;5;13;2023
1;101;22;2;5;2023
1;101;22;1;2;2023
1;101;22;4;3;2023
1;101;22;3;10;2023
1;101;31;10;5;2023
1;101;31;12;5;2023
1;101;22;36;4;2023
1;101;22;18;4;2023
1;101;22;7;5;2023
1;101;22;16;15;2023
1;101;22;11;12;2023
1;101;22;15;9;2023
1;101;22;15;8;2023
1;101;22;3;12;2023
1;101;22;6;12;2023
1;101;22;23;12;2023
1;101;22;13;12;2023
1;101;22;22;17;2023
1;101;22;12;8;2023
1;101;22;9;12;2023
1;101;22;7;19;2023
1;101;22;6;18;2023
1;101;31;37;3;2023
1;101;31;27;3;2023
1;101;31;7;15;2023
1;101;31;4;22;2023
1;101;31;4;7;2023
1;101;31;7;22;2023
1;101;31;22;20;2023
1;101;31;20;11;2023
1;101;22;23;1;2023
1;101;22;10;0;2023
1;101;22;18;5;2023
1;101;22;4;2;2023
1;101;22;15;0;2023
1;101;22;14;2;2023
1;101;22;10;1;2023
1;102;22;19;5;2023
1;102;22;11;13;2023
1;102;22;9;9;2023
1;102;22;5;5;2023
1;102;22;15;6;2023
1;102;22;13;3;2023
1;102;22;19;7;2023
1;102;22;3;3;2023
1;102;22;7;5;2023
1;102;22;8;7;2023
1;102;34;88;37;2023
1;102;34;9;24;2023
1;102;34;15;22;2023
1;102;34;13;27;2023
1;102;34;3;2;2023
1;102;34;0;5;2023
1;102;22;24;3;2023
1;102;22;17;5;2023
1;102;22;13;15;2023
1;102;22;13;10;2023
1;102;22;14;2;2023
1;102;22;4;1;2023
1;102;22;6;1;2023
1;102;22;6;9;2023
1;102;22;5;14;2023
1;102;22;17;11;2023
1;102;22;11;8;2023
1;103;22;30;3;2023
1;103;22;23;4;2023
1;103;22;22;7;2023
1;103;22;19;7;2023
1;103;34;70;18;2023
1;103;22;26;5;2023
1;103;22;13;2;2023
9;912;53;22;40;2023
9;912;53;14;32;2023
9;912;53;48;33;2023
9;912;53;23;30;2023
9;912;53;55;22;2023
9;912;53;32;13;2023
9;908;31;12;2;2023
9;908;42;78;71;2023
9;908;42;44;18;2023
9;908;42;23;7;2023
9;908;34;177;59;2023
9;908;34;59;7;2023
9;908;42;31;7;2023
9;908;42;20;2;2023
9;908;34;31;5;2023
9;908;34;37;8;2023
9;908;34;29;2;2023
9;908;34;15;4;2023
9;908;31;62;17;2023
9;908;31;77;4;2023
9;908;31;26;4;2023
9;908;31;15;3;2023
9;908;31;435;136;2023
9;908;31;74;26;2023
9;908;31;29;7;2023
9;908;31;10;4;2023
9;908;42;100;101;2023
9;908;42;45;42;2023
9;908;42;29;31;2023
9;908;31;40;6;2023
9;908;31;21;7;2023
9;908;31;10;1;2023
9;908;42;7;1;2023
9;908;42;30;39;2023
9;908;42;25;15;2023
9;908;42;24;4;2023
9;907;11;260;41;2023
9;907;11;190;52;2023
9;907;11;118;21;2023
9;907;22;66;34;2023
9;907;22;32;12;2023
9;907;22;25;5;2023
9;907;83;35;17;2023
9;907;83;18;7;2023
9;907;83;27;12;2023
9;906;32;391;121;2023
9;906;32;160;62;2023
9;906;32;181;39;2023
9;906;32;59;4;2023
9;906;32;83;19;2023
9;906;32;9;7;2023
9;906;32;60;18;2023
9;906;32;37;9;2023
9;906;32;65;11;2023
9;906;32;11;5;2023
9;906;32;24;11;2023
9;905;42;10;2;2023
9;905;42;7;4;2023
9;905;42;8;3;2023
9;905;41;8;6;2023
9;905;41;3;6;2023
9;905;41;4;0;2023
9;905;42;56;85;2023
9;905;42;16;14;2023
9;905;42;20;8;2023
9;905;42;11;5;2023
9;905;42;59;50;2023
9;905;42;32;15;2023
9;905;42;10;7;2023
9;905;31;5;1;2023
9;910;53;9;5;2023
9;910;53;4;6;2023
9;910;53;6;5;2023
9;910;53;1;8;2023
9;910;53;2;5;2023
9;910;53;16;11;2023
9;910;53;5;3;2023
9;910;53;0;6;2023
9;910;53;5;3;2023
9;910;53;0;4;2023
9;910;42;29;46;2023
9;910;42;13;26;2023
9;910;42;9;8;2023
9;910;53;13;9;2023
9;910;53;4;2;2023
9;910;53;4;5;2023
9;910;53;0;6;2023
9;910;53;13;9;2023
9;910;42;19;14;2023
9;910;42;6;3;2023
9;910;42;0;5;2023
9;904;53;13;7;2023
9;904;53;5;10;2023
9;904;53;152;169;2023
9;904;53;1;14;2023
9;904;53;8;7;2023
9;904;53;14;26;2023
9;904;53;24;19;2023
9;904;53;21;8;2023
9;904;53;11;10;2023
9;904;53;14;68;2023
9;904;53;3;48;2023
9;904;42;81;53;2023
9;904;42;25;12;2023
9;904;42;8;8;2023
9;904;42;0;30;2023
9;904;53;76;37;2023
9;904;53;15;7;2023
9;904;53;7;4;2023
9;904;53;98;228;2023
9;904;53;41;23;2023
9;904;53;48;52;2023
9;904;53;7;27;2023
9;904;53;11;10;2023
9;903;21;17;8;2023
9;903;21;7;4;2023
9;903;21;62;7;2023
9;903;21;24;7;2023
9;903;21;26;4;2023
9;903;21;19;3;2023
9;903;21;6;0;2023
9;903;21;17;4;2023
9;903;21;8;1;2023
9;903;21;13;0;2023
9;903;21;17;8;2023
9;903;21;21;6;2023
9;903;21;11;2;2023
9;902;21;5;1;2023
9;902;21;7;1;2023
9;902;21;9;0;2023
9;902;21;12;26;2023
9;902;21;23;7;2023
9;902;21;18;4;2023
9;902;21;23;137;2023
9;902;21;65;6;2023
9;902;21;30;2;2023
9;902;21;25;3;2023
9;902;21;24;1;2023
9;902;21;5;13;2023
9;902;21;15;2;2023
9;902;21;3;1;2023
9;902;21;6;1;2023
9;902;21;5;1;2023
9;902;21;10;1;2023
9;902;21;7;1;2023
9;902;21;31;17;2023
9;902;21;6;1;2023
9;909;21;21;4;2023
9;909;21;13;2;2023
9;909;21;3;0;2023
9;909;21;10;7;2023
9;909;21;7;1;2023
9;909;21;7;0;2023
9;909;21;56;15;2023
9;909;21;38;5;2023
9;909;21;30;5;2023
9;909;21;26;14;2023
9;909;21;13;2;2023
9;909;21;8;5;2023
9;909;21;9;3;2023
9;909;21;10;0;2023
9;901;22;18;15;2023
9;901;22;8;3;2023
9;901;22;12;1;2023
9;901;22;31;14;2023
9;901;22;19;11;2023
9;901;22;14;9;2023
9;901;22;8;2;2023
9;901;22;47;22;2023
9;901;22;18;6;2023
9;901;22;6;3;2023
9;901;22;10;7;2023
9;901;22;5;4;2023
9;901;22;39;16;2023
9;901;22;19;10;2023
9;901;22;28;4;2023
9;901;22;14;4;2023
9;901;22;28;6;2023
9;901;22;44;9;2023
9;901;22;9;4;2023
9;901;22;114;62;2023
9;901;22;50;11;2023
9;901;22;36;18;2023
9;901;22;182;39;2023
9;901;22;63;36;2023
9;901;22;71;10;2023
9;901;22;2;4;2023
9;901;22;1;1;2023
9;901;22;0;2;2023
9;901;22;27;9;2023
9;901;22;5;5;2023
9;901;22;0;1;2023
9;901;22;19;7;2023
9;901;22;4;6;2023
9;901;22;3;1;2023
9;901;22;3;3;2023
9;901;22;48;12;2023
9;901;22;10;11;2023
9;901;22;45;24;2023
9;901;22;34;10;2023
9;901;22;39;7;2023
9;911;81;10;1;2023
9;911;53;21;6;2023
9;911;51;10;7;2023
9;911;51;13;0;2023
9;911;51;8;1;2023
9;911;53;27;3;2023
9;911;53;14;1;2023
9;911;42;38;55;2023
9;911;42;19;18;2023
9;911;42;4;7;2023
9;911;42;10;5;2023
9;911;42;7;1;2023
9;911;43;8;3;2023
9;911;43;4;0;2023
9;911;43;3;1;2023
9;911;44;7;7;2023
9;911;44;7;0;2023
9;911;53;12;10;2023
9;911;53;17;4;2023
9;911;53;11;4;2023
9;911;53;6;2;2023
9;911;53;2;0;2023
9;911;53;0;2;2023
8;816;71;33;7;2023
8;816;71;39;0;2023
8;816;71;18;6;2023
8;816;71;40;10;2023
8;816;71;32;6;2023
8;816;71;34;3;2023
8;816;71;36;8;2023
8;816;71;31;4;2023
8;816;71;29;6;2023
8;816;71;49;0;2023
8;816;71;10;3;2023
8;816;71;16;4;2023
8;816;71;13;2;2023
8;816;71;30;4;2023
8;816;71;25;6;2023
8;816;71;18;6;2023
8;816;71;45;0;2023
8;816;71;37;0;2023
8;815;53;0;3;2023
8;815;51;10;3;2023
8;815;51;14;2;2023
8;815;53;32;54;2023
8;815;53;25;45;2023
8;815;53;3;4;2023
8;815;53;1;3;2023
8;815;53;5;6;2023
8;815;53;3;1;2023
8;815;53;4;1;2023
8;815;53;5;8;2023
8;815;53;6;11;2023
8;815;53;49;34;2023
8;815;53;39;27;2023
8;815;53;14;17;2023
8;815;53;14;7;2023
8;815;53;8;3;2023
8;815;53;3;1;2023
8;815;53;9;0;2023
8;815;53;11;6;2023
8;815;53;14;6;2023
8;815;53;11;6;2023
8;815;51;63;23;2023
8;815;51;36;8;2023
8;815;51;13;2;2023
8;815;51;7;0;2023
8;815;51;3;1;2023
8;815;51;3;1;2023
8;815;51;16;0;2023
8;815;51;14;2;2023
8;815;51;11;3;2023
8;815;51;13;3;2023
8;815;51;10;1;2023
8;815;53;47;45;2023
8;815;53;46;37;2023
8;815;53;12;11;2023
8;815;53;6;8;2023
8;815;53;4;2;2023
8;815;53;10;5;2023
8;815;53;8;2;2023
8;815;53;6;9;2023
8;815;53;11;4;2023
8;815;53;8;6;2023
8;815;53;7;7;2023
8;815;53;6;12;2023
8;815;53;7;13;2023
8;815;53;7;8;2023
8;815;53;9;9;2023
8;815;53;6;13;2023
8;814;53;81;209;2023
8;814;53;48;103;2023
8;814;53;130;139;2023
8;814;53;140;113;2023
8;814;53;132;74;2023
8;814;53;111;36;2023
8;813;42;15;9;2023
8;813;42;25;9;2023
8;813;42;14;16;2023
8;813;42;10;9;2023
8;813;42;37;73;2023
8;813;42;28;54;2023
8;813;42;37;51;2023
8;813;42;18;10;2023
8;813;42;32;17;2023
8;813;42;16;15;2023
8;813;42;22;15;2023
8;813;42;70;103;2023
8;813;42;31;29;2023
8;813;42;27;23;2023
8;813;53;12;15;2023
8;813;53;15;8;2023
8;813;42;8;11;2023
8;813;42;15;10;2023
8;813;42;75;78;2023
8;812;53;17;13;2023
8;812;53;8;5;2023
8;812;42;46;46;2023
8;812;42;34;30;2023
8;812;53;57;99;2023
8;812;53;21;3;2023
8;812;41;25;9;2023
8;812;41;12;6;2023
8;812;41;8;3;2023
8;812;53;35;9;2023
8;812;53;30;15;2023
8;812;53;24;14;2023
8;812;42;67;57;2023
8;812;42;45;22;2023
8;812;53;14;1;2023
8;812;42;77;134;2023
8;812;42;73;87;2023
8;812;42;85;78;2023
8;812;42;13;14;2023
8;812;42;18;11;2023
8;812;42;14;5;2023
8;812;42;21;9;2023
8;812;42;10;10;2023
8;812;42;32;54;2023
8;812;42;33;36;2023
8;812;42;22;10;2023
8;811;43;110;16;2023
8;811;43;11;2;2023
8;811;43;7;0;2023
8;811;43;17;1;2023
8;811;43;12;2;2023
8;811;43;8;1;2023
8;811;43;87;3;2023
8;811;43;41;3;2023
8;811;43;18;1;2023
8;811;43;16;0;2023
8;811;43;18;8;2023
8;811;43;99;6;2023
8;811;43;68;1;2023
8;811;43;13;3;2023
8;811;43;68;7;2023
8;811;43;16;1;2023
8;811;43;28;3;2023
8;811;43;15;0;2023
8;811;43;14;3;2023
8;811;43;23;1;2023
8;811;43;42;1;2023
8;811;43;20;0;2023
8;811;43;16;3;2023
8;811;43;16;3;2023
8;810;11;319;24;2023
8;810;11;359;47;2023
8;810;11;240;34;2023
8;809;53;28;35;2023
8;809;53;30;53;2023
8;809;53;19;17;2023
8;809;43;40;7;2023
8;809;43;35;1;2023
8;809;43;17;4;2023
8;809;81;11;2;2023
8;809;51;18;0;2023
8;809;51;11;3;2023
8;809;42;10;4;2023
8;809;42;6;1;2023
8;809;44;17;1;2023
8;809;44;12;4;2023
8;809;44;9;0;2023
8;809;42;38;32;2023
8;809;42;43;26;2023
8;809;42;21;19;2023
8;809;53;89;90;2023
8;809;53;50;28;2023
8;809;81;16;1;2023
8;809;81;7;1;2023
8;808;22;50;11;2023
8;808;22;16;4;2023
8;808;22;28;2;2023
8;808;22;27;5;2023
8;808;22;10;0;2023
8;808;22;11;1;2023
8;808;22;18;3;2023
8;808;22;9;2;2023
8;808;22;35;6;2023
8;808;22;22;3;2023
8;808;22;22;0;2023
8;808;22;39;14;2023
8;808;22;42;5;2023
8;808;22;29;6;2023
8;808;22;17;0;2023
8;808;22;51;9;2023
8;808;22;26;1;2023
8;808;22;31;1;2023
8;808;22;94;27;2023
8;808;22;38;19;2023
8;808;22;50;13;2023
8;808;22;7;0;2023
8;808;22;19;9;2023
8;808;22;15;3;2023
8;807;21;18;2;2023
8;807;21;71;21;2023
8;807;21;22;3;2023
8;807;21;8;4;2023
8;807;21;8;3;2023
8;807;21;105;20;2023
8;807;21;8;34;2023
8;807;21;18;3;2023
8;807;21;15;0;2023
8;807;21;8;3;2023
8;807;21;8;1;2023
8;807;21;10;6;2023
8;807;21;125;26;2023
8;807;21;37;25;2023
8;807;21;18;3;2023
8;807;21;10;1;2023
8;807;21;9;2;2023
8;807;21;31;19;2023
8;807;21;59;5;2023
8;807;21;20;2;2023
8;806;31;10;6;2023
8;806;31;15;2;2023
8;806;31;9;1;2023
8;806;21;143;20;2023
8;806;21;32;4;2023
8;806;21;19;3;2023
8;806;21;11;0;2023
8;806;21;60;1;2023
8;806;21;41;1;2023
8;806;21;29;1;2023
8;806;21;20;0;2023
8;806;21;37;2;2023
8;806;21;18;0;2023
8;806;51;23;5;2023
8;806;51;25;3;2023
8;806;31;61;29;2023
8;806;31;20;9;2023
8;806;31;12;2;2023
8;806;31;12;4;2023
8;806;51;32;8;2023
8;804;71;18;2;2023
8;804;71;21;1;2023
8;804;71;128;53;2023
8;804;71;128;38;2023
8;804;71;122;41;2023
8;804;71;146;52;2023
8;804;71;139;45;2023
8;804;71;173;63;2023
8;804;71;19;5;2023
8;804;71;13;9;2023
8;804;71;12;2;2023
8;804;71;16;1;2023
8;804;71;7;1;2023
8;804;71;7;2;2023
8;804;71;12;6;2023
8;804;51;24;6;2023
8;805;71;192;65;2023
8;805;71;147;59;2023
8;805;71;156;79;2023
8;805;71;174;65;2023
8;805;71;161;80;2023
8;805;71;169;67;2023
8;802;31;45;23;2023
8;802;42;52;56;2023
8;802;34;27;3;2023
8;802;34;18;9;2023
8;802;34;46;8;2023
8;802;31;36;11;2023
8;802;31;15;10;2023
8;802;31;25;4;2023
8;802;34;503;208;2023
8;802;34;150;35;2023
8;802;31;59;19;2023
8;802;31;21;5;2023
8;802;31;24;3;2023
8;802;31;55;18;2023
8;802;31;49;21;2023
8;802;34;39;10;2023
8;802;31;22;5;2023
8;802;31;21;3;2023
8;802;31;33;25;2023
8;802;31;16;17;2023
8;802;31;25;6;2023
8;802;31;18;3;2023
8;802;31;432;246;2023
8;802;31;295;88;2023
8;802;34;49;3;2023
8;801;44;39;18;2023
8;801;44;23;6;2023
8;801;41;11;5;2023
8;801;41;6;6;2023
8;801;44;28;2;2023
8;801;44;14;0;2023
8;801;44;23;13;2023
8;801;44;18;8;2023
8;801;42;10;13;2023
8;801;42;7;4;2023
8;801;42;9;5;2023
8;801;42;11;10;2023
8;801;42;2;1;2023
8;801;42;4;3;2023
8;801;42;6;2;2023
8;801;53;105;164;2023
8;801;53;13;12;2023
8;801;53;15;10;2023
8;801;53;32;33;2023
8;801;53;26;28;2023
8;801;53;2;0;2023
8;801;44;5;0;2023
8;801;44;47;9;2023
8;801;44;21;4;2023
8;801;44;24;18;2023
8;801;44;6;1;2023
8;801;44;17;3;2023
8;801;44;11;3;2023
8;801;44;47;29;2023
8;801;44;36;14;2023
8;801;44;18;9;2023
8;801;44;55;30;2023
8;801;44;38;6;2023
8;801;44;16;1;2023
8;801;44;153;15;2023
8;801;44;1;0;2023
8;801;44;14;2;2023
8;801;44;16;1;2023
8;801;44;29;3;2023
8;801;44;18;9;2023
8;801;44;27;3;2023
8;801;44;17;2;2023
8;801;44;35;8;2023
8;801;44;35;0;2023
8;801;44;37;0;2023
8;801;44;23;1;2023
8;801;44;28;1;2023
8;801;44;21;1;2023
8;801;53;57;73;2023
8;801;53;32;25;2023
8;801;53;83;42;2023
8;801;53;60;31;2023
8;801;41;18;14;2023
8;801;41;15;9;2023
8;801;41;23;17;2023
8;801;41;2;3;2023
8;801;41;4;2;2023
8;801;41;20;17;2023
8;801;41;11;5;2023
8;801;41;15;13;2023
8;801;42;109;159;2023
8;801;42;69;85;2023
8;801;42;45;55;2023
8;801;53;38;9;2023
8;801;53;22;2;2023
8;801;53;28;4;2023
8;801;42;9;17;2023
8;801;42;10;4;2023
8;805;71;154;68;2023
8;805;71;119;64;2023
8;805;71;132;49;2023
8;805;71;147;63;2023
8;805;71;143;58;2023
8;805;71;160;42;2023
2;213;31;23;10;2023
2;213;31;22;12;2023
2;213;31;10;7;2023
2;213;31;13;2;2023
2;213;31;13;8;2023
2;213;31;7;2;2023
2;213;42;40;69;2023
2;213;42;55;68;2023
2;213;42;73;63;2023
2;213;34;18;9;2023
2;213;34;8;9;2023
2;213;34;8;9;2023
2;213;34;17;13;2023
2;213;34;18;3;2023
2;213;34;18;5;2023
2;213;34;7;0;2023
2;213;34;18;7;2023
2;213;31;19;7;2023
2;213;31;14;8;2023
2;213;31;22;6;2023
2;213;31;16;5;2023
2;213;31;12;5;2023
2;213;31;17;6;2023
2;213;31;23;4;2023
2;213;34;339;201;2023
2;213;34;156;37;2023
2;213;34;2;0;2023
2;213;31;38;13;2023
2;213;31;29;11;2023
2;213;31;28;12;2023
2;213;31;22;11;2023
2;213;31;23;3;2023
2;213;31;12;2;2023
2;213;34;40;12;2023
2;213;34;17;4;2023
2;213;34;25;4;2023
2;213;34;17;4;2023
2;213;31;23;5;2023
2;213;31;34;12;2023
2;213;31;25;6;2023
2;213;31;14;5;2023
2;213;31;268;188;2023
2;213;31;173;44;2023
2;213;31;1;1;2023
2;213;31;2;2;2023
2;213;31;1;1;2023
2;213;31;12;8;2023
2;213;31;7;2;2023
2;213;31;18;6;2023
2;213;34;40;12;2023
2;212;42;30;25;2023
2;212;42;29;17;2023
2;212;42;18;21;2023
2;212;42;12;13;2023
2;212;41;17;9;2023
2;212;41;9;5;2023
2;212;41;13;8;2023
2;212;44;0;1;2023
2;212;44;2;1;2023
2;212;44;3;0;2023
2;212;44;2;0;2023
2;212;44;2;1;2023
2;212;44;15;6;2023
2;212;44;9;4;2023
2;212;53;38;15;2023
2;212;53;27;7;2023
2;212;53;28;7;2023
2;212;53;45;28;2023
2;212;53;25;20;2023
2;212;53;32;17;2023
2;212;53;2;0;2023
2;212;53;3;2;2023
2;212;53;3;5;2023
2;212;53;5;2;2023
2;212;53;3;5;2023
2;212;53;21;19;2023
2;212;52;26;14;2023
2;212;52;30;10;2023
2;212;52;15;13;2023
2;212;53;34;39;2023
2;212;53;26;31;2023
2;212;53;13;18;2023
2;212;53;2;1;2023
2;212;53;3;2;2023
2;212;53;1;0;2023
2;212;53;14;18;2023
2;210;22;23;1;2023
2;210;22;27;0;2023
2;210;22;24;8;2023
2;210;22;18;1;2023
2;210;22;21;12;2023
2;210;22;13;7;2023
2;210;34;20;7;2023
2;210;34;23;4;2023
2;210;22;22;4;2023
2;210;22;11;2;2023
2;210;22;30;5;2023
2;210;22;32;4;2023
2;209;53;138;124;2023
2;209;53;87;90;2023
2;209;53;177;60;2023
2;209;53;105;49;2023
2;215;31;350;243;2023
2;215;31;207;116;2023
2;215;31;177;88;2023
2;215;31;105;39;2023
2;215;31;1;0;2023
2;215;31;0;1;2023
2;215;31;27;9;2023
2;215;31;34;13;2023
2;215;31;20;2;2023
2;215;31;10;6;2023
2;211;31;13;8;2023
2;211;31;17;8;2023
2;211;31;15;3;2023
2;211;42;91;81;2023
2;211;42;87;99;2023
2;211;42;12;4;2023
2;211;42;16;7;2023
2;211;42;15;7;2023
2;211;42;8;2;2023
2;211;42;4;2;2023
2;211;34;31;10;2023
2;211;34;6;9;2023
2;211;31;27;13;2023
2;211;34;106;62;2023
2;211;34;36;13;2023
2;211;31;28;11;2023
2;211;31;8;5;2023
2;211;31;90;31;2023
2;211;31;29;9;2023
2;211;31;9;3;2023
2;211;31;22;9;2023
2;211;31;27;6;2023
2;211;31;29;13;2023
2;211;31;19;3;2023
2;211;81;29;9;2023
2;211;81;19;1;2023
2;211;31;24;4;2023
2;211;31;23;7;2023
2;211;31;9;3;2023
2;211;31;32;6;2023
2;211;31;19;6;2023
2;211;31;8;6;2023
2;211;31;93;34;2023
2;211;31;32;7;2023
2;211;31;19;8;2023
2;211;31;38;18;2023
2;211;31;39;12;2023
2;211;31;51;23;2023
2;211;31;44;9;2023
2;211;34;43;6;2023
2;211;34;25;5;2023
2;211;34;20;3;2023
2;211;31;26;12;2023
2;211;31;21;5;2023
2;211;31;25;10;2023
2;211;31;24;5;2023
2;211;31;348;196;2023
2;211;31;259;94;2023
2;211;31;29;19;2023
2;211;31;20;17;2023
2;211;31;22;11;2023
2;211;31;10;3;2023
2;211;31;11;2;2023
2;211;31;64;30;2023
2;211;42;15;18;2023
2;211;42;9;9;2023
2;211;42;30;11;2023
2;211;42;12;1;2023
2;211;42;28;40;2023
2;211;42;28;6;2023
2;211;42;9;6;2023
2;211;42;7;6;2023
2;208;11;16;7;2023
2;208;11;11;4;2023
2;208;11;7;7;2023
2;208;11;52;12;2023
2;208;11;46;15;2023
2;208;11;33;8;2023
2;208;83;35;9;2023
2;208;83;16;6;2023
2;208;11;44;3;2023
2;208;11;26;4;2023
2;208;11;17;10;2023
2;207;11;176;73;2023
2;207;11;82;39;2023
2;207;11;44;21;2023
2;206;11;270;20;2023
2;206;11;182;19;2023
2;206;11;106;11;2023
2;205;21;2;7;2023
2;205;21;1;4;2023
2;205;21;3;3;2023
2;205;21;13;5;2023
2;205;21;11;6;2023
2;205;21;8;9;2023
2;205;21;12;9;2023
2;205;21;6;7;2023
2;205;21;4;9;2023
2;205;21;22;15;2023
2;205;21;6;4;2023
2;205;21;3;4;2023
2;204;21;23;6;2023
2;204;21;10;1;2023
2;204;21;14;9;2023
2;204;21;17;3;2023
2;204;21;21;8;2023
2;204;21;20;3;2023
2;204;21;11;3;2023
2;204;21;6;0;2023
2;204;21;60;45;2023
2;204;21;39;38;2023
2;204;21;10;1;2023
2;204;21;74;36;2023
2;204;21;90;9;2023
2;204;21;34;19;2023
2;204;21;12;5;2023
2;204;21;8;0;2023
2;204;21;1;2;2023
2;204;21;10;4;2023
2;204;21;43;17;2023
2;204;21;6;3;2023
2;204;21;16;0;2023
2;204;21;9;3;2023
2;204;21;8;1;2023
2;204;21;6;1;2023
2;204;21;4;2;2023
2;204;21;9;2;2023
2;204;21;8;4;2023
2;204;21;5;6;2023
2;204;21;9;3;2023
2;204;21;26;5;2023
2;204;21;12;1;2023
2;204;21;9;4;2023
2;204;21;9;2;2023
2;204;21;2;6;2023
2;204;21;9;2;2023
2;204;21;22;5;2023
2;204;21;21;5;2023
2;204;21;92;31;2023
2;204;21;13;3;2023
2;204;21;6;2;2023
2;204;21;54;6;2023
2;204;21;14;1;2023
2;204;21;12;1;2023
2;204;21;33;0;2023
2;203;21;4;14;2023
2;203;21;8;16;2023
2;203;21;17;19;2023
2;203;21;2;8;2023
2;203;21;25;31;2023
2;203;21;13;17;2023
2;203;21;12;9;2023
2;203;21;12;9;2023
2;203;21;11;11;2023
2;203;21;3;9;2023
2;203;21;5;11;2023
2;203;21;6;3;2023
2;203;21;10;20;2023
2;203;21;14;9;2023
2;202;22;15;10;2023
2;202;22;5;0;2023
2;202;22;3;0;2023
2;202;22;6;0;2023
2;202;83;18;5;2023
2;202;83;34;5;2023
2;202;22;20;3;2023
2;202;22;11;2;2023
2;202;22;61;22;2023
2;202;22;41;5;2023
2;202;22;19;0;2023
2;214;22;9;0;2023
2;214;22;6;1;2023
2;214;22;8;1;2023
2;214;22;13;1;2023
2;214;22;8;2;2023
2;214;22;8;3;2023
2;214;22;8;0;2023
2;214;22;2;5;2023
2;214;22;6;2;2023
2;214;34;5;2;2023
2;214;34;2;3;2023
2;214;34;5;0;2023
2;214;22;1;1;2023
2;214;22;5;1;2023
2;214;22;4;1;2023
2;201;52;72;29;2023
2;201;52;16;4;2023
2;201;52;12;3;2023
2;201;52;31;8;2023
2;201;52;33;9;2023
2;201;34;16;3;2023
2;201;34;18;4;2023
2;201;34;5;1;2023
2;201;34;4;3;2023
2;201;34;1;1;2023
2;201;34;1;2;2023
2;201;34;38;2;2023
2;201;34;16;1;2023
2;201;34;43;3;2023
2;201;34;13;2;2023
2;201;22;3;0;2023
2;201;22;104;25;2023
2;201;22;99;27;2023
2;201;22;65;9;2023
2;201;22;66;13;2023
2;201;22;194;40;2023
2;201;22;35;1;2023
2;201;22;55;1;2023
2;201;22;10;1;2023
2;201;22;12;1;2023
2;201;22;1;1;2023
2;201;22;1;0;2023
2;201;22;2;0;2023
2;201;22;16;1;2023
2;201;22;202;75;2023
2;201;22;123;40;2023
2;201;22;100;19;2023
2;201;22;71;20;2023
2;201;22;13;10;2023
2;201;22;18;14;2023
2;201;22;5;16;2023
2;201;22;2;5;2023
2;201;22;5;3;2023
2;201;22;61;26;2023
2;201;22;17;0;2023
2;201;34;23;7;2023
2;201;34;38;20;2023
2;201;22;27;6;2023
2;201;22;13;6;2023
2;201;34;38;7;2023
2;201;34;30;4;2023
2;201;22;68;51;2023
2;201;22;23;11;2023
2;201;22;2;2;2023
2;201;22;11;7;2023
2;201;22;17;13;2023
2;201;22;19;13;2023
2;201;22;4;3;2023
2;201;22;5;2;2023
2;201;22;13;10;2023
2;201;22;20;2;2023
2;201;22;11;20;2023
2;201;22;23;16;2023
2;201;22;12;1;2023
2;201;22;11;9;2023
2;201;22;11;4;2023
2;201;22;11;6;2023
2;201;22;42;5;2023
2;201;52;18;4;2023
2;201;52;11;1;2023
2;201;34;65;34;2023
2;201;34;17;10;2023
2;201;34;23;10;2023
2;201;34;1;1;2023
2;201;34;0;5;2023
2;201;34;3;6;2023
2;201;34;1;1;2023
2;201;34;0;1;2023
2;201;22;17;9;2023
2;201;22;32;9;2023
2;201;22;20;20;2023
2;201;34;66;18;2023
2;201;34;40;24;2023
2;201;34;27;8;2023
2;201;34;61;11;2023
2;201;34;2;7;2023
2;201;34;0;4;2023
2;201;22;128;36;2023
2;201;22;13;9;2023
2;201;22;18;16;2023
2;201;22;22;5;2023
2;201;22;7;8;2023
2;201;22;2;1;2023
2;201;22;3;0;2023
2;201;22;18;28;2023
2;201;34;40;16;2023
2;201;34;31;17;2023
2;201;34;124;16;2023
2;201;34;104;10;2023
2;201;34;81;16;2023
2;201;34;0;1;2023
2;201;34;1;3;2023
2;201;34;7;2;2023
2;201;34;0;2;2023
2;201;34;0;1;2023
2;201;34;1;0;2023
2;201;34;17;3;2023
2;201;34;15;1;2023
2;201;34;59;4;2023
2;201;34;17;0;2023
2;201;34;36;2;2023
2;201;34;1;0;2023
2;201;34;39;2;2023
2;201;34;15;1;2023
2;201;34;28;5;2023
2;201;22;37;9;2023
2;201;22;19;6;2023
2;201;22;15;5;2023
2;201;22;27;8;2023
2;201;11;2;0;2023
2;201;11;9;24;2023
2;201;11;2;2;2023
2;201;11;0;2;2023
2;201;11;40;4;2023
2;201;11;63;13;2023
2;201;22;34;5;2023
2;201;22;20;2;2023
2;201;22;70;26;2023
2;201;22;44;10;2023
2;201;22;20;8;2023
2;201;22;1;2;2023
2;201;22;3;4;2023
2;201;22;1;6;2023
2;201;22;1;2;2023
2;201;22;0;1;2023
3;312;71;11;1;2023
3;312;71;15;1;2023
3;312;71;18;1;2023
3;312;71;27;4;2023
3;312;71;35;5;2023
3;312;71;28;2;2023
3;312;71;8;0;2023
3;312;71;12;2;2023
3;312;71;26;1;2023
3;312;71;13;3;2023
3;312;71;12;3;2023
3;312;71;28;6;2023
3;312;71;21;2;2023
3;312;71;19;3;2023
3;312;71;27;3;2023
3;312;71;14;5;2023
3;312;71;25;3;2023
3;312;71;29;4;2023
3;312;71;25;0;2023
3;312;71;24;1;2023
3;312;71;33;0;2023
3;312;71;33;0;2023
3;312;71;27;0;2023
3;312;71;39;2;2023
3;312;71;36;1;2023
3;312;71;40;0;2023
3;312;71;7;5;2023
3;312;71;1;5;2023
3;312;71;8;4;2023
3;312;71;27;3;2023
3;312;71;20;0;2023
3;312;71;29;0;2023
3;312;71;19;3;2023
3;312;71;18;1;2023
3;312;71;27;0;2023
3;312;71;33;1;2023
3;312;71;31;1;2023
3;312;71;31;0;2023
3;312;71;25;7;2023
3;312;71;25;1;2023
3;312;71;16;0;2023
3;312;71;22;1;2023
3;311;53;4;6;2023
3;311;53;7;4;2023
3;311;53;5;1;2023
3;311;53;3;1;2023
3;311;53;3;0;2023
3;311;31;10;7;2023
3;311;31;7;6;2023
3;311;42;26;23;2023
3;311;42;20;32;2023
3;311;42;26;21;2023
3;311;53;23;29;2023
3;311;53;19;31;2023
3;311;53;20;23;2023
3;311;42;14;6;2023
3;311;71;5;1;2023
3;311;53;4;5;2023
3;311;41;7;8;2023
3;311;41;7;1;2023
3;311;41;2;0;2023
3;311;41;3;6;2023
3;311;51;9;7;2023
3;311;53;3;3;2023
3;311;42;16;15;2023
3;311;53;2;16;2023
3;311;53;6;20;2023
3;311;53;9;14;2023
3;311;41;2;3;2023
3;311;41;3;1;2023
3;311;41;1;5;2023
3;311;41;3;3;2023
3;311;41;4;0;2023
3;311;42;14;10;2023
3;311;53;5;1;2023
3;311;53;3;1;2023
3;311;53;0;1;2023
3;311;53;4;0;2023
3;311;53;4;10;2023
3;311;51;6;8;2023
3;311;51;6;3;2023
3;311;53;13;15;2023
3;311;53;8;12;2023
3;311;53;10;10;2023
3;311;53;3;1;2023
3;311;53;2;1;2023
3;311;53;2;0;2023
3;311;53;0;1;2023
3;311;53;1;2;2023
3;311;53;8;3;2023
3;311;53;6;3;2023
3;311;53;9;5;2023
3;311;53;32;30;2023
3;311;53;39;23;2023
3;311;53;30;24;2023
3;311;53;2;0;2023
3;311;53;3;2;2023
3;311;53;3;0;2023
3;311;53;1;0;2023
3;311;53;3;0;2023
3;311;53;28;35;2023
3;311;53;31;32;2023
3;311;53;30;24;2023
3;311;53;8;14;2023
3;311;53;8;5;2023
3;311;53;8;5;2023
3;311;53;2;5;2023
3;311;53;5;5;2023
3;311;52;22;23;2023
3;311;52;26;32;2023
3;311;52;28;24;2023
3;311;52;7;3;2023
3;311;52;5;4;2023
3;311;52;1;0;2023
3;311;52;1;6;2023
3;311;52;2;2;2023
3;311;52;9;2;2023
3;311;53;26;33;2023
3;311;53;20;33;2023
3;311;53;17;31;2023
3;311;53;7;13;2023
3;311;53;1;4;2023
3;311;53;2;9;2023
3;311;53;2;5;2023
3;311;53;1;0;2023
3;310;53;77;173;2023
3;310;53;41;105;2023
3;310;53;69;63;2023
3;310;53;61;52;2023
3;310;53;68;28;2023
3;310;53;61;22;2023
3;309;71;23;13;2023
3;309;71;102;99;2023
3;309;71;68;66;2023
3;309;71;75;53;2023
3;308;42;20;33;2023
3;308;53;11;52;2023
3;308;53;33;45;2023
3;308;53;19;28;2023
3;308;42;26;36;2023
3;308;42;19;17;2023
3;308;42;13;19;2023
3;308;42;19;9;2023
3;308;42;17;49;2023
3;308;42;33;66;2023
3;308;42;34;44;2023
3;308;42;53;65;2023
3;308;42;47;87;2023
3;308;42;52;71;2023
3;308;42;31;24;2023
3;308;42;35;28;2023
3;308;42;36;22;2023
3;308;42;11;19;2023
3;308;42;11;10;2023
3;308;42;11;6;2023
3;308;42;34;36;2023
3;308;42;34;42;2023
3;308;42;16;29;2023
3;308;42;13;12;2023
3;308;42;12;10;2023
3;308;42;12;13;2023
3;307;53;21;4;2023
3;307;71;4;6;2023
3;307;71;19;1;2023
3;307;71;21;0;2023
3;307;71;20;4;2023
3;307;71;12;4;2023
3;307;71;8;1;2023
3;307;71;4;3;2023
3;307;71;4;1;2023
3;307;71;3;1;2023
3;307;71;6;0;2023
3;307;71;7;1;2023
3;307;71;40;18;2023
3;307;71;20;5;2023
3;307;71;20;6;2023
3;307;71;20;5;2023
3;307;71;15;12;2023
3;307;71;12;3;2023
3;307;71;16;1;2023
3;307;71;14;1;2023
3;307;71;19;0;2023
3;307;71;14;0;2023
3;307;71;47;6;2023
3;307;71;31;1;2023
3;307;71;31;1;2023
3;307;71;17;2;2023
3;307;71;24;1;2023
3;307;62;40;12;2023
3;307;62;25;5;2023
3;307;71;13;4;2023
3;307;71;10;1;2023
3;307;71;8;1;2023
3;307;71;8;1;2023
3;307;71;10;2;2023
3;307;71;70;22;2023
3;307;71;10;1;2023
3;307;71;8;6;2023
3;307;71;10;2;2023
3;307;71;7;6;2023
3;307;71;11;1;2023
3;306;22;22;12;2023
3;306;22;10;2;2023
3;306;22;8;2;2023
3;306;22;42;3;2023
3;306;22;15;2;2023
3;306;22;13;1;2023
3;306;22;40;5;2023
3;306;22;22;2;2023
3;306;22;19;1;2023
3;306;22;40;8;2023
3;306;22;23;1;2023
3;306;22;17;3;2023
3;306;34;36;19;2023
3;306;34;10;1;2023
3;306;34;12;2;2023
3;306;34;12;1;2023
3;306;34;14;3;2023
3;306;22;34;12;2023
3;306;22;42;10;2023
3;306;22;34;5;2023
3;306;22;31;5;2023
3;306;22;12;2;2023
3;306;22;13;3;2023
3;306;22;36;12;2023
3;306;22;32;13;2023
3;306;22;15;1;2023
3;306;22;5;1;2023
3;306;22;1;0;2023
3;306;22;2;0;2023
3;306;22;15;0;2023
3;306;22;4;0;2023
3;306;22;1;0;2023
3;306;22;2;0;2023
3;306;34;47;4;2023
3;306;22;10;3;2023
3;306;22;4;2;2023
3;306;22;2;6;2023
3;306;22;2;1;2023
3;306;22;2;3;2023
3;306;22;3;1;2023
3;306;22;10;2;2023
3;306;22;9;4;2023
3;306;22;4;2;2023
3;306;22;2;6;2023
3;306;22;1;1;2023
3;306;22;2;4;2023
3;306;22;34;11;2023
3;306;22;25;12;2023
3;306;22;80;5;2023
3;306;22;22;0;2023
3;306;22;36;0;2023
3;306;22;6;4;2023
3;306;22;4;0;2023
3;306;22;4;0;2023
3;306;22;1;0;2023
3;306;22;3;2;2023
3;306;22;15;1;2023
3;306;22;21;2;2023
3;306;22;95;31;2023
3;306;22;31;21;2023
3;306;22;29;4;2023
3;306;22;40;5;2023
3;306;22;5;1;2023
3;306;22;8;1;2023
3;306;22;7;5;2023
3;306;34;16;1;2023
3;306;34;24;5;2023
3;306;34;25;2;2023
3;306;22;66;23;2023
3;306;22;61;2;2023
3;306;34;106;14;2023
3;306;34;81;12;2023
3;306;34;92;8;2023
3;306;34;19;2;2023
3;306;34;15;0;2023
3;306;34;19;5;2023
3;306;34;15;3;2023
3;306;34;29;2;2023
3;306;34;37;1;2023
3;306;22;41;12;2023
3;306;22;39;11;2023
3;306;22;34;7;2023
3;306;22;14;12;2023
3;306;22;24;14;2023
3;306;22;15;9;2023
3;306;22;6;3;2023
3;306;22;6;2;2023
3;305;81;14;1;2023
3;305;81;7;0;2023
3;305;81;15;0;2023
3;305;81;10;1;2023
3;305;43;16;2;2023
3;305;43;12;0;2023
3;305;43;21;1;2023
3;305;43;13;0;2023
3;305;43;141;21;2023
3;305;43;16;3;2023
3;305;43;14;0;2023
3;305;43;89;4;2023
3;305;43;54;3;2023
3;305;43;68;6;2023
3;305;43;23;5;2023
3;305;81;14;0;2023
3;305;81;12;3;2023
3;305;43;170;16;2023
3;305;81;40;7;2023
3;305;81;21;0;2023
3;305;81;22;1;2023
3;305;81;16;1;2023
3;303;32;13;4;2023
3;303;32;20;7;2023
3;303;32;15;4;2023
3;303;32;15;9;2023
3;303;32;5;1;2023
3;303;32;480;162;2023
3;303;32;397;109;2023
3;303;32;11;5;2023
3;303;32;31;19;2023
3;303;32;19;1;2023
3;303;32;10;26;2023
3;303;32;8;4;2023
3;303;32;7;4;2023
3;303;32;96;20;2023
3;303;32;98;26;2023
3;303;32;0;6;2023
3;303;32;5;2;2023
3;303;32;4;12;2023
3;303;32;1;4;2023
3;303;32;0;4;2023
3;303;32;65;15;2023
3;303;32;55;12;2023
3;303;32;25;14;2023
3;303;32;9;2;2023
3;303;32;28;17;2023
3;303;32;44;7;2023
3;303;32;296;80;2023
3;303;32;85;33;2023
3;303;32;74;31;2023
3;303;32;70;11;2023
3;303;32;75;27;2023
3;303;32;54;22;2023
3;303;32;87;10;2023
3;303;32;107;16;2023
3;303;32;54;16;2023
3;303;32;22;9;2023
3;303;32;14;12;2023
3;303;32;13;10;2023
3;303;32;10;6;2023
3;303;32;4;13;2023
3;303;32;42;21;2023
3;303;32;45;19;2023
3;304;71;14;7;2023
3;304;71;18;1;2023
3;304;71;17;5;2023
3;304;71;24;1;2023
3;304;71;14;5;2023
3;304;71;22;5;2023
3;304;71;8;7;2023
3;304;71;10;9;2023
3;304;71;40;10;2023
3;304;71;16;3;2023
3;304;71;26;13;2023
3;304;71;22;13;2023
3;304;71;19;20;2023
3;304;71;19;7;2023
3;304;71;21;5;2023
3;304;71;20;4;2023
3;304;71;9;2;2023
3;304;71;14;5;2023
3;304;71;27;10;2023
3;304;71;23;15;2023
3;304;71;15;4;2023
3;304;71;12;2;2023
3;304;71;18;1;2023
3;304;71;24;4;2023
3;304;71;26;1;2023
3;304;71;20;7;2023
3;304;71;17;1;2023
3;304;71;17;1;2023
3;304;71;35;5;2023
3;304;71;3;7;2023
3;304;71;16;7;2023
3;304;71;12;4;2023
3;304;71;17;11;2023
3;304;71;12;0;2023
3;304;71;9;4;2023
3;304;71;26;16;2023
3;304;71;10;2;2023
3;304;71;9;2;2023
3;304;71;7;4;2023
3;304;71;24;4;2023
3;304;71;16;6;2023
3;304;71;16;3;2023
3;304;71;12;4;2023
3;304;71;42;9;2023
3;304;71;15;4;2023
3;304;71;30;5;2023
3;304;71;22;3;2023
3;304;71;16;7;2023
3;304;71;9;6;2023
3;304;71;15;3;2023
3;304;71;28;7;2023
3;304;71;48;1;2023
3;304;71;35;5;2023
3;304;71;6;4;2023
3;304;71;23;5;2023
3;304;71;17;3;2023
3;304;71;9;23;2023
3;304;71;16;1;2023
3;304;71;12;10;2023
3;304;71;20;18;2023
3;304;71;18;13;2023
3;304;71;377;151;2023
3;304;71;299;121;2023
3;304;71;329;144;2023
3;304;71;287;90;2023
3;304;71;308;129;2023
3;304;71;303;99;2023
3;304;71;16;1;2023
3;304;71;16;6;2023
3;304;71;23;1;2023
3;304;71;47;11;2023
3;304;71;12;3;2023
3;302;31;21;15;2023
3;302;31;33;9;2023
3;302;31;42;14;2023
3;302;31;21;7;2023
3;302;31;27;8;2023
3;302;31;16;6;2023
3;302;34;11;4;2023
3;302;31;54;51;2023
3;302;31;2;2;2023
3;302;31;2;3;2023
3;302;31;2;1;2023
3;302;31;19;12;2023
3;302;31;32;10;2023
3;302;42;88;98;2023
3;302;42;69;84;2023
3;302;42;67;68;2023
3;302;34;45;8;2023
3;302;34;26;4;2023
3;302;31;32;7;2023
3;302;31;35;11;2023
3;302;34;258;147;2023
3;302;34;116;51;2023
3;302;34;29;10;2023
3;302;34;11;7;2023
3;302;22;29;12;2023
3;302;22;27;4;2023
3;302;31;58;32;2023
3;302;31;38;23;2023
3;302;34;49;29;2023
3;302;34;29;21;2023
3;302;34;8;4;2023
3;302;34;47;19;2023
3;302;34;30;21;2023
3;302;34;18;9;2023
3;302;34;10;10;2023
3;302;34;3;9;2023
3;302;31;26;24;2023
3;302;31;47;15;2023
3;302;31;43;10;2023
3;302;34;18;8;2023
3;302;34;15;11;2023
3;302;34;13;2;2023
3;302;34;0;1;2023
3;302;34;10;5;2023
3;302;31;64;47;2023
3;302;31;22;5;2023
3;302;31;16;6;2023
3;302;31;12;5;2023
3;302;31;25;19;2023
3;302;31;21;13;2023
3;302;31;44;12;2023
3;302;31;1;3;2023
3;302;31;5;1;2023
3;302;31;49;35;2023
3;302;31;7;3;2023
3;302;31;11;1;2023
3;302;31;11;2;2023
3;302;31;44;22;2023
3;302;31;30;8;2023
3;302;31;23;10;2023
3;302;31;217;180;2023
3;302;31;163;76;2023
3;302;31;9;4;2023
3;302;31;8;6;2023
3;302;31;30;17;2023
3;302;31;24;4;2023
3;302;31;27;5;2023
3;302;31;43;18;2023
3;302;31;52;24;2023
3;302;31;33;17;2023
3;302;31;21;6;2023
3;302;42;36;16;2023
3;302;34;53;30;2023
3;302;42;17;12;2023
3;301;43;25;3;2023
3;301;43;20;1;2023
3;301;41;26;19;2023
3;301;44;18;10;2023
3;301;44;21;6;2023
3;301;44;20;11;2023
3;301;44;25;2;2023
3;301;44;19;1;2023
3;301;53;19;13;2023
3;301;53;9;14;2023
3;301;44;15;5;2023
3;301;44;16;9;2023
3;301;42;36;69;2023
3;301;42;20;21;2023
3;301;42;41;52;2023
3;301;42;14;8;2023
3;301;42;14;8;2023
3;301;42;8;1;2023
3;301;42;11;3;2023
3;301;42;17;5;2023
3;301;43;7;6;2023
3;301;43;4;5;2023
3;301;53;21;7;2023
3;301;53;16;11;2023
3;301;53;12;11;2023
3;301;53;15;13;2023
3;301;53;9;7;2023
3;301;53;4;2;2023
3;301;53;3;5;2023
3;301;53;2;1;2023
3;301;53;23;60;2023
3;301;53;24;39;2023
3;301;53;20;33;2023
3;301;53;19;14;2023
3;301;53;3;12;2023
3;301;53;14;44;2023
3;301;53;11;30;2023
3;301;44;18;3;2023
3;301;44;16;4;2023
3;301;44;17;7;2023
3;301;44;2;2;2023
3;301;62;10;4;2023
3;301;62;14;0;2023
3;301;43;15;0;2023
3;301;43;15;0;2023
3;301;44;14;5;2023
3;301;44;6;3;2023
3;301;44;45;16;2023
3;301;44;21;7;2023
3;301;44;23;9;2023
3;301;44;46;11;2023
3;301;44;27;10;2023
3;301;41;94;73;2023
3;301;41;55;29;2023
3;301;41;15;7;2023
3;301;41;30;47;2023
3;301;41;69;51;2023
3;301;41;40;24;2023
3;301;41;23;13;2023
3;301;44;70;22;2023
3;301;44;36;14;2023
3;301;44;25;9;2023
3;301;44;19;10;2023
3;301;44;16;12;2023
3;301;44;14;6;2023
3;301;44;57;34;2023
3;301;44;23;6;2023
3;301;44;10;11;2023
3;301;53;44;18;2023
3;301;43;23;4;2023
3;301;43;12;0;2023
3;301;53;7;10;2023
3;301;44;51;1;2023
3;301;44;55;1;2023
3;301;44;28;1;2023
3;301;44;40;24;2023
3;301;44;14;2;2023
3;301;44;23;3;2023
3;301;44;23;4;2023
3;301;44;26;3;2023
3;301;44;30;5;2023
3;301;44;14;3;2023
3;301;44;9;1;2023
3;301;44;8;1;2023
3;301;41;3;7;2023
3;301;44;17;3;2023
3;301;44;7;3;2023
3;301;44;14;3;2023
3;301;44;9;0;2023
3;301;44;13;8;2023
3;301;44;5;4;2023
3;301;41;2;4;2023
3;301;44;6;4;2023
3;301;44;4;6;2023
3;301;43;76;15;2023
3;301;43;58;13;2023
3;301;43;45;11;2023
3;301;43;105;18;2023
3;301;43;75;9;2023
3;301;62;56;13;2023
3;301;62;38;13;2023
3;301;44;30;26;2023
3;301;44;22;8;2023
3;301;44;20;5;2023
3;301;44;12;5;2023
3;301;44;10;1;2023
3;301;44;14;3;2023
3;301;44;11;2;2023
3;301;41;11;15;2023
3;301;41;13;13;2023
3;301;41;7;6;2023
3;301;41;5;4;2023
3;301;41;12;3;2023
3;301;41;11;5;2023
3;301;41;5;2;2023
3;301;41;9;2;2023
3;301;53;31;37;2023
3;301;53;32;35;2023
3;301;53;71;95;2023
3;301;44;12;3;2023
3;301;44;8;11;2023
3;301;44;72;23;2023
3;301;81;16;2;2023
3;301;81;10;1;2023
3;301;41;12;12;2023
3;301;41;17;9;2023
3;301;41;5;2;2023
3;301;43;15;0;2023
3;301;43;15;4;2023
3;301;43;73;12;2023
3;301;43;41;2;2023
3;301;43;20;3;2023
3;301;44;14;4;2023
3;301;44;10;6;2023
3;301;44;12;4;2023
3;301;42;5;19;2023
3;301;42;19;16;2023
3;301;43;20;5;2023
3;301;43;10;5;2023
3;301;42;53;99;2023
3;301;42;50;79;2023
3;301;42;23;31;2023
3;301;42;9;8;2023
3;301;44;20;7;2023
3;301;44;16;8;2023
3;301;43;73;15;2023
3;301;43;63;7;2023
3;301;43;46;2;2023
3;301;43;47;10;2023
3;301;43;41;2;2023
3;301;43;28;6;2023
3;301;44;23;9;2023
3;301;44;18;16;2023
3;301;53;40;34;2023
3;301;53;49;23;2023
3;301;53;35;27;2023
3;301;53;8;13;2023
3;301;44;6;5;2023
3;301;44;6;1;2023
3;301;44;4;5;2023
3;301;44;7;1;2023
3;301;44;6;3;2023
3;301;44;2;4;2023
3;301;44;28;5;2023
3;301;44;15;4;2023
3;301;44;44;16;2023
3;301;44;51;15;2023
3;301;44;26;9;2023
3;301;53;47;20;2023
3;301;44;127;24;2023
3;301;44;30;5;2023
3;301;44;19;3;2023
3;301;44;15;4;2023
3;301;44;31;4;2023
3;301;44;9;0;2023
3;301;44;24;1;2023
3;301;44;10;1;2023
3;301;44;22;3;2023
3;301;44;11;0;2023
3;301;81;14;1;2023
3;301;81;11;1;2023
3;301;53;26;10;2023
3;301;53;9;8;2023
3;301;42;32;52;2023
3;301;42;55;55;2023
3;301;42;42;51;2023
6;612;62;17;14;2023
6;612;62;24;9;2023
6;612;62;29;8;2023
6;612;62;17;3;2023
6;612;62;21;3;2023
6;612;62;24;6;2023
6;613;62;6;4;2023
6;613;62;6;5;2023
6;613;62;18;6;2023
6;613;44;10;4;2023
6;613;44;9;14;2023
6;613;44;8;8;2023
6;613;62;7;13;2023
6;613;53;9;4;2023
6;613;53;11;7;2023
6;613;53;14;7;2023
6;613;53;8;12;2023
6;613;53;6;18;2023
6;613;53;11;14;2023
6;610;71;46;34;2023
6;610;71;59;61;2023
6;610;71;56;34;2023
6;609;42;81;39;2023
6;609;42;21;32;2023
6;609;42;17;6;2023
6;609;42;13;4;2023
6;609;42;15;6;2023
6;609;42;8;8;2023
6;609;42;16;14;2023
6;609;53;9;9;2023
6;609;42;7;4;2023
6;609;42;15;8;2023
6;609;42;105;168;2023
6;609;42;122;133;2023
6;609;42;29;6;2023
6;609;42;83;85;2023
6;608;43;37;3;2023
6;608;43;12;1;2023
6;608;43;11;0;2023
6;608;43;20;1;2023
6;608;43;4;0;2023
6;608;43;18;3;2023
6;608;43;10;2;2023
6;608;43;13;1;2023
6;608;43;14;0;2023
6;608;43;6;1;2023
6;608;62;17;1;2023
6;608;62;13;1;2023
6;608;62;13;2;2023
6;608;62;12;1;2023
6;608;81;4;0;2023
6;608;81;14;3;2023
6;608;81;15;1;2023
6;608;81;25;3;2023
6;608;81;37;4;2023
6;608;81;12;1;2023
6;608;51;57;3;2023
6;608;43;36;5;2023
6;608;43;26;1;2023
6;607;22;86;47;2023
6;607;22;32;13;2023
6;607;22;22;7;2023
6;607;22;15;12;2023
6;607;22;17;4;2023
6;607;11;183;19;2023
6;607;11;201;32;2023
6;607;11;105;12;2023
6;607;11;29;1;2023
6;607;22;34;10;2023
6;607;22;36;2;2023
6;607;22;18;1;2023
6;607;22;45;4;2023
6;607;22;33;3;2023
6;611;83;16;11;2023
6;611;83;21;10;2023
6;611;83;9;6;2023
6;611;83;165;294;2023
6;611;83;146;186;2023
6;611;83;119;178;2023
6;611;83;17;13;2023
6;611;83;20;8;2023
6;606;22;24;6;2023
6;606;22;14;1;2023
6;606;22;0;25;2023
6;606;11;265;38;2023
6;606;11;153;13;2023
6;606;22;24;3;2023
6;606;22;25;2;2023
6;606;22;126;37;2023
6;606;22;42;15;2023
6;606;22;45;12;2023
6;606;22;40;10;2023
6;606;22;33;3;2023
6;606;22;35;4;2023
6;606;22;16;9;2023
6;606;22;13;2;2023
6;606;22;64;21;2023
6;606;22;29;3;2023
6;606;22;31;7;2023
6;606;22;37;14;2023
6;606;22;4;3;2023
6;606;34;56;17;2023
6;606;34;26;5;2023
6;606;34;15;3;2023
6;606;11;55;2;2023
6;605;42;52;72;2023
6;605;42;56;43;2023
6;605;42;33;37;2023
6;605;22;51;23;2023
6;605;22;39;6;2023
6;605;22;35;5;2023
6;605;22;7;2;2023
6;605;22;5;0;2023
6;605;22;10;0;2023
6;605;42;11;7;2023
6;605;42;13;4;2023
6;604;21;22;7;2023
6;604;21;12;3;2023
6;604;21;2;1;2023
6;604;21;12;0;2023
6;604;21;15;0;2023
6;604;21;7;0;2023
6;604;21;40;10;2023
6;604;21;61;14;2023
6;604;21;64;12;2023
6;604;21;35;5;2023
6;604;21;19;1;2023
6;604;21;18;4;2023
6;604;21;16;9;2023
6;604;21;16;2;2023
6;604;21;5;1;2023
6;603;21;17;18;2023
6;603;21;20;8;2023
6;603;21;7;12;2023
6;603;21;2;2;2023
6;603;21;3;1;2023
6;603;21;2;0;2023
6;615;53;69;26;2023
6;601;31;20;9;2023
6;601;42;112;113;2023
6;601;42;102;58;2023
6;601;42;14;6;2023
6;601;42;17;4;2023
6;601;31;20;20;2023
6;601;32;10;4;2023
6;601;34;29;8;2023
6;601;34;8;6;2023
6;601;34;24;8;2023
6;601;34;11;2;2023
6;601;34;47;4;2023
6;601;34;26;5;2023
6;601;31;24;6;2023
6;601;34;58;8;2023
6;601;34;38;17;2023
6;601;34;14;7;2023
6;601;34;6;6;2023
6;601;31;11;6;2023
6;601;31;49;12;2023
6;601;31;18;9;2023
6;601;83;21;16;2023
6;601;31;22;11;2023
6;601;34;25;8;2023
6;601;34;4;2;2023
6;601;34;296;111;2023
6;601;34;136;25;2023
6;601;32;15;13;2023
6;601;32;20;4;2023
6;601;32;24;6;2023
6;601;31;82;16;2023
6;601;31;23;10;2023
6;601;31;146;19;2023
6;601;31;113;21;2023
6;601;31;26;4;2023
6;601;31;31;2;2023
6;601;62;12;8;2023
6;601;31;19;7;2023
6;601;31;348;180;2023
6;601;31;245;99;2023
6;601;32;366;123;2023
6;601;32;187;52;2023
6;601;32;22;14;2023
6;601;32;33;4;2023
6;601;32;61;9;2023
6;601;32;119;30;2023
6;601;32;39;7;2023
6;601;32;44;9;2023
6;601;32;37;8;2023
6;601;31;38;11;2023
6;601;42;33;9;2023
6;601;34;63;12;2023
6;602;62;8;4;2023
6;602;62;4;0;2023
6;602;62;14;1;2023
6;602;62;15;4;2023
6;602;62;12;2;2023
6;602;62;6;3;2023
7;716;71;32;2;2023
7;716;71;36;5;2023
7;716;71;20;2;2023
7;716;71;37;4;2023
7;716;71;33;4;2023
7;716;71;29;4;2023
7;716;72;39;1;2023
7;716;72;41;1;2023
7;716;72;29;0;2023
7;716;71;10;0;2023
7;716;71;17;2;2023
7;716;71;19;0;2023
7;716;71;21;1;2023
7;716;71;12;1;2023
7;715;53;19;6;2023
7;715;53;14;8;2023
7;715;53;14;11;2023
7;715;53;4;18;2023
7;715;53;40;37;2023
7;715;53;30;20;2023
7;715;53;26;54;2023
7;715;53;5;4;2023
7;715;51;17;11;2023
7;715;41;6;11;2023
7;715;41;15;4;2023
7;715;44;35;10;2023
7;715;44;10;0;2023
7;715;44;15;3;2023
7;715;44;5;1;2023
7;715;44;2;2;2023
7;715;44;8;1;2023
7;715;44;2;1;2023
7;715;44;9;1;2023
7;715;44;26;9;2023
7;715;44;30;37;2023
7;715;44;19;6;2023
7;715;44;7;1;2023
7;715;44;7;0;2023
7;715;44;23;8;2023
7;715;44;59;9;2023
7;715;44;15;3;2023
7;715;44;20;2;2023
7;715;44;15;1;2023
7;715;53;44;38;2023
7;715;53;41;25;2023
7;715;53;57;28;2023
7;715;53;40;14;2023
7;715;41;26;14;2023
7;715;41;3;4;2023
7;715;41;2;0;2023
7;715;41;5;5;2023
7;715;41;4;2;2023
7;715;41;5;1;2023
7;715;41;7;8;2023
7;715;41;5;3;2023
7;715;42;53;53;2023
7;715;42;34;32;2023
7;715;42;38;69;2023
7;714;53;40;36;2023
7;714;53;36;26;2023
7;714;53;34;21;2023
7;714;53;11;7;2023
7;714;42;20;28;2023
7;714;42;20;24;2023
7;714;42;23;21;2023
7;714;53;40;36;2023
7;714;53;36;26;2023
7;714;53;34;21;2023
7;714;42;12;6;2023
7;714;53;3;0;2023
7;714;42;6;1;2023
7;714;53;13;13;2023
7;714;53;13;9;2023
7;714;53;10;9;2023
7;714;53;23;22;2023
7;714;53;28;22;2023
7;714;53;18;18;2023
7;714;53;5;4;2023
7;714;53;10;11;2023
7;714;53;2;3;2023
7;714;53;5;4;2023
7;714;53;2;2;2023
7;714;53;2;0;2023
7;714;53;9;10;2023
7;714;53;4;3;2023
7;714;53;3;8;2023
7;714;53;0;1;2023
7;714;53;0;1;2023
7;714;53;4;11;2023
7;714;53;3;4;2023
7;712;71;68;71;2023
7;712;71;56;48;2023
7;712;71;55;40;2023
7;711;42;44;17;2023
7;711;42;31;9;2023
7;711;42;40;6;2023
7;711;42;15;5;2023
7;711;42;16;7;2023
7;711;53;77;82;2023
7;711;53;50;30;2023
7;711;53;62;25;2023
7;711;42;23;8;2023
7;711;42;11;6;2023
7;711;42;9;7;2023
7;711;42;10;5;2023
7;711;42;14;1;2023
7;711;42;63;83;2023
7;711;42;45;51;2023
7;711;42;41;37;2023
7;711;42;23;10;2023
7;711;42;14;8;2023
7;711;42;76;56;2023
7;711;42;61;39;2023
7;711;42;57;38;2023
7;711;42;27;7;2023
7;711;42;13;10;2023
7;710;31;40;8;2023
7;710;31;15;8;2023
7;710;31;18;7;2023
7;710;31;10;10;2023
7;710;31;8;5;2023
7;710;42;82;67;2023
7;710;42;54;71;2023
7;710;42;26;52;2023
7;710;42;18;7;2023
7;710;42;12;10;2023
7;710;34;8;7;2023
7;710;31;34;8;2023
7;710;31;19;9;2023
7;710;34;23;12;2023
7;710;34;121;77;2023
7;710;34;58;7;2023
7;710;31;27;8;2023
7;710;31;31;1;2023
7;710;31;23;11;2023
7;710;31;0;1;2023
7;710;31;7;4;2023
7;710;31;2;0;2023
7;710;31;2;0;2023
7;710;31;0;1;2023
7;710;31;10;4;2023
7;710;31;309;217;2023
7;710;31;181;53;2023
7;710;31;65;28;2023
7;710;31;26;12;2023
7;710;31;93;28;2023
7;710;31;19;6;2023
7;710;31;44;14;2023
7;710;31;92;23;2023
7;710;31;22;5;2023
7;710;31;26;2;2023
7;709;53;9;12;2023
7;709;53;15;13;2023
7;709;42;77;55;2023
7;709;42;37;38;2023
7;709;42;34;47;2023
7;709;53;3;9;2023
7;709;53;1;14;2023
7;709;53;17;9;2023
7;709;53;29;24;2023
7;709;42;17;9;2023
7;709;42;13;10;2023
7;709;42;34;41;2023
7;709;42;28;32;2023
7;709;53;5;7;2023
7;709;53;43;85;2023
7;709;53;19;77;2023
7;709;52;20;11;2023
7;709;52;17;23;2023
7;709;53;8;20;2023
7;709;53;9;17;2023
7;709;51;13;8;2023
7;709;51;26;12;2023
7;709;51;16;12;2023
7;709;42;17;35;2023
7;709;42;28;38;2023
7;709;42;30;41;2023
7;709;53;16;16;2023
7;709;53;10;48;2023
7;709;53;11;8;2023
7;709;42;54;58;2023
7;709;42;66;55;2023
7;709;53;35;31;2023
7;709;53;28;17;2023
7;709;53;30;16;2023
7;709;52;36;60;2023
7;709;52;6;6;2023
7;709;52;18;16;2023
7;709;53;21;64;2023
7;709;53;13;13;2023
7;709;53;14;30;2023
7;709;53;24;27;2023
7;709;53;13;42;2023
7;709;53;7;19;2023
7;709;53;2;14;2023
7;709;42;23;41;2023
7;709;42;32;24;2023
7;709;42;31;15;2023
7;713;62;11;1;2023
7;713;62;8;4;2023
7;713;62;9;1;2023
7;713;62;9;2;2023
7;713;62;11;1;2023
7;713;62;2;0;2023
7;713;62;3;0;2023
7;713;62;1;0;2023
7;713;62;2;1;2023
7;713;62;1;1;2023
7;713;62;2;0;2023
7;713;62;0;1;2023
7;713;62;1;0;2023
7;713;62;3;0;2023
7;713;62;9;5;2023
7;713;62;1;0;2023
7;713;62;1;1;2023
7;713;62;3;0;2023
7;713;62;2;1;2023
7;713;62;3;3;2023
7;713;62;26;15;2023
7;713;62;12;9;2023
7;713;62;20;8;2023
7;713;62;19;6;2023
7;713;62;20;2;2023
7;713;62;20;3;2023
7;713;62;13;3;2023
7;713;62;10;0;2023
7;713;62;12;4;2023
7;713;62;8;0;2023
7;713;62;8;0;2023
7;713;62;11;0;2023
7;713;62;10;1;2023
7;713;81;1;0;2023
7;713;81;1;1;2023
7;713;81;1;0;2023
7;713;81;1;1;2023
7;713;62;1;1;2023
7;713;62;1;1;2023
7;713;62;2;0;2023
7;713;62;3;0;2023
7;708;21;12;4;2023
7;708;21;9;2;2023
7;708;21;14;5;2023
7;708;21;19;1;2023
7;708;21;21;1;2023
7;708;21;15;4;2023
7;708;21;9;3;2023
7;708;21;23;5;2023
7;708;21;25;10;2023
7;708;21;27;4;2023
7;708;21;24;5;2023
7;708;21;35;4;2023
7;708;21;125;30;2023
7;708;21;11;4;2023
7;708;21;22;3;2023
7;708;21;14;0;2023
7;708;21;7;1;2023
7;708;21;12;1;2023
7;708;21;14;1;2023
7;708;21;8;1;2023
7;708;22;35;19;2023
7;708;22;8;0;2023
7;708;22;5;0;2023
7;708;21;171;36;2023
7;708;21;81;68;2023
7;708;21;65;20;2023
7;708;21;39;14;2023
7;708;21;22;7;2023
7;708;21;0;12;2023
7;708;21;16;7;2023
7;708;21;12;6;2023
7;708;21;151;27;2023
7;708;21;116;22;2023
7;708;21;65;11;2023
7;708;21;42;8;2023
7;708;21;62;27;2023
7;708;21;13;1;2023
7;708;21;39;8;2023
7;708;21;15;7;2023
7;708;21;10;2;2023
7;708;21;3;0;2023
7;708;21;10;0;2023
7;708;21;14;4;2023
7;708;21;7;1;2023
7;708;21;16;4;2023
7;708;21;7;4;2023
7;708;21;14;5;2023
7;708;21;5;4;2023
7;708;21;17;1;2023
7;708;21;9;1;2023
7;707;22;20;12;2023
7;707;22;15;1;2023
7;707;31;25;8;2023
7;707;31;26;1;2023
7;707;34;164;68;2023
7;707;34;48;6;2023
7;707;34;55;12;2023
7;707;31;86;34;2023
7;707;31;19;11;2023
7;707;31;21;5;2023
7;707;31;324;145;2023
7;707;31;174;56;2023
7;707;31;17;4;2023
7;707;31;91;33;2023
7;707;31;83;26;2023
7;706;21;12;19;2023
7;706;21;3;9;2023
7;706;21;3;13;2023
7;706;21;8;11;2023
7;706;21;31;23;2023
7;706;21;14;10;2023
7;706;21;8;10;2023
7;706;21;15;15;2023
7;706;21;10;5;2023
7;706;21;8;15;2023
7;706;21;8;10;2023
7;706;21;8;11;2023
7;706;21;4;9;2023
7;705;82;22;3;2023
7;705;82;16;2;2023
7;705;82;89;63;2023
7;705;82;105;27;2023
7;705;82;81;60;2023
7;705;82;57;18;2023
7;705;82;10;8;2023
7;705;82;13;2;2023
7;705;82;86;43;2023
7;705;82;46;18;2023
7;705;82;12;2;2023
7;705;82;17;5;2023
7;705;82;27;8;2023
7;705;82;13;4;2023
7;705;82;8;2;2023
7;705;53;16;6;2023
7;705;82;8;10;2023
7;705;82;18;5;2023
7;705;82;28;13;2023
7;705;82;29;8;2023
7;702;22;23;4;2023
7;702;22;29;1;2023
7;702;34;86;30;2023
7;702;34;47;6;2023
7;702;34;22;5;2023
7;702;33;11;5;2023
7;702;22;283;50;2023
7;702;22;92;4;2023
7;702;22;35;8;2023
7;702;22;8;4;2023
7;702;22;20;3;2023
7;702;22;7;1;2023
7;702;22;2;0;2023
7;702;22;1;1;2023
7;702;22;34;4;2023
7;702;22;19;5;2023
7;702;22;162;37;2023
7;702;22;143;19;2023
7;702;22;71;15;2023
7;702;22;7;3;2023
7;702;22;17;8;2023
7;702;22;16;6;2023
7;702;22;13;6;2023
7;702;22;2;1;2023
7;702;22;2;1;2023
7;702;22;60;21;2023
7;702;22;21;7;2023
7;702;22;321;149;2023
7;702;22;161;51;2023
7;702;22;125;40;2023
7;702;22;5;2;2023
7;702;22;9;4;2023
7;702;22;4;1;2023
7;702;22;2;0;2023
7;702;22;2;0;2023
7;702;22;100;49;2023
7;702;22;47;11;2023
7;702;22;43;13;2023
7;702;22;4;2;2023
7;702;22;6;5;2023
7;702;22;4;4;2023
7;702;22;2;0;2023
7;702;22;1;1;2023
7;702;22;19;17;2023
7;702;22;19;5;2023
7;702;22;8;7;2023
7;702;22;9;3;2023
7;702;22;11;1;2023
7;702;22;5;2;2023
7;702;34;84;48;2023
7;702;34;38;7;2023
7;702;34;18;7;2023
7;702;34;20;10;2023
7;702;34;17;2;2023
7;702;22;11;6;2023
7;702;22;10;4;2023
7;703;32;19;10;2023
7;703;32;14;3;2023
7;703;32;2;1;2023
7;703;32;6;14;2023
7;703;32;1;2;2023
7;703;32;11;7;2023
7;703;32;11;7;2023
7;703;32;26;7;2023
7;703;32;15;4;2023
7;703;32;688;193;2023
7;703;32;97;22;2023
7;703;32;72;10;2023
7;703;32;30;16;2023
7;703;32;37;6;2023
7;703;32;18;7;2023
7;703;32;85;21;2023
7;703;32;77;11;2023
7;703;32;281;60;2023
7;703;32;276;74;2023
7;703;32;10;2;2023
7;703;32;11;1;2023
7;703;32;4;5;2023
7;703;32;2;3;2023
7;703;32;5;6;2023
7;703;32;43;17;2023
7;703;32;74;10;2023
7;703;32;100;33;2023
7;703;32;108;31;2023
7;703;32;8;8;2023
7;703;32;10;10;2023
7;703;32;5;7;2023
7;703;32;4;4;2023
7;703;32;2;2;2023
7;703;32;19;8;2023
7;703;32;29;11;2023
7;703;71;26;4;2023
7;703;71;20;29;2023
7;703;71;14;27;2023
7;703;71;17;3;2023
7;703;71;60;8;2023
7;703;71;24;28;2023
7;703;71;20;7;2023
7;703;71;95;31;2023
7;703;71;34;9;2023
7;703;71;27;5;2023
7;703;71;22;7;2023
7;703;71;29;12;2023
7;703;71;32;8;2023
7;703;71;18;3;2023
7;703;71;43;12;2023
7;703;71;13;12;2023
7;703;71;40;19;2023
7;703;71;48;17;2023
7;703;71;52;4;2023
7;703;71;34;8;2023
7;703;71;30;5;2023
7;703;71;8;45;2023
7;703;71;18;2;2023
7;703;71;48;9;2023
7;703;71;45;13;2023
7;703;71;21;7;2023
7;703;71;62;11;2023
7;703;71;24;18;2023
7;703;71;43;27;2023
7;703;71;31;6;2023
7;703;71;23;12;2023
7;703;71;15;3;2023
7;703;71;24;12;2023
7;703;71;34;12;2023
7;703;71;27;12;2023
7;703;71;29;14;2023
7;703;71;18;11;2023
7;703;71;15;7;2023
7;703;71;6;0;2023
7;703;71;15;7;2023
7;703;71;11;4;2023
7;703;71;9;2;2023
7;703;71;12;0;2023
7;703;71;25;11;2023
7;703;71;191;89;2023
7;703;71;174;96;2023
7;703;71;190;77;2023
7;703;71;177;91;2023
7;703;71;190;75;2023
7;703;71;154;64;2023
7;703;71;17;8;2023
7;703;71;23;20;2023
7;703;71;16;13;2023
7;703;71;21;1;2023
7;703;71;20;8;2023
7;703;71;38;0;2023
7;703;71;17;14;2023
7;703;71;4;2;2023
7;703;71;31;2;2023
7;703;71;10;1;2023
7;703;71;40;10;2023
7;703;71;14;13;2023
7;703;71;26;10;2023
7;703;71;17;14;2023
7;703;71;21;5;2023
7;703;71;45;11;2023
7;703;71;15;5;2023
7;703;71;24;1;2023
7;703;71;17;5;2023
7;703;71;6;0;2023
7;703;71;7;0;2023
7;703;71;9;5;2023
7;703;71;10;1;2023
7;703;71;11;1;2023
7;703;71;11;2;2023
7;718;31;21;6;2023
7;718;31;12;1;2023
7;718;31;21;7;2023
7;718;34;7;7;2023
7;718;34;18;2;2023
7;718;34;14;8;2023
7;718;34;38;2;2023
7;718;34;15;5;2023
7;718;34;63;8;2023
7;718;34;511;216;2023
7;718;34;247;29;2023
7;718;34;12;9;2023
7;718;34;13;12;2023
7;718;34;11;10;2023
7;718;34;10;3;2023
7;718;34;11;6;2023
7;718;31;58;21;2023
7;718;31;96;27;2023
7;718;34;22;1;2023
7;718;34;24;3;2023
7;718;31;21;9;2023
7;718;31;28;7;2023
7;718;31;15;9;2023
7;718;34;17;6;2023
7;718;31;543;450;2023
7;718;31;187;53;2023
7;718;31;21;13;2023
7;718;31;29;0;2023
7;718;31;60;23;2023
7;718;31;26;8;2023
7;718;31;13;3;2023
7;718;34;19;4;2023
7;718;34;18;5;2023
7;718;34;10;3;2023
7;718;34;8;2;2023
7;718;34;25;8;2023
7;718;34;30;0;2023
7;704;31;31;11;2023
7;704;34;5;3;2023
7;704;31;25;18;2023
7;704;31;17;6;2023
7;704;31;10;1;2023
7;704;34;41;29;2023
7;704;34;45;17;2023
7;704;34;31;19;2023
7;704;31;23;11;2023
7;704;31;25;8;2023
7;704;31;32;16;2023
7;704;31;23;7;2023
7;704;31;20;7;2023
7;704;31;18;6;2023
7;704;31;205;126;2023
7;704;31;120;42;2023
7;704;31;24;5;2023
7;704;31;19;6;2023
7;704;31;1;10;2023
7;704;31;21;9;2023
7;704;31;17;8;2023
7;704;31;42;13;2023
7;704;31;25;3;2023
7;704;31;31;16;2023
7;704;31;26;15;2023
7;704;31;3;6;2023
7;704;31;1;1;2023
7;704;31;21;8;2023
7;704;31;15;1;2023
10;1019;71;30;3;2023
10;1019;71;41;4;2023
10;1019;71;25;3;2023
10;1019;71;34;4;2023
10;1019;71;29;5;2023
10;1019;71;27;4;2023
10;1019;71;21;6;2023
10;1019;71;37;5;2023
10;1019;71;32;4;2023
10;1019;71;29;9;2023
10;1019;71;27;8;2023
10;1019;71;30;4;2023
10;1019;71;40;0;2023
10;1019;71;46;0;2023
10;1019;71;35;0;2023
10;1019;71;8;3;2023
10;1019;71;21;2;2023
10;1019;71;16;2;2023
10;1019;71;14;6;2023
10;1019;71;22;4;2023
10;1019;71;13;6;2023
10;1019;71;13;1;2023
10;1019;71;13;1;2023
10;1018;31;62;19;2023
10;1018;31;18;9;2023
10;1018;42;50;45;2023
10;1018;42;44;44;2023
10;1018;42;27;16;2023
10;1018;34;106;57;2023
10;1018;34;101;22;2023
10;1018;31;48;17;2023
10;1018;31;12;6;2023
10;1018;31;14;3;2023
10;1018;31;19;4;2023
10;1018;31;64;30;2023
10;1018;31;21;7;2023
10;1018;31;8;2;2023
10;1018;31;35;11;2023
10;1018;31;24;4;2023
10;1018;34;16;5;2023
10;1018;34;7;3;2023
10;1018;34;34;3;2023
10;1018;31;216;108;2023
10;1018;31;164;48;2023
10;1018;31;24;10;2023
10;1018;31;106;43;2023
10;1018;31;70;36;2023
10;1018;31;20;3;2023
10;1018;31;5;1;2023
10;1018;31;59;36;2023
10;1018;31;43;21;2023
10;1011;53;12;11;2023
10;1011;53;15;2;2023
10;1011;53;20;8;2023
10;1011;42;9;7;2023
10;1011;42;7;3;2023
10;1011;53;7;11;2023
10;1011;53;19;1;2023
10;1011;53;7;7;2023
10;1011;53;13;14;2023
10;1011;53;13;14;2023
10;1011;53;14;21;2023
10;1011;53;15;14;2023
10;1011;53;36;39;2023
10;1011;53;15;7;2023
10;1011;53;9;4;2023
10;1011;53;31;23;2023
10;1011;53;13;19;2023
10;1011;53;7;7;2023
10;1011;53;50;29;2023
10;1011;53;40;24;2023
10;1011;53;35;29;2023
10;1011;53;41;34;2023
10;1011;53;46;36;2023
10;1011;53;45;29;2023
10;1011;42;43;26;2023
10;1011;42;36;31;2023
10;1011;42;33;28;2023
10;1011;42;26;27;2023
10;1011;42;29;27;2023
10;1011;42;24;22;2023
10;1011;42;11;13;2023
10;1017;42;10;16;2023
10;1017;42;7;0;2023
10;1017;53;4;6;2023
10;1017;53;6;6;2023
10;1017;51;3;4;2023
10;1017;51;1;2;2023
10;1017;51;2;0;2023
10;1017;51;2;0;2023
10;1017;51;2;1;2023
10;1017;51;4;8;2023
10;1017;51;7;1;2023
10;1017;51;3;1;2023
10;1017;51;3;1;2023
10;1017;51;1;1;2023
10;1017;53;2;2;2023
10;1017;42;35;41;2023
10;1017;42;24;42;2023
10;1017;42;37;36;2023
10;1017;42;2;2;2023
10;1017;42;5;5;2023
10;1017;42;2;4;2023
10;1017;42;9;3;2023
10;1017;42;13;3;2023
10;1017;51;25;9;2023
10;1017;51;15;14;2023
10;1017;51;31;13;2023
10;1017;51;37;3;2023
10;1017;51;33;7;2023
10;1017;51;36;2;2023
10;1017;51;4;1;2023
10;1017;51;2;1;2023
10;1017;51;4;0;2023
10;1017;51;6;0;2023
10;1017;51;1;0;2023
10;1017;53;45;24;2023
10;1017;53;38;29;2023
10;1017;53;39;24;2023
10;1017;53;2;4;2023
10;1017;53;6;1;2023
10;1017;53;3;0;2023
10;1017;53;2;3;2023
10;1017;53;4;3;2023
10;1017;53;32;45;2023
10;1017;53;29;33;2023
10;1017;53;34;37;2023
10;1017;52;15;19;2023
10;1017;52;15;15;2023
10;1017;52;10;24;2023
10;1017;51;16;8;2023
10;1017;51;12;9;2023
10;1017;51;9;8;2023
10;1017;53;15;10;2023
10;1017;53;11;5;2023
10;1017;53;6;4;2023
10;1017;53;4;3;2023
10;1017;53;7;1;2023
10;1017;53;9;9;2023
10;1017;53;14;11;2023
10;1015;62;66;17;2023
10;1015;62;34;4;2023
10;1015;53;26;113;2023
10;1015;53;20;99;2023
10;1015;53;64;97;2023
10;1015;53;77;80;2023
10;1015;53;84;62;2023
10;1015;53;54;28;2023
10;1014;31;13;13;2023
10;1014;42;97;79;2023
10;1014;42;84;39;2023
10;1014;34;21;3;2023
10;1014;34;195;78;2023
10;1014;34;56;11;2023
10;1014;34;13;12;2023
10;1014;34;7;4;2023
10;1014;22;9;4;2023
10;1014;22;13;7;2023
10;1014;34;36;11;2023
10;1014;34;25;15;2023
10;1014;34;23;3;2023
10;1014;31;14;7;2023
10;1014;31;373;151;2023
10;1014;31;117;30;2023
10;1014;31;23;11;2023
10;1014;31;65;17;2023
10;1014;31;38;9;2023
10;1014;31;30;11;2023
10;1014;31;39;17;2023
10;1014;31;23;11;2023
10;1014;31;30;5;2023
10;1014;31;24;4;2023
10;1014;34;21;14;2023
10;1013;71;7;1;2023
10;1013;71;65;60;2023
10;1013;71;58;51;2023
10;1013;71;53;44;2023
10;1012;42;40;51;2023
10;1012;42;33;31;2023
10;1012;42;31;42;2023
10;1012;42;32;42;2023
10;1012;42;13;2;2023
10;1012;42;9;11;2023
10;1012;42;8;4;2023
10;1012;42;12;6;2023
10;1012;42;37;31;2023
10;1012;42;38;16;2023
10;1012;42;28;20;2023
10;1012;42;12;4;2023
10;1012;42;11;5;2023
10;1012;42;139;134;2023
10;1012;42;112;98;2023
10;1012;42;174;239;2023
10;1012;42;10;4;2023
10;1012;42;6;0;2023
10;1012;42;13;9;2023
10;1012;42;7;3;2023
10;1012;42;5;9;2023
10;1012;42;7;9;2023
10;1010;51;62;1;2023
10;1010;51;36;1;2023
10;1010;43;27;0;2023
10;1010;31;22;1;2023
10;1010;31;16;2;2023
10;1010;53;6;2;2023
10;1010;43;15;1;2023
10;1010;43;13;2;2023
10;1010;71;23;2;2023
10;1010;71;15;0;2023
10;1010;51;63;1;2023
10;1010;51;35;0;2023
10;1010;51;23;1;2023
10;1010;51;26;1;2023
10;1010;71;29;7;2023
10;1010;71;8;2;2023
10;1010;44;11;4;2023
10;1010;44;6;0;2023
10;1010;44;22;9;2023
10;1010;44;14;2;2023
10;1010;44;14;1;2023
10;1010;43;113;4;2023
10;1010;51;19;0;2023
10;1010;43;7;0;2023
10;1010;51;20;1;2023
10;1010;51;14;2;2023
10;1010;51;57;2;2023
10;1010;51;55;0;2023
10;1010;81;12;1;2023
10;1010;81;11;0;2023
10;1010;44;18;7;2023
10;1010;44;15;1;2023
10;1010;71;31;13;2023
10;1010;71;10;4;2023
10;1010;71;10;4;2023
10;1010;71;26;2;2023
10;1010;71;21;0;2023
10;1009;42;65;53;2023
10;1009;42;40;26;2023
10;1009;42;20;9;2023
10;1009;53;5;18;2023
10;1009;53;7;13;2023
10;1009;34;57;30;2023
10;1009;34;39;5;2023
10;1009;34;16;10;2023
10;1009;53;13;13;2023
10;1009;53;31;68;2023
10;1009;53;18;27;2023
10;1009;53;12;25;2023
10;1009;53;24;12;2023
10;1009;53;23;10;2023
10;1009;53;18;14;2023
10;1009;53;21;8;2023
10;1009;53;15;5;2023
10;1009;53;39;25;2023
10;1009;53;23;15;2023
10;1009;53;7;11;2023
10;1009;82;36;22;2023
10;1009;82;30;13;2023
10;1009;82;14;10;2023
10;1009;53;11;77;2023
10;1009;53;14;54;2023
10;1009;53;4;33;2023
10;1009;82;13;6;2023
10;1009;82;12;1;2023
10;1009;53;16;7;2023
10;1009;53;7;3;2023
10;1009;53;22;18;2023
10;1009;53;17;4;2023
10;1016;83;8;7;2023
10;1016;83;11;8;2023
10;1016;83;17;10;2023
10;1016;83;12;7;2023
10;1016;83;18;30;2023
10;1016;83;5;19;2023
10;1016;83;9;16;2023
10;1016;83;167;226;2023
10;1016;83;108;128;2023
10;1016;83;44;89;2023
10;1016;83;17;20;2023
10;1016;83;34;46;2023
10;1016;83;23;20;2023
10;1016;83;21;20;2023
10;1016;83;15;15;2023
10;1016;83;8;7;2023
10;1016;83;23;14;2023
10;1016;83;8;1;2023
10;1016;83;6;8;2023
10;1008;21;24;2;2023
10;1008;21;36;2;2023
10;1008;21;9;1;2023
10;1008;21;9;1;2023
10;1008;21;7;3;2023
10;1008;21;5;14;2023
10;1008;21;6;11;2023
10;1008;21;11;6;2023
10;1008;21;12;1;2023
10;1008;21;8;0;2023
10;1008;21;10;0;2023
10;1008;21;14;0;2023
10;1008;21;1;5;2023
10;1008;21;4;3;2023
10;1008;21;7;0;2023
10;1008;21;3;1;2023
10;1008;21;15;14;2023
10;1008;21;15;11;2023
10;1008;21;2;2;2023
10;1008;21;34;5;2023
10;1008;21;44;14;2023
10;1008;21;57;6;2023
10;1008;21;50;22;2023
10;1008;21;47;12;2023
10;1008;21;14;4;2023
10;1008;21;12;1;2023
10;1008;21;7;9;2023
10;1008;21;4;7;2023
10;1008;21;113;23;2023
10;1008;21;100;13;2023
10;1008;21;65;6;2023
10;1008;21;15;1;2023
10;1008;21;25;8;2023
10;1008;21;13;3;2023
10;1008;21;8;2;2023
10;1008;21;67;17;2023
10;1008;21;31;7;2023
10;1008;21;10;1;2023
10;1008;21;8;2;2023
10;1008;21;3;1;2023
10;1008;21;15;3;2023
10;1008;21;21;0;2023
10;1008;21;11;1;2023
10;1008;21;8;1;2023
10;1008;21;38;13;2023
10;1008;21;11;0;2023
10;1008;21;3;0;2023
10;1008;21;7;0;2023
10;1008;21;4;0;2023
10;1008;21;99;24;2023
10;1008;21;24;1;2023
10;1008;21;16;1;2023
10;1008;21;15;4;2023
10;1008;21;11;6;2023
10;1008;21;11;2;2023
10;1008;21;5;0;2023
10;1007;21;8;8;2023
10;1007;21;2;6;2023
10;1007;21;4;4;2023
10;1007;21;8;12;2023
10;1007;21;15;5;2023
10;1007;21;16;14;2023
10;1007;21;15;4;2023
10;1007;21;17;4;2023
10;1007;21;7;15;2023
10;1007;21;4;7;2023
10;1007;21;2;8;2023
10;1007;21;6;6;2023
10;1003;22;21;0;2023
10;1003;22;19;5;2023
10;1003;22;17;1;2023
10;1003;22;54;19;2023
10;1003;22;47;12;2023
10;1003;22;23;6;2023
10;1003;22;15;1;2023
10;1003;22;79;13;2023
10;1003;22;59;3;2023
10;1003;22;31;4;2023
10;1003;34;7;5;2023
10;1003;34;6;0;2023
10;1003;52;19;12;2023
10;1003;52;17;1;2023
10;1003;22;25;2;2023
10;1003;22;16;2;2023
10;1003;22;2;0;2023
10;1003;22;4;1;2023
10;1003;22;80;14;2023
10;1003;22;34;7;2023
10;1003;22;32;4;2023
10;1003;22;57;7;2023
10;1003;22;19;2;2023
10;1003;22;13;4;2023
10;1003;22;36;1;2023
10;1003;22;28;5;2023
10;1003;22;15;12;2023
10;1003;34;66;6;2023
10;1003;34;48;7;2023
10;1003;22;215;99;2023
10;1003;22;3;0;2023
10;1003;22;3;1;2023
10;1003;22;10;1;2023
10;1003;22;3;3;2023
10;1003;22;1;0;2023
10;1003;22;15;1;2023
10;1003;22;29;7;2023
10;1003;22;31;11;2023
10;1003;22;3;4;2023
10;1003;22;76;35;2023
10;1003;22;39;13;2023
10;1003;22;14;10;2023
10;1003;22;1;3;2023
10;1003;22;3;2;2023
10;1003;22;6;0;2023
10;1003;22;0;1;2023
10;1003;22;1;0;2023
10;1003;22;25;10;2023
10;1003;22;18;7;2023
10;1003;22;14;2;2023
10;1003;22;12;3;2023
10;1003;34;102;31;2023
10;1003;34;3;1;2023
10;1003;34;1;1;2023
10;1003;34;0;2;2023
10;1003;34;15;5;2023
10;1003;34;4;3;2023
10;1003;34;12;10;2023
10;1003;34;50;16;2023
10;1003;34;20;4;2023
10;1003;22;10;8;2023
10;1003;22;16;0;2023
10;1003;22;9;0;2023
10;1003;22;139;36;2023
10;1003;22;108;29;2023
10;1003;22;50;13;2023
10;1003;22;0;2;2023
10;1003;22;4;2;2023
10;1003;22;1;1;2023
10;1003;22;47;19;2023
10;1003;22;17;4;2023
10;1003;34;48;6;2023
10;1003;34;46;2;2023
10;1003;34;24;5;2023
10;1003;34;25;2;2023
10;1003;22;183;33;2023
10;1003;22;1;0;2023
10;1003;22;7;12;2023
10;1003;22;2;5;2023
10;1003;22;1;2;2023
10;1003;22;44;6;2023
10;1003;22;11;6;2023
10;1003;22;87;16;2023
10;1003;22;54;10;2023
10;1003;22;4;1;2023
10;1003;22;2;6;2023
10;1003;22;3;4;2023
10;1003;22;2;0;2023
10;1003;22;20;6;2023
10;1003;22;12;0;2023
10;1003;22;51;19;2023
10;1003;22;42;15;2023
10;1003;22;19;2;2023
10;1003;22;9;5;2023
10;1003;22;1;4;2023
10;1003;22;3;6;2023
10;1003;22;23;6;2023
10;1003;22;8;6;2023
10;1004;32;17;8;2023
10;1004;32;21;5;2023
10;1004;32;415;125;2023
10;1004;32;310;59;2023
10;1004;32;16;1;2023
10;1004;32;15;2;2023
10;1004;32;154;25;2023
10;1004;32;32;42;2023
10;1004;32;39;38;2023
10;1004;32;21;22;2023
10;1004;32;10;20;2023
10;1004;32;5;5;2023
10;1004;32;56;21;2023
10;1004;32;69;11;2023
10;1004;32;108;21;2023
10;1004;32;19;33;2023
10;1004;32;17;22;2023
10;1004;32;21;23;2023
10;1004;32;8;12;2023
10;1004;32;1;2;2023
10;1004;32;21;7;2023
10;1004;32;27;14;2023
10;1004;32;11;4;2023
10;1004;32;11;4;2023
10;1004;31;11;1;2023
10;1004;32;44;9;2023
10;1004;32;45;13;2023
10;1004;32;54;18;2023
10;1004;32;43;8;2023
10;1004;32;38;8;2023
10;1004;32;35;2;2023
10;1005;71;2;2;2023
10;1005;71;15;6;2023
10;1005;71;0;1;2023
10;1005;71;0;2;2023
10;1005;71;10;1;2023
10;1005;71;5;1;2023
10;1005;71;2;0;2023
10;1005;71;5;3;2023
10;1005;71;10;1;2023
10;1005;71;11;6;2023
10;1005;71;9;6;2023
10;1005;71;4;2;2023
10;1005;71;19;10;2023
10;1005;71;2;2;2023
10;1005;71;15;13;2023
10;1005;71;2;0;2023
10;1005;71;17;2;2023
10;1005;71;13;1;2023
10;1005;71;19;2;2023
10;1005;71;200;82;2023
10;1005;71;200;76;2023
10;1005;71;181;91;2023
10;1005;71;170;126;2023
10;1005;71;145;89;2023
10;1005;71;161;76;2023
10;1005;71;4;4;2023
10;1002;31;14;7;2023
10;1002;31;28;60;2023
10;1002;31;26;104;2023
10;1002;31;19;47;2023
10;1002;31;5;7;2023
10;1002;31;5;6;2023
10;1002;31;24;11;2023
10;1002;31;10;3;2023
10;1002;42;20;12;2023
10;1002;42;8;2;2023
10;1002;42;10;3;2023
10;1002;42;14;2;2023
10;1002;42;22;1;2023
10;1002;42;156;187;2023
10;1002;42;63;38;2023
10;1002;42;40;36;2023
10;1002;34;17;7;2023
10;1002;34;15;11;2023
10;1002;34;523;261;2023
10;1002;34;141;39;2023
10;1002;34;14;6;2023
10;1002;34;13;2;2023
10;1002;34;24;9;2023
10;1002;34;9;0;2023
10;1002;31;0;1;2023
10;1002;31;3;0;2023
10;1002;31;51;9;2023
10;1002;34;18;4;2023
10;1002;34;17;6;2023
10;1002;34;4;6;2023
10;1002;42;16;14;2023
10;1002;42;9;7;2023
10;1002;31;26;1;2023
10;1002;31;3;0;2023
10;1002;31;29;8;2023
10;1002;31;12;2;2023
10;1002;31;17;8;2023
10;1002;31;6;5;2023
10;1002;31;17;4;2023
10;1002;31;20;9;2023
10;1002;31;25;4;2023
10;1002;34;32;44;2023
10;1002;34;53;40;2023
10;1002;34;34;22;2023
10;1002;34;22;12;2023
10;1002;34;19;4;2023
10;1002;31;19;8;2023
10;1002;31;5;5;2023
10;1002;31;10;3;2023
10;1002;31;6;3;2023
10;1002;31;6;1;2023
10;1002;31;8;2;2023
10;1002;31;14;9;2023
10;1002;31;99;24;2023
10;1002;31;84;25;2023
10;1002;31;36;58;2023
10;1002;31;19;50;2023
10;1002;31;14;21;2023
10;1002;31;5;1;2023
10;1002;31;10;1;2023
10;1002;31;49;12;2023
10;1002;31;8;0;2023
10;1002;31;32;5;2023
10;1002;31;28;13;2023
10;1002;34;21;4;2023
10;1002;34;16;2;2023
10;1002;34;31;9;2023
10;1002;34;19;1;2023
10;1002;34;19;7;2023
10;1002;34;16;9;2023
10;1002;31;6;4;2023
10;1002;31;3;0;2023
10;1002;31;14;1;2023
10;1002;31;629;424;2023
10;1002;31;297;91;2023
10;1002;34;40;11;2023
10;1002;42;14;10;2023
10;1002;42;11;6;2023
10;1002;31;37;21;2023
10;1002;31;23;25;2023
10;1002;31;33;26;2023
10;1002;31;15;7;2023
10;1002;31;16;3;2023
10;1002;31;19;6;2023
10;1002;31;26;3;2023
10;1002;31;16;0;2023
10;1002;42;24;20;2023
10;1002;34;31;7;2023
10;1002;31;20;12;2023
10;1002;31;25;7;2023
10;1001;43;35;2;2023
10;1001;43;23;3;2023
10;1001;44;8;1;2023
10;1001;44;15;2;2023
10;1001;43;14;9;2023
10;1001;43;11;1;2023
10;1001;51;4;2;2023
10;1001;53;0;11;2023
10;1001;53;9;11;2023
10;1001;53;20;51;2023
10;1001;53;32;35;2023
10;1001;43;22;3;2023
10;1001;43;41;2;2023
10;1001;43;19;5;2023
10;1001;43;37;4;2023
10;1001;44;4;6;2023
10;1001;44;8;3;2023
10;1001;41;11;8;2023
10;1001;41;23;15;2023
10;1001;41;18;15;2023
10;1001;41;15;7;2023
10;1001;41;7;3;2023
10;1001;41;6;1;2023
10;1001;41;18;6;2023
10;1001;41;20;5;2023
10;1001;41;6;0;2023
10;1001;41;8;2;2023
10;1001;53;22;2;2023
10;1001;44;8;3;2023
10;1001;44;7;0;2023
10;1001;44;9;4;2023
10;1001;44;15;10;2023
10;1001;44;21;23;2023
10;1001;44;16;6;2023
10;1001;44;8;2;2023
10;1001;44;1;0;2023
10;1001;44;13;6;2023
10;1001;44;4;4;2023
10;1001;44;5;5;2023
10;1001;44;25;21;2023
10;1001;44;13;5;2023
10;1001;44;10;3;2023
10;1001;44;6;1;2023
10;1001;44;9;5;2023
10;1001;44;67;7;2023
10;1001;44;18;4;2023
10;1001;44;22;13;2023
10;1001;44;18;8;2023
10;1001;44;9;2;2023
10;1001;44;6;0;2023
10;1001;44;24;7;2023
10;1001;44;8;1;2023
10;1001;44;14;3;2023
10;1001;44;9;1;2023
10;1001;51;8;3;2023
10;1001;51;7;4;2023
10;1001;44;9;0;2023
10;1001;42;16;6;2023
10;1001;42;7;10;2023
10;1001;51;11;5;2023
10;1001;51;12;6;2023
10;1001;43;21;2;2023
10;1001;43;41;16;2023
10;1001;43;30;11;2023
10;1001;43;23;7;2023
10;1001;43;9;0;2023
10;1001;43;44;1;2023
10;1001;43;24;1;2023
10;1001;62;69;22;2023
10;1001;62;37;10;2023
10;1001;53;74;66;2023
10;1001;53;46;57;2023
10;1001;53;111;38;2023
10;1001;53;48;20;2023
10;1001;51;10;0;2023
10;1001;51;8;2;2023
10;1001;51;4;0;2023
10;1001;51;6;2;2023
10;1001;41;16;5;2023
10;1001;41;10;5;2023
10;1001;41;11;3;2023
10;1001;41;10;10;2023
10;1001;41;7;4;2023
10;1001;41;2;1;2023
10;1001;51;13;7;2023
10;1001;51;8;3;2023
10;1001;44;32;15;2023
10;1001;44;3;0;2023
10;1001;44;8;0;2023
10;1001;44;6;0;2023
10;1001;44;2;0;2023
10;1001;44;3;0;2023
10;1001;44;8;2;2023
10;1001;44;7;1;2023
10;1001;43;46;9;2023
10;1001;43;19;6;2023
10;1001;43;13;0;2023
10;1001;43;6;0;2023
10;1001;43;4;0;2023
10;1001;44;5;3;2023
10;1001;44;12;1;2023
10;1001;42;37;81;2023
10;1001;42;47;59;2023
10;1001;42;25;35;2023
10;1001;42;8;25;2023
10;1001;42;7;3;2023
10;1001;42;6;1;2023
10;1001;42;19;35;2023
10;1001;42;17;23;2023
10;1001;43;42;2;2023
10;1001;43;36;4;2023
10;1001;43;11;2;2023
10;1001;44;2;1;2023
10;1001;44;0;3;2023
10;1001;44;23;12;2023
10;1001;44;15;3;2023
10;1001;44;23;3;2023
10;1001;44;8;0;2023
10;1001;44;7;0;2023
10;1001;44;11;0;2023
10;1001;44;7;2;2023
10;1001;44;12;0;2023
10;1001;44;10;1;2023
10;1001;44;10;1;2023
10;1001;44;5;0;2023
10;1001;42;9;9;2023
10;1001;42;59;69;2023
10;1001;42;40;27;2023
10;1001;42;11;11;2023
10;1006;31;16;9;2023
10;1006;31;28;6;2023
10;1006;34;70;33;2023
10;1006;34;9;0;2023
10;1006;34;12;2;2023
10;1006;31;21;9;2023
10;1006;31;35;20;2023
10;1006;31;17;3;2023
10;1006;31;9;0;2023
10;1006;31;19;4;2023
10;1006;31;18;8;2023
10;1006;31;13;7;2023
10;1006;31;9;0;2023
10;1006;31;17;4;2023
10;1006;31;76;34;2023
10;1006;31;18;1;2023
10;1006;31;11;1;2023
10;1006;31;44;14;2023
10;1006;31;37;22;2023
10;1006;31;15;7;2023
10;1006;31;305;132;2023
10;1006;31;113;27;2023
10;1006;34;12;5;2023
10;1006;31;8;2;2023
10;1006;31;18;7;2023
11;1115;53;33;20;2023
11;1115;53;23;17;2023
11;1115;53;28;13;2023
11;1115;51;14;1;2023
11;1115;51;17;4;2023
11;1115;53;10;4;2023
11;1115;53;23;9;2023
11;1115;53;28;10;2023
11;1115;53;15;6;2023
11;1115;53;14;2;2023
11;1115;53;33;22;2023
11;1115;53;24;19;2023
11;1115;53;20;16;2023
11;1115;53;14;5;2023
11;1115;53;8;4;2023
11;1115;51;17;6;2023
11;1115;51;19;6;2023
11;1115;51;32;6;2023
11;1115;51;28;1;2023
11;1115;51;17;2;2023
11;1115;51;3;1;2023
11;1115;51;4;1;2023
11;1115;51;4;1;2023
11;1115;52;26;21;2023
11;1115;52;20;25;2023
11;1115;52;17;15;2023
11;1115;53;3;16;2023
11;1115;53;3;15;2023
11;1115;53;7;13;2023
11;1115;53;14;8;2023
11;1115;53;7;3;2023
11;1115;53;5;5;2023
11;1115;53;4;8;2023
11;1115;53;16;8;2023
11;1115;53;14;7;2023
11;1116;53;46;9;2023
11;1116;53;20;3;2023
11;1116;53;92;29;2023
11;1116;53;33;15;2023
11;1116;53;61;58;2023
11;1116;53;26;27;2023
11;1116;53;32;66;2023
11;1116;53;21;40;2023
11;1113;71;47;41;2023
11;1113;71;46;32;2023
11;1113;71;53;33;2023
11;1113;62;11;3;2023
11;1113;62;5;2;2023
11;1113;62;3;2;2023
11;1113;44;8;7;2023
11;1113;44;10;0;2023
11;1113;44;11;1;2023
11;1113;44;6;0;2023
11;1113;44;11;0;2023
11;1113;44;7;0;2023
11;1113;53;13;19;2023
11;1113;53;19;14;2023
11;1113;53;6;8;2023
11;1113;44;12;7;2023
11;1113;44;11;4;2023
11;1113;44;15;9;2023
11;1113;44;18;6;2023
11;1113;44;11;5;2023
11;1113;44;9;6;2023
11;1113;21;8;3;2023
11;1113;62;12;8;2023
11;1113;62;5;0;2023
11;1113;62;6;3;2023
11;1111;42;14;13;2023
11;1111;42;10;3;2023
11;1111;53;11;6;2023
11;1111;53;8;1;2023
11;1111;42;94;66;2023
11;1111;42;14;10;2023
11;1111;42;11;5;2023
11;1111;53;27;15;2023
11;1111;53;26;5;2023
11;1111;53;4;5;2023
11;1111;42;19;11;2023
11;1111;42;10;9;2023
11;1110;42;39;46;2023
11;1110;42;34;41;2023
11;1110;42;23;23;2023
11;1110;42;9;9;2023
11;1110;42;9;4;2023
11;1110;53;8;6;2023
11;1110;53;16;3;2023
11;1110;42;19;10;2023
11;1110;42;6;7;2023
11;1110;42;66;30;2023
11;1110;42;36;9;2023
11;1110;42;22;8;2023
11;1110;42;16;7;2023
11;1110;42;19;3;2023
11;1110;42;11;5;2023
11;1110;42;12;10;2023
11;1110;42;9;3;2023
11;1110;42;107;114;2023
11;1110;42;59;36;2023
11;1110;42;41;25;2023
11;1110;42;106;78;2023
11;1110;42;39;26;2023
11;1110;42;20;3;2023
11;1109;43;74;4;2023
11;1109;43;58;0;2023
11;1109;51;40;2;2023
11;1109;51;23;0;2023
11;1109;51;20;1;2023
11;1109;62;11;2;2023
11;1109;62;5;3;2023
11;1109;43;11;0;2023
11;1109;43;8;0;2023
11;1114;31;22;3;2023
11;1114;31;36;3;2023
11;1114;31;33;7;2023
11;1114;42;177;120;2023
11;1114;42;118;43;2023
11;1114;42;36;17;2023
11;1114;42;21;3;2023
11;1114;42;12;4;2023
11;1114;42;39;13;2023
11;1114;34;197;50;2023
11;1114;34;133;23;2023
11;1114;22;35;5;2023
11;1114;34;8;6;2023
11;1114;42;19;4;2023
11;1114;42;10;7;2023
11;1114;34;33;6;2023
11;1114;34;20;7;2023
11;1114;34;18;2;2023
11;1114;31;34;3;2023
11;1114;31;20;1;2023
11;1114;31;31;9;2023
11;1114;31;392;132;2023
11;1114;31;152;31;2023
11;1114;31;30;5;2023
11;1114;31;28;2;2023
11;1114;31;30;10;2023
11;1114;31;34;7;2023
11;1114;31;27;3;2023
11;1114;34;13;6;2023
11;1114;31;97;16;2023
11;1114;31;84;8;2023
11;1114;34;36;3;2023
11;1114;34;12;1;2023
11;1114;42;20;11;2023
11;1114;42;15;6;2023
11;1114;31;27;3;2023
11;1114;31;28;3;2023
11;1107;32;12;2;2023
11;1107;32;16;1;2023
11;1107;32;312;75;2023
11;1107;32;126;24;2023
11;1107;32;82;7;2023
11;1107;32;20;3;2023
11;1107;32;31;1;2023
11;1107;32;19;3;2023
11;1107;32;25;5;2023
11;1107;32;12;5;2023
11;1107;32;18;4;2023
11;1108;11;30;10;2023
11;1108;11;16;1;2023
11;1108;22;15;4;2023
11;1108;22;6;0;2023
11;1108;22;11;3;2023
11;1108;11;145;12;2023
11;1108;11;147;13;2023
11;1108;11;76;7;2023
11;1108;22;75;21;2023
11;1108;22;51;8;2023
11;1108;22;40;4;2023
11;1108;22;20;3;2023
11;1108;22;11;0;2023
11;1108;22;15;2;2023
11;1108;22;65;8;2023
11;1108;22;56;6;2023
11;1108;22;30;3;2023
11;1108;83;23;12;2023
11;1108;83;10;3;2023
11;1106;51;24;2;2023
11;1106;51;15;2;2023
11;1106;53;15;40;2023
11;1106;53;22;21;2023
11;1106;53;22;14;2023
11;1106;52;24;23;2023
11;1106;52;20;17;2023
11;1106;53;9;13;2023
11;1106;53;33;12;2023
11;1106;53;17;3;2023
11;1106;53;11;2;2023
11;1106;53;15;62;2023
11;1106;53;11;9;2023
11;1106;53;5;11;2023
11;1106;53;14;19;2023
11;1106;53;6;15;2023
11;1106;53;9;19;2023
11;1106;44;28;8;2023
11;1106;44;15;1;2023
11;1106;44;12;1;2023
11;1106;51;14;2;2023
11;1106;51;11;0;2023
11;1106;51;12;0;2023
11;1106;51;9;0;2023
11;1106;53;13;11;2023
11;1106;52;34;41;2023
11;1106;52;17;14;2023
11;1106;52;12;12;2023
11;1106;52;15;13;2023
11;1106;52;12;13;2023
11;1105;22;23;8;2023
11;1105;22;9;3;2023
11;1105;22;11;1;2023
11;1105;22;33;4;2023
11;1105;22;37;6;2023
11;1105;22;23;3;2023
11;1105;22;22;2;2023
11;1105;22;25;4;2023
11;1105;22;16;0;2023
11;1105;22;39;2;2023
11;1105;22;42;4;2023
11;1105;22;14;1;2023
11;1105;22;18;2;2023
11;1105;22;12;2;2023
11;1105;22;16;0;2023
11;1105;22;13;0;2023
11;1105;22;65;11;2023
11;1105;22;17;1;2023
11;1105;22;38;4;2023
11;1105;22;94;9;2023
11;1105;22;47;5;2023
11;1105;22;32;2;2023
11;1105;22;116;35;2023
11;1105;22;52;21;2023
11;1105;22;47;16;2023
11;1105;22;16;7;2023
11;1105;22;13;4;2023
11;1105;22;14;2;2023
11;1105;22;9;4;2023
11;1105;11;150;17;2023
11;1105;11;267;34;2023
11;1105;11;154;18;2023
11;1104;34;24;2;2023
11;1104;34;18;3;2023
11;1104;34;36;5;2023
11;1104;11;211;24;2023
11;1104;11;190;21;2023
11;1104;11;89;11;2023
11;1104;21;11;1;2023
11;1104;21;8;0;2023
11;1104;21;47;5;2023
11;1104;21;12;1;2023
11;1104;21;5;2;2023
11;1104;21;4;2;2023
11;1104;21;25;3;2023
11;1104;21;13;3;2023
11;1104;21;19;0;2023
11;1104;21;15;1;2023
11;1103;22;9;1;2023
11;1103;22;12;3;2023
11;1103;21;83;13;2023
11;1103;21;21;5;2023
11;1103;21;5;1;2023
11;1103;21;18;1;2023
11;1103;21;3;0;2023
11;1103;21;20;1;2023
11;1103;21;13;2;2023
11;1103;21;7;4;2023
11;1103;21;6;3;2023
11;1103;21;6;2;2023
11;1103;21;4;1;2023
11;1103;21;5;5;2023
11;1103;21;43;19;2023
11;1103;21;17;5;2023
11;1103;21;8;3;2023
11;1103;21;17;4;2023
11;1103;21;8;4;2023
11;1103;21;142;7;2023
11;1103;21;101;6;2023
11;1103;21;66;7;2023
11;1103;21;19;3;2023
11;1103;21;22;2;2023
11;1103;22;16;5;2023
11;1103;22;8;4;2023
11;1103;22;3;0;2023
11;1103;21;12;2;2023
11;1103;21;13;0;2023
11;1103;21;16;3;2023
11;1103;21;10;1;2023
11;1103;21;6;2;2023
11;1103;21;10;7;2023
11;1103;21;10;4;2023
11;1103;21;24;5;2023
11;1103;21;19;3;2023
11;1102;53;11;14;2023
11;1102;53;4;13;2023
11;1102;53;9;8;2023
11;1102;53;9;8;2023
11;1102;53;7;11;2023
11;1102;53;8;3;2023
11;1102;53;39;37;2023
11;1102;53;11;9;2023
11;1102;53;11;10;2023
11;1102;53;9;10;2023
11;1102;53;8;14;2023
11;1102;53;18;10;2023
11;1102;53;11;6;2023
11;1102;53;13;13;2023
11;1102;53;13;8;2023
11;1102;53;8;5;2023
11;1102;53;10;8;2023
11;1102;53;39;84;2023
11;1102;53;12;2;2023
11;1102;53;5;13;2023
11;1102;53;7;10;2023
11;1102;53;10;12;2023
11;1102;53;4;10;2023
11;1102;53;17;5;2023
11;1102;53;11;13;2023
11;1101;53;48;71;2023
11;1101;53;15;6;2023
11;1101;53;11;9;2023
11;1101;42;6;11;2023
11;1101;42;7;2;2023
11;1101;43;96;8;2023
11;1101;43;69;1;2023
11;1101;43;59;2;2023
11;1101;43;10;0;2023
11;1101;43;15;0;2023
11;1101;53;57;46;2023
11;1101;53;10;7;2023
11;1101;53;5;0;2023
11;1101;44;12;2;2023
11;1101;44;6;1;2023
11;1101;44;9;2;2023
11;1101;44;13;3;2023
11;1101;44;12;5;2023
11;1101;44;32;5;2023
11;1101;44;11;0;2023
11;1101;44;13;0;2023
11;1101;44;21;5;2023
11;1101;44;16;0;2023
11;1101;44;22;2;2023
11;1101;44;1;0;2023
11;1101;44;6;0;2023
11;1101;44;14;0;2023
11;1101;44;15;1;2023
11;1101;43;5;2;2023
11;1101;43;6;1;2023
11;1101;43;7;2;2023
11;1101;43;2;0;2023
11;1101;43;2;0;2023
11;1101;43;12;0;2023
11;1101;44;12;1;2023
11;1101;44;6;1;2023
11;1101;44;10;2;2023
11;1101;44;6;2;2023
11;1101;41;8;6;2023
11;1101;41;6;5;2023
11;1101;41;11;9;2023
11;1101;41;3;0;2023
11;1101;41;2;1;2023
11;1101;41;2;0;2023
11;1101;41;2;2;2023
11;1101;41;1;0;2023
11;1101;41;5;5;2023
11;1101;41;6;1;2023
11;1101;42;10;7;2023
11;1101;42;6;0;2023
11;1101;44;10;1;2023
11;1101;42;89;85;2023
11;1101;42;13;29;2023
11;1101;42;22;7;2023
11;1101;43;75;2;2023
11;1101;43;70;3;2023
11;1101;43;26;1;2023
11;1101;43;14;1;2023
11;1101;43;9;2;2023
11;1101;43;6;0;2023
11;1101;44;45;7;2023
11;1101;44;54;1;2023
11;1101;44;30;6;2023
11;1101;44;1;0;2023
11;1101;44;4;4;2023
11;1101;44;5;3;2023
11;1101;44;2;0;2023
11;1101;44;3;1;2023
11;1101;44;10;2;2023
11;1101;44;5;4;2023
11;1101;44;3;0;2023
11;1101;44;1;0;2023
12;1210;51;14;1;2023
12;1210;51;20;7;2023
12;1210;51;32;6;2023
12;1210;53;14;8;2023
12;1210;53;8;11;2023
12;1210;53;6;16;2023
12;1210;53;14;3;2023
12;1210;53;16;9;2023
12;1210;53;22;10;2023
12;1209;53;34;79;2023
12;1209;53;16;34;2023
12;1209;53;25;23;2023
12;1209;53;7;11;2023
12;1209;53;57;18;2023
12;1209;53;29;8;2023
12;1208;31;16;6;2023
12;1208;34;51;15;2023
12;1208;34;25;8;2023
12;1208;32;11;3;2023
12;1208;31;21;10;2023
12;1208;31;23;4;2023
12;1208;31;32;19;2023
12;1208;31;51;33;2023
12;1208;31;14;7;2023
12;1208;31;57;6;2023
12;1208;31;42;9;2023
12;1208;31;40;8;2023
12;1208;31;24;0;2023
12;1208;31;296;119;2023
12;1208;31;151;46;2023
12;1208;42;19;9;2023
12;1208;42;8;4;2023
12;1208;31;27;11;2023
12;1208;31;18;8;2023
12;1208;42;81;40;2023
12;1208;42;54;23;2023
12;1208;42;22;8;2023
12;1208;34;10;4;2023
12;1208;34;47;15;2023
12;1208;34;19;5;2023
12;1207;11;388;74;2023
12;1207;11;360;58;2023
12;1207;11;202;38;2023
12;1207;11;35;10;2023
12;1206;11;106;13;2023
12;1206;11;116;29;2023
12;1206;11;72;10;2023
12;1206;22;17;2;2023
12;1206;22;11;10;2023
12;1206;22;17;2;2023
12;1205;22;33;23;2023
12;1205;22;12;10;2023
12;1205;22;9;5;2023
12;1205;22;160;31;2023
12;1205;22;97;14;2023
12;1205;22;97;18;2023
12;1205;22;17;5;2023
12;1205;22;15;3;2023
12;1205;34;87;15;2023
12;1205;34;142;16;2023
12;1205;22;86;44;2023
12;1205;22;33;21;2023
12;1205;22;12;2;2023
12;1205;22;10;1;2023
12;1205;22;125;22;2023
12;1205;22;28;11;2023
12;1205;22;18;0;2023
12;1205;22;27;5;2023
12;1205;22;18;8;2023
12;1205;22;13;1;2023
12;1204;83;12;39;2023
12;1204;83;6;33;2023
12;1204;83;11;11;2023
12;1204;83;47;64;2023
12;1204;83;33;87;2023
12;1204;83;29;26;2023
12;1204;83;14;18;2023
12;1204;83;18;16;2023
12;1204;83;10;10;2023
12;1204;83;113;194;2023
12;1203;53;12;12;2023
12;1203;53;8;2;2023
12;1203;53;14;5;2023
12;1203;53;3;3;2023
12;1203;53;6;5;2023
12;1203;53;7;12;2023
12;1203;53;6;6;2023
12;1203;53;5;16;2023
12;1203;53;1;6;2023
12;1203;42;13;15;2023
12;1203;53;7;25;2023
12;1203;42;6;12;2023
12;1203;42;8;2;2023
12;1203;53;6;15;2023
12;1203;53;0;9;2023
12;1203;53;5;15;2023
12;1203;53;5;14;2023
12;1203;42;8;16;2023
12;1203;42;8;5;2023
12;1203;53;26;16;2023
12;1203;53;20;14;2023
12;1203;53;11;7;2023
12;1203;42;4;8;2023
12;1203;42;43;33;2023
12;1203;42;12;8;2023
12;1202;21;11;5;2023
12;1202;21;10;3;2023
12;1202;21;5;0;2023
12;1202;21;3;3;2023
12;1202;21;16;7;2023
12;1202;21;60;13;2023
12;1202;21;11;3;2023
12;1202;21;23;5;2023
12;1202;21;4;0;2023
12;1202;21;4;0;2023
12;1202;21;20;1;2023
12;1202;21;17;5;2023
12;1202;21;14;7;2023
12;1202;21;9;15;2023
12;1202;21;3;1;2023
12;1202;21;7;2;2023
12;1202;21;10;3;2023
12;1202;21;13;4;2023
12;1201;42;11;12;2023
12;1201;42;80;81;2023
12;1201;42;32;30;2023
12;1201;42;12;12;2023
12;1201;42;8;4;2023
12;1201;53;13;24;2023
12;1201;53;6;15;2023
12;1201;53;5;7;2023
12;1201;53;9;5;2023
12;1201;53;14;4;2023
12;1201;43;100;8;2023
12;1201;43;73;1;2023
12;1201;43;53;2;2023
12;1201;43;3;1;2023
12;1201;43;4;2;2023
12;1201;43;5;4;2023
12;1201;43;3;2;2023
12;1201;43;30;2;2023
12;1201;43;16;3;2023
12;1201;43;17;3;2023
12;1201;43;16;0;2023
12;1201;43;10;2;2023
12;1201;44;6;1;2023
12;1201;44;3;0;2023
12;1201;44;8;2;2023
12;1201;44;4;0;2023
12;1201;44;2;1;2023
12;1201;44;5;4;2023
12;1201;44;2;3;2023
12;1201;44;4;3;2023
12;1201;44;2;5;2023
12;1201;44;13;2;2023
12;1201;44;8;1;2023
12;1201;44;17;1;2023
12;1201;44;9;0;2023
12;1201;44;10;2;2023
12;1201;44;1;3;2023
12;1201;44;6;0;2023
12;1201;44;2;3;2023
12;1201;44;7;2;2023
12;1201;44;3;0;2023
12;1201;44;10;5;2023
12;1201;44;9;3;2023
12;1201;44;11;4;2023
12;1201;44;9;2;2023
12;1201;53;38;21;2023
12;1201;53;25;7;2023
12;1201;53;16;5;2023
12;1201;53;10;16;2023
12;1201;53;4;3;2023
12;1201;53;8;15;2023
12;1201;53;9;13;2023
12;1201;53;8;8;2023
12;1201;53;10;5;2023
12;1201;53;6;6;2023
12;1201;53;3;8;2023
12;1201;53;4;8;2023
12;1201;43;14;1;2023
12;1201;44;17;3;2023
12;1201;44;10;5;2023
12;1201;44;19;2;2023
12;1201;41;5;7;2023
12;1201;41;6;7;2023
12;1201;41;9;10;2023
12;1201;41;5;17;2023
12;1201;41;2;5;2023
12;1201;41;7;4;2023
12;1201;41;7;0;2023
12;1201;41;3;2;2023
12;1201;41;11;13;2023
12;1201;41;2;2;2023
12;1201;44;4;6;2023
12;1201;43;38;2;2023
12;1201;42;12;7;2023
12;1201;42;6;3;2023
12;1201;44;6;3;2023
12;1201;43;39;5;2023
12;1201;43;26;4;2023
12;1201;43;25;4;2023
12;1201;44;8;3;2023
12;1201;44;1;2;2023
12;1201;53;14;19;2023
12;1201;53;7;11;2023
5;513;21;15;2;2023
5;513;21;13;2;2023
5;513;21;9;7;2023
5;513;21;7;2;2023
5;513;21;3;0;2023
5;513;21;7;0;2023
5;513;21;1;1;2023
5;513;21;19;2;2023
5;513;21;16;2;2023
5;513;21;93;18;2023
5;513;21;33;5;2023
5;513;21;30;4;2023
5;513;21;63;65;2023
5;513;21;13;3;2023
5;513;21;8;2;2023
5;513;21;70;34;2023
5;513;21;64;15;2023
5;513;21;37;13;2023
5;513;21;8;5;2023
5;513;21;6;1;2023
5;513;42;17;5;2023
5;513;21;39;19;2023
5;513;21;30;7;2023
5;513;21;28;28;2023
5;513;21;26;13;2023
5;513;21;11;7;2023
5;513;21;8;4;2023
5;513;21;10;3;2023
5;513;21;6;2;2023
5;513;21;83;11;2023
5;513;21;57;9;2023
5;512;42;105;149;2023
5;512;42;87;98;2023
5;512;42;16;7;2023
5;512;42;20;14;2023
5;512;42;22;13;2023
5;512;31;32;21;2023
5;512;31;17;12;2023
5;512;31;16;6;2023
5;512;42;22;4;2023
5;512;42;15;8;2023
5;512;31;32;19;2023
5;512;42;9;14;2023
5;512;42;4;2;2023
5;512;42;22;17;2023
5;512;42;6;12;2023
5;512;31;42;26;2023
5;512;31;30;5;2023
5;512;42;20;30;2023
5;511;31;27;13;2023
5;511;31;15;4;2023
5;511;42;27;8;2023
5;511;42;19;6;2023
5;511;34;12;8;2023
5;511;34;29;7;2023
5;511;34;13;11;2023
5;511;31;20;9;2023
5;511;31;2;0;2023
5;511;31;2;11;2023
5;511;31;1;4;2023
5;511;31;0;1;2023
5;511;31;1;1;2023
5;511;42;22;3;2023
5;511;34;13;4;2023
5;511;34;15;6;2023
5;511;34;14;5;2023
5;511;34;9;10;2023
5;511;34;32;14;2023
5;511;31;17;9;2023
5;511;31;29;7;2023
5;511;31;17;10;2023
5;511;31;33;5;2023
5;511;31;22;10;2023
5;511;31;23;4;2023
5;511;31;31;5;2023
5;511;31;27;13;2023
5;511;31;19;8;2023
5;511;34;136;64;2023
5;511;34;109;30;2023
5;511;34;11;13;2023
5;511;34;15;8;2023
5;511;34;6;4;2023
5;511;34;2;2;2023
5;511;34;3;0;2023
5;511;31;17;16;2023
5;511;31;23;8;2023
5;511;31;8;2;2023
5;511;34;19;6;2023
5;511;34;21;4;2023
5;511;31;30;6;2023
5;511;31;21;6;2023
5;511;31;59;20;2023
5;511;31;8;1;2023
5;511;31;6;2;2023
5;511;31;7;7;2023
5;511;31;4;1;2023
5;511;31;7;2;2023
5;511;31;17;3;2023
5;511;31;11;4;2023
5;511;42;22;11;2023
5;511;31;241;148;2023
5;511;31;183;90;2023
5;511;31;105;47;2023
5;511;31;20;6;2023
5;511;31;17;9;2023
5;511;31;7;10;2023
5;511;31;14;0;2023
5;511;31;4;2;2023
5;511;31;16;9;2023
5;511;31;20;3;2023
5;511;34;25;7;2023
5;510;42;88;112;2023
5;510;42;72;125;2023
5;510;42;75;89;2023
5;510;42;28;9;2023
5;510;42;29;10;2023
5;510;42;23;5;2023
5;510;42;32;9;2023
5;510;42;18;10;2023
5;510;42;18;7;2023
5;510;42;22;17;2023
5;504;61;50;13;2023
5;504;61;33;13;2023
5;504;61;40;14;2023
5;504;61;45;12;2023
5;514;53;23;3;2023
5;514;53;14;6;2023
5;505;42;9;3;2023
5;505;42;49;49;2023
5;505;21;14;32;2023
5;505;21;4;10;2023
5;505;21;2;4;2023
5;505;42;5;22;2023
5;505;42;5;12;2023
5;505;21;91;86;2023
5;505;21;64;60;2023
5;505;21;45;45;2023
5;505;21;3;7;2023
5;505;21;2;4;2023
5;505;21;1;4;2023
5;505;21;1;4;2023
5;505;21;3;6;2023
5;505;21;5;3;2023
5;505;21;9;3;2023
5;505;21;1;6;2023
5;505;21;11;10;2023
5;505;21;5;8;2023
5;505;42;72;86;2023
5;505;42;37;45;2023
5;505;42;35;19;2023
5;505;42;35;30;2023
5;505;42;37;22;2023
5;505;42;22;30;2023
5;505;42;25;31;2023
5;505;42;16;10;2023
5;505;42;25;8;2023
5;504;43;112;6;2023
5;504;43;11;4;2023
5;504;43;6;1;2023
5;504;43;11;3;2023
5;504;43;47;1;2023
5;504;43;26;3;2023
5;504;43;26;1;2023
5;504;43;19;4;2023
5;504;43;12;0;2023
5;504;43;9;2;2023
5;504;43;19;7;2023
5;504;43;17;4;2023
5;504;43;51;3;2023
5;504;43;39;0;2023
5;504;43;72;1;2023
5;504;43;30;1;2023
5;504;43;69;10;2023
5;504;43;13;1;2023
5;504;43;15;0;2023
5;503;72;43;6;2023
5;503;72;43;6;2023
5;503;72;49;7;2023
5;503;72;23;0;2023
5;503;72;26;5;2023
5;503;72;35;0;2023
5;503;72;20;1;2023
5;508;33;24;1;2023
5;508;33;57;12;2023
5;508;33;28;4;2023
5;508;33;40;7;2023
5;508;33;22;3;2023
5;508;33;32;4;2023
5;508;33;20;2;2023
5;508;33;28;3;2023
5;508;33;28;1;2023
5;508;33;9;1;2023
5;508;33;12;0;2023
5;508;33;60;13;2023
5;508;33;17;1;2023
5;508;33;0;2;2023
5;508;33;7;1;2023
5;507;83;13;27;2023
5;507;83;6;33;2023
5;507;83;21;40;2023
5;507;83;4;8;2023
5;507;83;167;204;2023
5;507;83;144;260;2023
5;507;83;33;30;2023
5;507;83;18;9;2023
5;507;83;21;18;2023
5;507;83;6;21;2023
5;507;83;154;350;2023
5;507;83;17;35;2023
5;507;83;8;23;2023
5;506;31;20;9;2023
5;506;31;10;5;2023
5;506;31;23;13;2023
5;506;31;15;8;2023
5;506;31;41;27;2023
5;506;31;31;4;2023
5;506;31;26;15;2023
5;506;31;5;6;2023
5;506;31;1;6;2023
5;506;31;7;10;2023
5;506;31;0;1;2023
5;506;31;4;1;2023
5;506;31;21;14;2023
5;506;31;7;1;2023
5;506;31;18;12;2023
5;506;31;14;7;2023
5;506;31;26;8;2023
5;506;31;28;3;2023
5;506;31;24;6;2023
5;506;31;100;38;2023
5;506;31;79;28;2023
5;506;31;7;17;2023
5;506;31;11;18;2023
5;506;31;8;35;2023
5;506;31;1;2;2023
5;506;31;10;2;2023
5;506;31;39;5;2023
5;506;31;8;6;2023
5;506;31;51;18;2023
5;506;31;40;9;2023
5;506;31;55;22;2023
5;506;31;35;16;2023
5;506;31;617;289;2023
5;506;31;103;52;2023
5;506;31;142;75;2023
5;506;31;194;68;2023
5;506;31;48;20;2023
5;506;31;59;26;2023
5;506;31;43;16;2023
5;501;21;11;6;2023
5;501;21;12;1;2023
5;501;22;37;2;2023
5;501;22;23;3;2023
5;501;22;38;0;2023
5;501;22;11;3;2023
5;501;22;14;0;2023
5;501;34;56;27;2023
5;501;34;45;13;2023
5;501;34;28;11;2023
5;501;22;5;4;2023
5;501;22;23;5;2023
5;501;22;11;0;2023
5;501;22;61;13;2023
5;501;22;18;1;2023
5;501;22;10;1;2023
5;501;22;14;2;2023
5;501;22;12;2;2023
5;501;22;15;2;2023
5;501;22;9;5;2023
5;501;22;6;2;2023
5;501;22;252;85;2023
5;501;22;135;41;2023
5;501;22;141;30;2023
5;501;22;16;13;2023
5;501;22;15;31;2023
5;501;22;5;9;2023
5;501;22;58;11;2023
5;501;22;33;9;2023
5;501;22;74;24;2023
5;501;22;49;7;2023
5;501;22;115;27;2023
5;501;22;32;2;2023
5;501;22;36;3;2023
5;501;22;8;3;2023
5;501;22;10;3;2023
5;501;22;52;5;2023
5;501;22;9;1;2023
5;501;22;65;11;2023
5;501;22;31;4;2023
5;501;22;26;2;2023
5;501;22;28;1;2023
5;501;22;9;3;2023
5;501;22;215;46;2023
5;501;22;153;24;2023
5;501;22;123;18;2023
5;501;22;16;13;2023
5;501;22;15;31;2023
5;501;22;5;9;2023
5;501;22;91;27;2023
5;501;22;35;16;2023
5;501;22;86;18;2023
5;501;22;31;4;2023
5;501;34;20;10;2023
5;501;34;4;1;2023
5;501;22;17;4;2023
5;501;22;15;0;2023
5;501;22;89;26;2023
5;501;22;22;7;2023
5;501;22;25;4;2023
5;501;22;10;2;2023
5;501;22;25;4;2023
5;501;22;8;2;2023
5;501;22;10;1;2023
5;501;22;46;10;2023
5;501;22;51;5;2023
5;501;34;103;34;2023
5;501;34;25;5;2023
5;501;34;25;5;2023
5;501;34;34;24;2023
5;501;34;31;9;2023
5;501;34;23;2;2023
5;501;34;14;9;2023
5;501;34;13;2;2023
5;501;22;9;5;2023
5;501;22;13;4;2023
5;501;22;20;5;2023
5;501;22;13;2;2023
5;502;33;12;9;2023
5;502;33;7;3;2023
5;502;33;42;14;2023
5;502;33;35;5;2023
5;502;33;26;4;2023
5;502;33;6;5;2023
5;502;33;19;5;2023
5;502;33;14;10;2023
5;502;33;11;2;2023
5;502;33;39;23;2023
5;502;33;38;7;2023
5;502;33;37;8;2023
5;502;43;0;0;2023
5;502;43;0;0;2023
5;502;43;0;0;2023
5;502;43;4;3;2023
5;502;43;0;1;2023
5;502;33;2;5;2023
5;502;33;0;0;2023
5;502;33;0;1;2023
13;1302;53;0;0;2023
13;1306;42;0;1;2023
13;1306;42;0;1;2023
13;1306;53;0;2;2023
13;1306;53;0;2;2023
13;1307;31;0;0;2023
13;1307;31;0;0;2023
13;1307;53;0;0;2023
13;1307;53;0;1;2023
13;1307;53;0;0;2023
13;1307;42;0;0;2023
13;1307;42;0;0;2023
13;1307;42;0;0;2023
13;1307;53;0;0;2023
13;1307;53;0;0;2023
13;1308;31;3;1;2023
13;1308;31;0;0;2023
13;1308;42;1;7;2023
13;1308;53;0;2;2023
13;1308;53;0;4;2023
13;1308;31;1;0;2023
13;1308;42;0;0;2023
13;1308;53;1;6;2023
13;1308;53;0;2;2023
13;1308;53;0;1;2023
13;1309;31;1;1;2023
13;1309;53;0;0;2023
13;1309;31;1;1;2023
13;1309;31;2;0;2023
13;1309;42;1;1;2023
13;1309;51;0;0;2023
13;1309;51;0;0;2023
13;1309;53;0;0;2023
13;1309;53;0;2;2023
13;1309;53;0;0;2023
13;1309;53;0;0;2023
13;1309;53;0;0;2023
13;1309;53;0;0;2023
13;1309;53;0;0;2023
13;1309;53;0;1;2023
13;1309;53;0;0;2023
13;1310;31;3;6;2023
13;1310;42;3;5;2023
13;1310;31;0;0;2023
13;1310;53;0;2;2023
13;1310;52;2;4;2023
13;1310;53;0;4;2023
13;1311;31;0;1;2023
13;1311;44;1;0;2023
13;1311;31;1;0;2023
13;1311;42;0;1;2023
13;1311;31;2;2;2023
13;1312;31;0;1;2023
13;1312;31;1;1;2023
13;1312;31;0;1;2023
13;1312;42;0;0;2023
13;1312;53;0;1;2023
13;1312;52;0;0;2023
13;1312;53;1;0;2023
13;1313;31;3;2;2023
13;1313;31;1;0;2023
13;1313;42;0;4;2023
13;1313;42;0;1;2023
13;1313;42;0;1;2023
13;1313;42;0;1;2023
13;1313;42;0;1;2023
13;1313;53;0;2;2023
13;1313;53;0;1;2023
13;1313;53;0;1;2023
13;1313;53;0;1;2023
13;1313;53;0;1;2023
13;1314;42;0;0;2023
13;1314;42;0;0;2023
13;1314;43;0;0;2023
13;1314;43;0;0;2023
13;1314;53;0;0;2023
13;1314;53;0;0;2023
13;1314;53;0;0;2023
13;1314;53;0;0;2023
13;1314;53;0;0;2023
13;1314;53;0;0;2023
13;1315;31;1;2;2023
13;1315;42;3;2;2023
13;1315;31;2;1;2023
13;1315;31;0;1;2023
13;1315;42;1;1;2023
13;1315;52;0;2;2023
13;1315;53;0;5;2023
13;1316;53;0;0;2023
13;1316;51;0;0;2023
13;1316;53;0;0;2023
13;1317;31;0;0;2023
13;1317;42;0;0;2023
13;1317;44;0;0;2023
13;1317;53;0;0;2023
13;1317;53;0;0;2023
13;1317;53;0;0;2023
13;1317;53;0;0;2023
13;1318;31;1;0;2023
13;1318;51;0;0;2023
13;1318;51;0;0;2023
13;1319;31;1;0;2023
13;1319;52;0;0;2023
13;1319;52;2;2;2023
13;1319;53;0;1;2023
13;1319;53;0;0;2023
13;1319;42;0;0;2023
13;1319;42;1;0;2023
13;1319;42;0;3;2023
13;1319;53;4;4;2023
13;1319;53;1;1;2023
13;1319;53;2;2;2023
13;1319;52;1;3;2023
13;1319;53;1;2;2023
13;1325;42;0;1;2023
13;1325;42;0;4;2023
13;1325;53;0;1;2023
13;1325;51;2;0;2023
13;1325;53;0;1;2023
13;1320;31;0;1;2023
13;1320;52;0;0;2023
13;1320;52;0;0;2023
13;1320;52;0;0;2023
13;1320;31;1;0;2023
13;1320;53;0;0;2023
13;1320;44;0;0;2023
13;1320;44;0;0;2023
13;1320;42;0;0;2023
13;1320;42;0;0;2023
13;1320;31;1;0;2023
13;1320;42;1;1;2023
13;1320;42;0;0;2023
13;1320;42;0;2;2023
13;1320;53;0;0;2023
13;1320;53;0;0;2023
13;1320;53;0;0;2023
13;1320;53;0;0;2023
13;1320;52;0;0;2023
13;1320;53;0;2;2023
13;1320;53;0;0;2023
13;1320;53;0;0;2023
13;1320;53;0;0;2023
13;1321;31;3;3;2023
13;1321;31;0;0;2023
13;1321;31;0;0;2023
13;1321;42;5;7;2023
13;1321;51;0;0;2023
13;1321;51;0;0;2023
13;1321;31;1;1;2023
13;1321;31;0;0;2023
13;1321;53;0;2;2023
13;1321;53;0;0;2023
13;1321;42;0;0;2023
13;1321;42;0;4;2023
13;1321;34;0;0;2023
13;1321;34;0;0;2023
13;1321;53;0;0;2023
13;1321;53;0;0;2023
13;1321;31;1;2;2023
13;1321;31;0;0;2023
13;1321;31;0;0;2023
13;1321;31;0;0;2023
13;1321;53;0;0;2023
13;1321;53;0;0;2023
13;1321;53;0;0;2023
13;1321;53;0;0;2023
13;1321;51;1;0;2023
13;1321;53;0;6;2023
13;1321;53;0;0;2023
13;1321;53;0;0;2023
13;1321;53;0;1;2023
13;1321;53;1;5;2023
13;1323;31;1;0;2023
13;1323;42;0;0;2023
13;1323;31;2;0;2023
13;1323;42;0;0;2023
13;1323;52;0;0;2023
13;1323;53;0;1;2023
13;1324;53;1;1;2023
13;1324;53;1;14;2023
13;1324;53;0;1;2023
4;427;21;1;4;2023
4;426;51;0;0;2023
4;426;43;0;0;2023
4;426;51;0;0;2023
4;425;62;0;0;2023
4;425;62;0;0;2023
4;425;62;0;0;2023
4;424;62;0;0;2023
4;431;53;0;0;2023
4;431;53;0;0;2023
4;431;53;0;0;2023
4;419;62;0;0;2023
4;419;62;0;0;2023
4;419;53;0;0;2023
4;419;53;0;0;2023
4;419;53;0;0;2023
4;419;53;0;0;2023
4;418;53;0;0;2023
4;418;53;0;0;2023
4;418;53;0;0;2023
4;418;53;0;0;2023
4;418;53;0;0;2023
4;418;53;0;0;2023
4;417;52;0;0;2023
4;417;52;0;0;2023
4;417;52;0;1;2023
4;417;52;0;0;2023
4;417;52;0;0;2023
4;417;52;0;0;2023
4;417;52;0;0;2023
4;417;52;2;0;2023
4;417;52;0;0;2023
4;417;52;0;0;2023
4;417;52;0;0;2023
4;417;52;1;1;2023
4;417;52;0;0;2023
4;417;52;0;8;2023
4;415;31;0;0;2023
4;415;42;0;1;2023
4;415;42;0;2;2023
4;415;42;0;0;2023
4;415;34;2;2;2023
4;415;31;0;0;2023
4;415;31;2;3;2023
4;415;31;0;0;2023
4;414;62;0;0;2023
4;414;62;0;0;2023
4;413;62;0;0;2023
4;412;53;0;0;2023
4;412;42;0;0;2023
4;412;53;0;0;2023
4;412;42;0;0;2023
4;410;22;3;0;2023
4;410;22;2;0;2023
4;410;22;1;0;2023
4;410;22;1;0;2023
4;410;22;10;6;2023
4;410;22;5;0;2023
4;410;22;9;3;2023
4;410;22;2;5;2023
4;410;22;10;9;2023
4;410;22;12;3;2023
4;410;53;3;0;2023
4;410;22;4;0;2023
4;410;22;7;2;2023
4;410;22;1;2;2023
4;410;22;1;0;2023
4;411;22;0;0;2023
4;411;22;2;0;2023
4;411;22;0;1;2023
4;411;22;3;2;2023
4;411;22;0;1;2023
4;411;22;7;6;2023
4;411;22;8;3;2023
4;411;22;0;0;2023
4;411;22;0;0;2023
4;411;22;0;0;2023
4;411;22;0;0;2023
4;409;21;0;0;2023
4;409;21;0;0;2023
4;409;21;0;0;2023
4;409;21;0;0;2023
4;409;21;0;0;2023
4;409;21;0;0;2023
4;409;21;0;0;2023
4;409;21;0;0;2023
4;409;21;0;0;2023
4;409;21;0;0;2023
4;408;34;3;0;2023
4;408;42;0;0;2023
4;408;42;0;0;2023
4;408;42;3;0;2023
4;408;71;1;0;2023
4;408;34;0;0;2023
4;408;32;2;0;2023
4;408;32;0;0;2023
4;408;32;5;0;2023
4;408;34;5;4;2023
4;408;72;0;0;2023
4;408;72;0;0;2023
4;408;72;9;0;2023
4;408;31;1;0;2023
4;408;31;0;0;2023
4;408;34;1;0;2023
4;408;34;0;0;2023
4;408;32;7;1;2023
4;407;53;0;0;2023
4;407;42;0;0;2023
4;407;43;0;0;2023
4;407;43;0;0;2023
4;407;43;0;0;2023
4;407;53;0;0;2023
4;407;53;0;0;2023
4;407;44;0;0;2023
4;407;44;0;0;2023
4;407;44;0;0;2023
4;407;44;0;0;2023
4;407;42;0;0;2023
4;407;42;0;0;2023
4;407;42;0;0;2023
4;407;42;0;0;2023
4;406;62;0;0;2023
4;406;62;0;0;2023
4;406;53;0;0;2023
4;406;62;0;0;2023
4;406;62;0;0;2023
4;406;62;0;0;2023
4;406;62;0;0;2023
4;406;62;0;0;2023
4;403;42;10;17;2023
4;403;34;19;10;2023
4;403;34;3;2;2023
4;403;31;4;1;2023
4;403;31;0;0;2023
4;403;31;32;25;2023
4;403;31;2;4;2023
4;403;42;4;2;2023
4;405;83;0;0;2023
4;405;83;0;0;2023
4;405;83;0;1;2023
4;405;83;0;0;2023
4;405;83;0;3;2023
4;405;83;0;0;2023
4;405;83;0;0;2023
4;405;83;1;0;2023
1;101;22;0;1;2023
1;101;22;0;0;2023
1;101;22;1;0;2023
1;101;22;1;0;2023
1;101;22;0;0;2023
1;101;22;1;0;2023
1;101;22;1;0;2023
1;101;31;0;0;2023
1;101;22;0;0;2023
1;101;22;0;0;2023
1;103;22;0;0;2023
1;103;34;2;0;2023
9;912;53;0;0;2023
9;912;53;0;0;2023
9;912;53;0;0;2023
9;912;53;0;0;2023
9;912;53;0;0;2023
9;912;53;0;0;2023
9;908;42;2;4;2023
9;908;42;1;1;2023
9;908;34;5;5;2023
9;908;34;1;1;2023
9;908;31;5;6;2023
9;908;31;14;30;2023
9;908;31;2;2;2023
9;908;42;0;3;2023
9;908;42;5;3;2023
9;908;42;1;1;2023
9;908;42;3;3;2023
9;908;42;2;0;2023
9;908;42;2;0;2023
9;906;32;15;9;2023
9;906;32;11;5;2023
9;905;41;0;0;2023
9;905;42;0;0;2023
9;905;42;0;0;2023
9;905;42;0;0;2023
9;905;42;0;0;2023
9;910;53;0;0;2023
9;910;53;0;0;2023
9;910;53;0;0;2023
9;910;42;1;1;2023
9;910;42;0;0;2023
9;910;53;0;0;2023
9;910;42;0;0;2023
9;904;53;4;15;2023
9;904;53;0;1;2023
9;904;53;3;16;2023
9;903;21;0;0;2023
9;903;21;0;0;2023
9;903;21;0;0;2023
9;903;21;0;0;2023
9;903;21;0;0;2023
9;903;21;0;0;2023
9;903;21;0;0;2023
9;903;21;0;0;2023
9;903;21;0;0;2023
9;903;21;0;0;2023
9;903;21;0;0;2023
9;902;21;0;0;2023
9;902;21;0;1;2023
9;902;21;0;0;2023
9;909;21;0;0;2023
9;909;21;1;0;2023
9;909;21;1;0;2023
9;901;22;0;1;2023
9;901;22;2;0;2023
9;901;22;1;1;2023
9;901;22;1;2;2023
9;901;22;6;2;2023
9;901;22;1;0;2023
9;901;22;2;1;2023
9;901;22;10;2;2023
9;901;22;4;3;2023
9;901;22;1;1;2023
9;901;22;0;1;2023
9;911;81;0;0;2023
9;911;53;0;0;2023
9;911;51;0;0;2023
9;911;53;0;0;2023
9;911;42;0;0;2023
9;911;42;0;0;2023
9;911;44;0;0;2023
8;816;71;3;0;2023
8;816;71;1;0;2023
8;816;71;0;1;2023
8;814;53;0;0;2023
8;814;53;0;0;2023
8;814;53;0;0;2023
8;814;53;0;0;2023
8;814;53;0;0;2023
8;814;53;0;0;2023
8;812;53;0;0;2023
8;812;53;0;0;2023
8;812;53;0;1;2023
8;812;41;0;0;2023
8;812;41;0;0;2023
8;812;53;0;0;2023
8;812;42;0;0;2023
8;812;42;1;1;2023
8;812;42;0;0;2023
8;812;42;0;0;2023
8;812;42;0;0;2023
8;812;42;0;0;2023
8;812;42;0;0;2023
8;811;43;1;0;2023
8;811;43;1;0;2023
8;811;43;0;0;2023
8;811;43;0;0;2023
8;811;43;1;0;2023
8;810;11;3;0;2023
8;809;53;2;0;2023
8;809;43;0;0;2023
8;809;44;0;0;2023
8;809;42;1;4;2023
8;808;22;0;0;2023
8;808;22;0;0;2023
8;808;22;0;0;2023
8;808;22;0;0;2023
8;808;22;0;0;2023
8;808;22;0;0;2023
8;807;21;0;0;2023
8;807;21;0;0;2023
8;807;21;0;0;2023
8;807;21;0;0;2023
8;807;21;0;0;2023
8;807;21;0;0;2023
8;807;21;0;0;2023
8;806;31;1;0;2023
8;806;21;1;0;2023
8;806;21;0;0;2023
8;806;21;0;0;2023
8;806;51;0;0;2023
8;804;71;2;4;2023
8;805;71;6;2;2023
8;802;42;5;5;2023
8;802;34;0;0;2023
8;802;31;0;0;2023
8;802;34;24;13;2023
8;802;34;3;1;2023
8;802;31;0;0;2023
8;802;31;0;1;2023
8;802;31;0;0;2023
8;802;31;18;23;2023
8;802;31;2;3;2023
8;801;53;3;5;2023
8;801;53;0;0;2023
8;801;44;3;0;2023
8;801;44;0;0;2023
8;801;44;1;1;2023
8;801;44;5;0;2023
8;801;44;4;2;2023
8;801;44;0;1;2023
8;801;41;1;1;2023
8;801;41;1;4;2023
8;801;42;3;19;2023
8;801;42;9;9;2023
8;801;53;0;0;2023
8;801;53;3;3;2023
8;805;71;10;5;2023
2;212;42;0;0;2023
2;212;53;0;0;2023
2;212;53;0;0;2023
2;212;53;0;0;2023
2;212;52;0;0;2023
2;212;53;0;0;2023
2;210;22;0;0;2023
2;210;22;0;0;2023
2;210;34;0;0;2023
2;209;53;0;0;2023
2;209;53;0;0;2023
2;215;31;0;0;2023
2;215;31;0;0;2023
2;215;31;0;0;2023
2;215;31;0;0;2023
2;208;11;0;0;2023
2;208;11;0;0;2023
2;208;11;0;0;2023
2;207;11;5;3;2023
2;207;11;2;1;2023
2;206;11;4;1;2023
2;204;21;0;0;2023
2;204;21;0;0;2023
2;204;21;1;0;2023
2;204;21;0;1;2023
2;204;21;1;0;2023
2;204;21;0;0;2023
2;204;21;0;0;2023
2;204;21;0;0;2023
2;204;21;0;0;2023
2;204;21;0;0;2023
2;204;21;0;0;2023
2;204;21;0;0;2023
2;204;21;0;0;2023
2;204;21;0;0;2023
2;204;21;0;0;2023
2;203;21;1;0;2023
2;203;21;0;0;2023
2;203;21;0;2;2023
2;203;21;1;0;2023
2;202;22;1;0;2023
2;201;52;1;1;2023
2;201;52;0;1;2023
2;201;34;0;1;2023
2;201;34;0;0;2023
2;201;34;0;1;2023
2;201;34;0;0;2023
2;201;22;25;5;2023
2;201;22;10;2;2023
2;201;22;0;0;2023
2;201;22;2;0;2023
2;201;22;16;4;2023
2;201;22;1;0;2023
2;201;22;0;0;2023
2;201;22;9;0;2023
2;201;22;1;0;2023
2;201;22;0;0;2023
2;201;22;3;2;2023
2;201;22;0;1;2023
2;201;34;1;0;2023
2;201;34;1;0;2023
2;201;22;4;2;2023
2;201;22;0;1;2023
2;201;34;1;2;2023
2;201;34;0;0;2023
2;201;22;2;2;2023
2;201;22;0;2;2023
2;201;22;0;0;2023
2;201;22;1;0;2023
2;201;22;1;3;2023
2;201;22;2;0;2023
2;201;22;3;1;2023
2;201;52;0;0;2023
2;201;52;0;0;2023
2;201;34;5;0;2023
2;201;34;1;0;2023
2;201;34;0;0;2023
2;201;34;5;3;2023
2;201;34;1;3;2023
2;201;22;0;2;2023
2;201;22;1;0;2023
2;201;34;2;2;2023
2;201;34;9;1;2023
2;201;34;2;0;2023
2;201;34;0;0;2023
2;201;22;1;0;2023
2;201;11;2;0;2023
2;201;22;3;2;2023
2;201;22;2;1;2023
2;201;22;0;0;2023
3;312;71;0;1;2023
3;312;71;0;0;2023
3;312;71;0;0;2023
3;312;71;1;1;2023
3;312;71;1;0;2023
3;312;71;0;1;2023
3;312;71;0;3;2023
3;312;71;0;0;2023
3;312;71;0;0;2023
3;312;71;1;0;2023
3;310;53;0;0;2023
3;310;53;0;0;2023
3;310;53;0;0;2023
3;310;53;0;0;2023
3;310;53;0;0;2023
3;310;53;0;0;2023
3;309;71;0;0;2023
3;309;71;0;0;2023
3;306;22;2;0;2023
3;306;22;2;0;2023
3;306;22;3;2;2023
3;306;22;1;0;2023
3;306;22;1;0;2023
3;306;22;2;0;2023
3;306;34;1;0;2023
3;306;22;1;1;2023
3;306;22;3;1;2023
3;306;22;3;1;2023
3;306;22;7;0;2023
3;306;22;2;1;2023
3;306;22;1;8;2023
3;306;22;2;1;2023
3;306;22;4;0;2023
3;306;34;8;0;2023
3;306;34;1;0;2023
3;306;22;4;0;2023
3;306;22;2;1;2023
3;305;43;0;0;2023
3;305;43;0;0;2023
3;305;43;0;0;2023
3;305;43;0;0;2023
3;305;43;0;0;2023
3;305;43;0;0;2023
3;305;81;0;0;2023
3;303;32;0;1;2023
3;303;32;0;2;2023
3;303;32;1;0;2023
3;303;32;81;31;2023
3;303;32;86;23;2023
3;303;32;1;0;2023
3;303;32;5;1;2023
3;303;32;1;1;2023
3;303;32;0;1;2023
3;303;32;4;0;2023
3;303;32;5;4;2023
3;303;32;2;1;2023
3;303;32;1;1;2023
3;303;32;2;1;2023
3;303;32;1;1;2023
3;303;32;1;1;2023
3;303;32;1;0;2023
3;303;32;1;0;2023
3;303;32;2;2;2023
3;304;71;24;11;2023
3;304;71;29;9;2023
3;302;42;2;7;2023
3;302;42;1;4;2023
3;302;42;0;0;2023
3;302;34;13;11;2023
3;302;34;10;5;2023
3;302;22;0;0;2023
3;302;31;0;0;2023
3;302;34;0;0;2023
3;302;34;0;0;2023
3;302;31;1;0;2023
3;302;31;0;0;2023
3;302;31;0;0;2023
3;302;31;0;0;2023
3;302;31;8;18;2023
3;302;31;2;2;2023
3;302;31;1;1;2023
3;302;31;0;0;2023
3;302;42;0;0;2023
3;302;42;0;0;2023
6;612;62;0;2;2023
6;613;62;0;0;2023
6;613;62;0;0;2023
6;613;62;0;0;2023
6;610;71;0;1;2023
6;609;42;0;2;2023
6;609;42;0;1;2023
6;609;42;0;4;2023
6;609;42;4;3;2023
6;608;43;1;0;2023
6;608;62;1;0;2023
6;608;81;1;0;2023
6;607;22;11;2;2023
6;607;22;7;3;2023
6;607;11;0;0;2023
6;607;22;2;0;2023
6;607;22;3;0;2023
6;607;22;1;0;2023
6;611;83;10;21;2023
6;611;83;2;2;2023
6;606;22;0;0;2023
6;606;22;0;0;2023
6;606;22;2;3;2023
6;606;22;2;3;2023
6;605;22;2;2;2023
6;605;22;7;1;2023
6;605;22;1;0;2023
6;603;21;0;0;2023
6;601;42;2;1;2023
6;601;34;2;0;2023
6;601;34;0;1;2023
6;601;31;1;0;2023
6;601;31;3;0;2023
6;601;31;1;0;2023
6;601;32;5;3;2023
6;601;32;8;2;2023
7;716;72;0;0;2023
7;715;53;0;0;2023
7;715;53;0;0;2023
7;715;53;4;10;2023
7;715;53;0;0;2023
7;715;44;1;0;2023
7;715;44;1;1;2023
7;715;44;0;0;2023
7;715;44;0;0;2023
7;715;41;0;0;2023
7;715;41;1;1;2023
7;715;42;0;1;2023
7;715;42;1;5;2023
7;714;53;0;0;2023
7;714;42;0;0;2023
7;714;53;0;0;2023
7;714;53;0;0;2023
7;714;53;0;0;2023
7;714;53;0;0;2023
7;712;71;0;0;2023
7;712;71;0;0;2023
7;712;71;0;0;2023
7;711;42;0;1;2023
7;711;53;1;1;2023
7;711;42;0;1;2023
7;711;42;1;1;2023
7;711;42;1;1;2023
7;710;31;0;0;2023
7;710;42;1;3;2023
7;710;42;0;1;2023
7;710;31;0;1;2023
7;710;34;1;2;2023
7;710;31;9;16;2023
7;710;31;2;1;2023
7;710;31;0;0;2023
7;710;31;1;0;2023
7;709;42;0;0;2023
7;709;42;0;0;2023
7;709;53;1;5;2023
7;709;53;0;6;2023
7;709;42;0;4;2023
7;709;42;0;1;2023
7;709;42;0;0;2023
7;709;53;1;0;2023
7;709;53;0;2;2023
7;709;52;3;5;2023
7;709;52;1;1;2023
7;709;53;3;2;2023
7;709;53;0;0;2023
7;709;53;0;0;2023
7;709;42;0;6;2023
7;709;42;0;1;2023
7;713;62;0;0;2023
7;708;21;0;0;2023
7;708;21;0;0;2023
7;708;21;10;0;2023
7;708;21;1;1;2023
7;708;21;0;0;2023
7;708;21;0;0;2023
7;708;21;1;0;2023
7;708;22;0;0;2023
7;708;21;0;0;2023
7;708;21;0;0;2023
7;707;34;8;5;2023
7;707;34;0;0;2023
7;707;31;9;7;2023
7;707;31;1;1;2023
7;707;31;0;1;2023
7;706;21;0;1;2023
7;706;21;0;0;2023
7;706;21;0;1;2023
7;706;21;0;0;2023
7;706;21;0;2;2023
7;706;21;0;0;2023
7;705;82;1;2;2023
7;705;82;1;5;2023
7;705;82;1;4;2023
7;705;82;1;0;2023
7;702;34;0;0;2023
7;702;22;3;1;2023
7;702;22;0;1;2023
7;702;22;0;0;2023
7;702;22;1;0;2023
7;702;34;0;1;2023
7;703;32;30;10;2023
7;703;32;18;6;2023
7;703;32;11;6;2023
7;718;34;14;7;2023
7;718;34;4;0;2023
7;718;31;11;5;2023
7;704;34;2;1;2023
7;704;34;0;0;2023
7;704;31;16;10;2023
10;1019;71;1;0;2023
10;1018;42;2;2;2023
10;1018;34;7;4;2023
10;1018;31;0;0;2023
10;1018;31;5;11;2023
10;1018;31;1;0;2023
10;1018;31;0;0;2023
10;1018;31;1;0;2023
10;1018;31;0;1;2023
10;1011;53;0;0;2023
10;1011;42;0;0;2023
10;1011;53;0;0;2023
10;1011;53;0;1;2023
10;1011;53;0;3;2023
10;1011;53;0;0;2023
10;1011;53;0;0;2023
10;1017;42;0;0;2023
10;1017;51;0;0;2023
10;1017;53;0;0;2023
10;1015;62;0;0;2023
10;1015;62;0;0;2023
10;1015;53;0;0;2023
10;1015;53;0;0;2023
10;1015;53;0;0;2023
10;1015;53;0;0;2023
10;1015;53;0;0;2023
10;1015;53;0;0;2023
10;1014;42;6;1;2023
10;1014;42;1;0;2023
10;1014;34;3;3;2023
10;1014;34;0;1;2023
10;1014;31;8;6;2023
10;1014;31;2;2;2023
10;1013;71;0;0;2023
10;1013;71;0;2;2023
10;1013;71;0;0;2023
10;1012;42;4;24;2023
10;1010;44;1;0;2023
10;1010;43;4;0;2023
10;1010;71;1;0;2023
10;1009;53;0;2;2023
10;1009;53;2;1;2023
10;1009;53;0;0;2023
10;1009;82;1;1;2023
10;1009;53;1;1;2023
10;1008;21;5;1;2023
10;1008;21;1;0;2023
10;1008;21;0;1;2023
10;1008;21;0;1;2023
10;1008;21;2;0;2023
10;1007;21;0;1;2023
10;1007;21;1;3;2023
10;1007;21;2;0;2023
10;1007;21;0;0;2023
10;1007;21;1;0;2023
10;1007;21;0;0;2023
10;1007;21;0;0;2023
10;1003;22;2;0;2023
10;1003;22;23;12;2023
10;1003;22;5;0;2023
10;1003;22;1;3;2023
10;1003;22;4;0;2023
10;1003;22;6;0;2023
10;1003;22;0;0;2023
10;1003;22;4;2;2023
10;1003;22;1;2;2023
10;1003;34;4;3;2023
10;1003;22;7;2;2023
10;1003;34;0;1;2023
10;1003;22;10;3;2023
10;1003;22;4;2;2023
10;1003;22;3;3;2023
10;1003;22;0;0;2023
10;1004;32;41;14;2023
10;1004;32;17;3;2023
10;1004;32;0;0;2023
10;1004;32;0;0;2023
10;1004;32;0;0;2023
10;1004;32;2;0;2023
10;1004;32;0;1;2023
10;1004;31;0;0;2023
10;1004;32;0;0;2023
10;1004;32;0;0;2023
10;1004;32;0;1;2023
10;1004;32;1;0;2023
10;1005;71;2;3;2023
10;1005;71;2;0;2023
10;1002;42;3;9;2023
10;1002;42;4;1;2023
10;1002;34;4;4;2023
10;1002;34;0;1;2023
10;1002;31;0;1;2023
10;1002;31;12;14;2023
10;1002;31;5;2;2023
10;1001;53;1;4;2023
10;1001;53;2;5;2023
10;1001;43;0;0;2023
10;1001;43;0;2;2023
10;1001;41;1;1;2023
10;1001;41;2;0;2023
10;1001;44;0;0;2023
10;1001;44;0;0;2023
10;1001;44;0;0;2023
10;1001;44;0;1;2023
10;1001;44;0;0;2023
10;1001;44;2;1;2023
10;1001;44;3;1;2023
10;1001;43;1;0;2023
10;1001;51;0;0;2023
10;1001;41;0;0;2023
10;1001;41;1;2;2023
10;1001;41;0;0;2023
10;1001;44;0;0;2023
10;1001;43;0;1;2023
10;1001;42;3;4;2023
10;1001;42;2;4;2023
10;1001;43;1;1;2023
10;1001;43;1;0;2023
10;1001;43;0;0;2023
10;1001;44;1;0;2023
10;1001;44;1;0;2023
10;1001;44;1;1;2023
10;1001;44;1;1;2023
10;1001;44;0;1;2023
10;1001;42;0;5;2023
10;1001;42;1;0;2023
10;1006;34;4;4;2023
10;1006;31;2;1;2023
10;1006;31;3;1;2023
10;1006;31;2;0;2023
10;1006;31;33;22;2023
10;1006;31;3;2;2023
10;1006;31;0;1;2023
11;1115;53;1;1;2023
11;1115;53;0;3;2023
11;1116;53;0;0;2023
11;1116;53;0;0;2023
11;1116;53;0;0;2023
11;1116;53;0;0;2023
11;1116;53;0;0;2023
11;1116;53;0;0;2023
11;1116;53;0;0;2023
11;1113;71;1;0;2023
11;1113;53;0;1;2023
11;1113;43;0;0;2023
11;1111;42;0;1;2023
11;1111;42;0;3;2023
11;1111;42;2;2;2023
11;1110;42;0;1;2023
11;1110;42;4;0;2023
11;1110;42;0;1;2023
11;1110;42;3;3;2023
11;1110;42;2;2;2023
11;1110;42;0;4;2023
11;1110;42;2;1;2023
11;1109;43;0;0;2023
11;1114;42;8;6;2023
11;1114;34;5;1;2023
11;1114;31;7;13;2023
11;1107;32;49;8;2023
11;1107;32;12;3;2023
11;1107;32;0;0;2023
11;1107;32;0;0;2023
11;1107;32;2;0;2023
11;1107;32;1;0;2023
11;1107;32;0;0;2023
11;1108;22;0;0;2023
11;1108;22;1;0;2023
11;1108;11;0;0;2023
11;1108;22;0;2;2023
11;1108;22;0;0;2023
11;1108;22;0;0;2023
11;1108;22;0;0;2023
11;1108;22;3;0;2023
11;1108;22;0;0;2023
11;1108;22;1;0;2023
11;1108;22;4;1;2023
11;1108;22;0;0;2023
11;1106;53;1;1;2023
11;1106;53;0;0;2023
11;1106;52;0;3;2023
11;1106;53;1;0;2023
11;1106;53;0;3;2023
11;1106;53;0;1;2023
11;1106;53;0;0;2023
11;1106;53;0;0;2023
11;1106;44;0;0;2023
11;1106;51;1;0;2023
11;1106;51;1;0;2023
11;1106;52;1;0;2023
11;1106;52;0;2;2023
11;1106;52;0;0;2023
11;1105;22;0;0;2023
11;1105;22;2;0;2023
11;1105;22;2;0;2023
11;1105;22;5;1;2023
11;1105;22;4;0;2023
11;1105;22;10;4;2023
11;1105;22;2;1;2023
11;1105;11;0;0;2023
11;1105;22;4;0;2023
11;1105;22;2;2;2023
11;1104;34;0;0;2023
11;1104;21;0;0;2023
11;1104;21;1;0;2023
11;1103;21;0;0;2023
11;1103;21;0;0;2023
11;1103;21;0;0;2023
11;1103;21;1;0;2023
11;1103;21;0;0;2023
11;1103;21;0;0;2023
11;1103;21;1;1;2023
11;1103;21;0;0;2023
11;1103;21;0;0;2023
11;1103;22;0;0;2023
11;1103;22;0;0;2023
11;1103;21;0;0;2023
11;1102;53;1;1;2023
11;1102;53;0;1;2023
11;1102;53;0;1;2023
11;1102;53;2;4;2023
11;1102;53;0;1;2023
11;1101;44;0;0;2023
11;1101;53;1;0;2023
11;1101;53;0;0;2023
11;1101;43;2;0;2023
11;1101;53;0;0;2023
11;1101;44;0;1;2023
11;1101;44;0;0;2023
11;1101;44;0;0;2023
11;1101;44;0;0;2023
11;1101;44;4;2;2023
11;1101;44;0;0;2023
11;1101;41;0;0;2023
11;1101;41;0;0;2023
11;1101;41;0;0;2023
11;1101;42;0;4;2023
11;1101;42;0;0;2023
11;1101;42;1;7;2023
11;1101;43;1;1;2023
11;1101;44;0;0;2023
12;1209;53;0;0;2023
12;1209;53;0;0;2023
12;1209;53;0;0;2023
12;1209;53;0;0;2023
12;1208;34;2;0;2023
12;1208;34;1;1;2023
12;1208;31;4;3;2023
12;1208;31;0;3;2023
12;1208;42;0;0;2023
12;1208;42;0;0;2023
12;1207;11;1;0;2023
12;1207;11;2;1;2023
12;1205;22;2;1;2023
12;1205;22;1;1;2023
12;1205;22;0;0;2023
12;1205;22;3;1;2023
12;1205;22;1;1;2023
12;1205;22;0;0;2023
12;1205;34;2;2;2023
12;1205;34;0;0;2023
12;1205;22;8;3;2023
12;1205;22;2;2;2023
12;1205;22;0;0;2023
12;1205;22;1;4;2023
12;1204;83;1;2;2023
12;1204;83;1;6;2023
12;1203;53;0;0;2023
12;1203;53;0;2;2023
12;1203;53;0;0;2023
12;1203;53;0;0;2023
12;1203;53;1;1;2023
12;1203;42;2;0;2023
12;1202;21;0;0;2023
12;1202;21;0;0;2023
12;1202;21;0;0;2023
12;1202;21;1;0;2023
12;1201;42;0;0;2023
12;1201;42;0;0;2023
12;1201;53;0;0;2023
12;1201;53;0;0;2023
12;1201;53;0;0;2023
12;1201;43;0;0;2023
12;1201;43;0;0;2023
12;1201;43;0;0;2023
12;1201;43;0;0;2023
12;1201;44;0;0;2023
12;1201;44;0;0;2023
12;1201;44;0;0;2023
12;1201;53;0;0;2023
12;1201;41;0;0;2023
12;1201;41;0;0;2023
12;1201;44;0;0;2023
12;1201;43;0;0;2023
12;1201;42;0;0;2023
12;1201;44;0;0;2023
12;1201;43;0;0;2023
5;513;21;1;1;2023
5;513;21;0;0;2023
5;513;21;0;0;2023
5;513;21;0;0;2023
5;513;21;0;0;2023
5;512;42;0;6;2023
5;511;34;10;9;2023
5;511;34;5;0;2023
5;511;31;19;16;2023
5;511;31;4;5;2023
5;511;31;1;0;2023
5;504;61;0;0;2023
5;505;42;0;3;2023
5;505;42;3;8;2023
5;505;42;0;0;2023
5;505;42;0;1;2023
5;505;42;2;5;2023
5;505;42;0;0;2023
5;504;43;0;0;2023
5;504;43;0;0;2023
5;504;43;0;0;2023
5;504;43;0;0;2023
5;503;72;0;0;2023
5;503;72;0;0;2023
5;508;33;7;0;2023
5;508;33;1;0;2023
5;508;33;1;0;2023
5;508;33;0;0;2023
5;508;33;1;0;2023
5;508;33;0;0;2023
5;508;33;1;0;2023
5;507;83;0;0;2023
5;507;83;0;0;2023
5;506;31;3;3;2023
5;501;22;1;0;2023
5;501;22;2;0;2023
5;501;34;1;3;2023
5;501;34;3;0;2023
5;501;22;3;1;2023
5;501;22;1;0;2023
5;501;22;28;14;2023
5;501;22;7;4;2023
5;501;22;12;1;2023
5;501;22;5;1;2023
5;501;22;10;6;2023
5;501;22;2;3;2023
5;501;22;1;0;2023
5;501;34;3;1;2023
5;501;34;0;1;2023
5;501;34;0;1;2023
5;502;33;1;1;2023
5;502;33;0;0;2023
5;502;33;1;1;2023
5;502;33;0;2;2023
5;502;33;0;0;2023
5;507;83;33;30;2023
5;507;83;21;18;2023
5;507;83;17;35;2023
5;507;83;18;9;2023
5;507;83;6;21;2023
5;507;83;8;23;2023
5;507;83;21;40;2023
5;507;83;4;8;2023
