universite_code;etablissement_code;domain_code;diplome_code;speciality;group;diplomes_M;diplomes_F;diplomes_total
13;1301;31;3;إدارة الأعمال;تصرف;16;58;74
13;1301;42;2;الأنظمة المحمولة والجوالة;إعلامية;3;0;3
13;1301;42;3;الأنظمة المحمولة والجوالة;إعلامية;9;3;12
13;1301;31;3;التصرف الصناعي;تصرف;3;14;17
13;1301;31;11;التصرف المندمج في الجودة و الصحة,و السلامة و المحيط;تصرف;1;15;16
13;1301;53;2;التصرف في الانتاج;هندسة صناعية والكترونيك وآلية;0;1;1
13;1301;31;2;التصرف في المؤسسات الصغرى و المتوسطة;تصرف;2;4;6
13;1301;42;3;الشبكات والخدمات الإعلامية;إعلامية;10;7;17
13;1301;82;2;الوجستيك والنقل الدولي;تصرف في النقل واللوجستيك;0;1;1
13;1301;82;3;الوجستيك والنقل الدولي;تصرف في النقل واللوجستيك;7;34;41
13;1301;42;2;تطوير أنظمة المعلومات;إعلامية;2;0;2
13;1301;42;3;تطوير أنظمة المعلومات;إعلامية;53;25;78
13;1302;31;3;إدارة الأعمال;تصرف;18;41;59
13;1302;53;3;الالية والاعلامية الصناعية;هندسة صناعية والكترونيك وآلية;7;4;11
13;1302;53;3;التصميم والتصنيع الميكانيكي;هندسة ميكانيكية;13;10;23
13;1302;42;3;الشبكات والخدمات الإعلامية;إعلامية;6;6;12
13;1302;31;3;المحاسبة والمالية;محاسبة;7;33;40
13;1302;53;3;تكنولوجيا الإعلامية:تطوير أنظمة المعلومات;تحضير تقني;3;2;5
13;1302;53;3;صيانة صناعية;هندسة ميكانيكية;7;2;9
13;1302;53;11;هندسة كهربائية;هندسة كهربائية;4;6;10
13;1302;53;3;هندسة كهربائية : كهرباء صناعية;هندسة كهربائية;6;3;9
13;1302;53;11;هندسة ميكانيكية;هندسة ميكانيكية;8;2;10
13;1302;53;11;هندسة ميكانيكية;هندسة ميكانيكية;5;3;8
13;1304;31;3;إدارة الأعمال;تصرف;0;18;18
13;1304;42;3;إعلامية صناعية;إعلامية;4;7;11
13;1304;42;3;الأنظمة المحمولة والجوالة;إعلامية;2;14;16
13;1304;53;3;التصميم والتصنيع الميكانيكي;هندسة ميكانيكية;23;0;23
13;1304;53;11;التصميم والتصنيع الميكانيكي;هندسة ميكانيكية;31;16;47
13;1304;53;3;التصنيع الميكانيكي;هندسة ميكانيكية;13;3;16
13;1304;42;3;الشبكات والخدمات الإعلامية;إعلامية;7;8;15
13;1304;31;3;تصرف في المؤسسات;تصرف;1;1;2
13;1304;31;3;تقنيات المحاسبة والمالية;محاسبة;3;19;22
13;1304;53;3;تكنولوجيا الإعلامية:تطوير أنظمة المعلومات;تحضير تقني;10;6;16
13;1304;53;3;هندسة كهربائية: الالكترونيك الصناعي;هندسة كهربائية;5;9;14
13;1304;53;3;هندسة ميكانيكية: التصنيع باستخدام الحاسب الألي;هندسة ميكانيكية;6;8;14
13;1304;53;3;هندسة ميكانيكية:الصيانة الصناعية;هندسة ميكانيكية;21;0;21
13;1306;53;3;التصميم والتصنيع الميكانيكي;هندسة ميكانيكية;16;9;25
13;1306;42;2;الشبكات والخدمات الإعلامية;إعلامية;1;0;1
13;1306;42;3;الشبكات والخدمات الإعلامية;إعلامية;4;10;14
13;1306;53;2;الميكاترونيك;هندسة الإلكتروميكانيك والميكاترونيك;1;2;3
13;1306;53;3;الميكاترونيك;هندسة الإلكتروميكانيك والميكاترونيك;30;12;42
13;1306;42;3;النظم المحمولة والجوالة;إعلامية;5;3;8
13;1306;42;3;تطوير أنظمة المعلومات;إعلامية;19;37;56
13;1306;53;2;صيانة المعدات الفلاحية;هندسة ميكانيكية;10;2;12
13;1306;53;2;هندسة كهربائية: الآلية والاعلامية الصناعية;هندسة كهربائية;1;0;1
13;1306;53;3;هندسة كهربائية: الآلية والاعلامية الصناعية;هندسة كهربائية;21;17;38
13;1306;53;2;هندسة كهربائية: الكهرباء الصناعية;هندسة كهربائية;2;0;2
13;1306;53;3;هندسة كهربائية: الكهرباء الصناعية;هندسة كهربائية;22;12;34
13;1306;53;3;هندسة ميكانيكية:الصيانة الصناعية;هندسة ميكانيكية;8;0;8
13;1308;31;3;إدارة الأعمال;تصرف;7;16;23
13;1308;53;3;الالكترونيك الصناعي;هندسة صناعية والكترونيك وآلية;5;6;11
13;1308;53;3;الالية والاعلامية الصناعية;هندسة صناعية والكترونيك وآلية;8;3;11
13;1308;31;3;التسويق الرقمي;تصرف;5;16;21
13;1308;31;2;التصرف في المؤسسات الصغرى و المتوسطة;تصرف;0;3;3
13;1308;42;3;الملتيميديا وتطوير الواب;فن الملتيميديا;5;11;16
13;1308;42;3;تطوير أنظمة المعلومات;إعلامية;10;7;17
13;1308;53;3;صيانة صناعية;هندسة ميكانيكية;8;1;9
13;1308;53;3;هندسة ميكانيكية;هندسة ميكانيكية;9;4;13
13;1310;31;3;إدارة الأعمال;تصرف;29;33;62
13;1310;42;11;إعلامية;إعلامية;4;6;10
13;1310;42;3;الأنظمة المحمولة والجوالة;إعلامية;19;12;31
13;1310;52;3;البناء;هندسة مدنية;26;28;54
13;1310;53;3;البناء المعدني;هندسة ميكانيكية;23;5;28
13;1310;31;3;التجارة والتوزيع;تصرف;3;7;10
13;1310;31;11;التجارة والتوزيع;تصرف;2;5;7
13;1310;31;3;التسويق الرقمي;تصرف;10;12;22
13;1310;31;3;التصرف الصناعي;تصرف;35;11;46
13;1310;53;3;التصميم والتصنيع الميكانيكي;هندسة ميكانيكية;35;11;46
13;1310;31;2;التوزيع والتصرف في الصفوف;تصرف;4;4;8
13;1310;53;3;الصناعات البلاستيكية;هندسة صناعية والكترونيك وآلية;19;8;27
13;1310;53;3;الكهرباء الصناعية;هندسة كهربائية;61;25;86
13;1310;31;2;المالية الصغرى;تصرف;1;11;12
13;1310;53;3;الميكاترونيك;هندسة الإلكتروميكانيك والميكاترونيك;17;10;27
13;1310;53;11;الميكاترونيك;هندسة الإلكتروميكانيك والميكاترونيك;7;3;10
13;1310;31;3;النقل والخدمات اللوجستية;تصرف;7;8;15
13;1310;31;3;تجارة دولية;تصرف;8;14;22
13;1310;42;3;تطوير أنظمة المعلومات;إعلامية;69;33;102
13;1310;53;11;تطوير التطبيقات الجوالة;إتصالات;6;3;9
13;1310;31;3;تقنيات المحاسبة والمالية;محاسبة;22;52;74
13;1310;42;3;شبكات إعلامية;إعلامية;15;14;29
13;1310;53;3;صيانة الأنظمة الكهربائية;هندسة كهربائية;9;3;12
13;1310;52;3;قيادة الحضائر;هندسة مدنية;8;6;14
13;1310;53;3;هندسة كهربائية: الآلية والاعلامية الصناعية;هندسة كهربائية;12;8;20
13;1310;52;3;هندسة مدنية : أشغال عامة;هندسة مدنية;25;16;41
13;1310;53;3;هندسة ميكانيكية:الصيانة الصناعية;هندسة ميكانيكية;39;7;46
13;1311;31;11;إدارة الأعمال;تصرف;5;20;25
13;1311;51;3;الأساليب الغذائية;هندسة المواد;2;26;28
13;1311;44;3;الأساليب الكيميائية;كيمياء;3;37;40
13;1311;53;3;التصرف في الانتاج;هندسة صناعية والكترونيك وآلية;11;20;31
13;1311;31;3;التصرف في الجودة، الصحة، السلامة والمحيط;تصرف;2;12;14
13;1311;42;3;الشبكات والخدمات الإعلامية;إعلامية;2;5;7
13;1311;42;3;تطوير أنظمة المعلومات;إعلامية;19;28;47
13;1311;31;3;تقنيات المحاسبة والمالية;محاسبة;7;17;24
13;1311;44;11;هندسة الأساليب;كيمياء;1;13;14
13;1312;31;3;إدارة الأعمال;تصرف;4;22;26
13;1312;52;3;الأشغال العمومية;هندسة مدنية;24;18;42
13;1312;52;3;البناء;هندسة مدنية;6;5;11
13;1312;31;3;التجارة والتوزيع;تصرف;1;13;14
13;1312;53;3;التصميم والتصنيع الميكانيكي;هندسة ميكانيكية;19;13;32
13;1312;42;3;الشبكات والخدمات الإعلامية;إعلامية;1;6;7
13;1312;31;3;المحاسبة والمالية;محاسبة;5;13;18
13;1312;42;3;تطوير أنظمة المعلومات;إعلامية;9;16;25
13;1312;53;3;صيانة صناعية;هندسة ميكانيكية;13;5;18
13;1312;53;3;هندسة كهربائية: الآلية والاعلامية الصناعية;هندسة كهربائية;11;6;17
13;1312;53;3;هندسة كهربائية: الالكترونيك الصناعي;هندسة كهربائية;16;14;30
13;1313;31;3;إدارة الأعمال;تصرف;5;32;37
13;1313;42;3;الأنظمة المحمولة والجوالة;إعلامية;2;2;4
13;1313;51;11;البلاستيك والمواد المركبة;هندسة المواد;9;10;19
13;1313;53;3;البناء والصناعات الميكانيكية;هندسة ميكانيكية;22;12;34
13;1313;42;11;الحوسبة السحابية وتطوير المنضظومات الموزعة;إعلامية;1;6;7
13;1313;42;3;الشبكات والخدمات الإعلامية;إعلامية;0;3;3
13;1313;42;3;الملتيميديا وتطوير الواب;فن الملتيميديا;8;9;17
13;1313;42;3;تطوير أنظمة المعلومات;إعلامية;31;14;45
13;1313;53;3;صيانة الأنظمة الكهربائية;هندسة كهربائية;11;1;12
13;1313;53;3;صيانة صناعية;هندسة ميكانيكية;31;5;36
13;1313;42;11;هندسة المنظومات والتطوير السريع للتطبيقات;إعلامية;6;8;14
13;1313;53;11;هندسة صناعية: قيادة الانظمة الصناعية المتصلة;هندسة صناعية والكترونيك وآلية;9;10;19
13;1313;53;3;هندسة كهربائية : كهرباء صناعية;هندسة كهربائية;12;9;21
13;1313;53;3;هندسة كهربائية: الآلية والاعلامية الصناعية;هندسة كهربائية;7;15;22
13;1313;53;3;هندسة كهربائية: الالكترونيك الصناعي;هندسة كهربائية;31;11;42
13;1313;53;3;هندسة ميكانيكية : صناعة البلاستيك;هندسة ميكانيكية;8;4;12
13;1313;53;11;هندسة ميكانيكية: التصنيع المتكامل بالحاسوب;هندسة ميكانيكية;11;7;18
13;1314;53;3;التصميم والتصنيع الميكانيكي;هندسة ميكانيكية;23;16;39
13;1314;42;3;الشبكات والخدمات الإعلامية;إعلامية;6;16;22
13;1314;53;3;الصيانة الصناعية;هندسة ميكانيكية;15;2;17
13;1314;42;3;الملتيميديا وتطوير الواب;فن الملتيميديا;18;28;46
13;1314;43;3;صناعات غذائية;علوم بيولوجيا;2;27;29
13;1314;53;3;هندسة كهربائية :تشخيص الانظمة الكهربائية;هندسة كهربائية;8;12;20
13;1314;53;3;هندسة كهربائية: الآلية والاعلامية الصناعية;هندسة كهربائية;12;12;24
13;1315;51;2;أساليب الصناعات الغذائية;هندسة المواد;0;1;1
13;1315;51;3;أساليب الصناعات الغذائية;هندسة المواد;0;11;11
13;1315;31;11;إدارة الأعمال : التصرف المندمج في الجودة والسلامة والصحة المهنية والمحيط;تصرف;4;10;14
13;1315;31;11;إدارة الأعمال: التجديد والتصرف في سلسلة الموارد اللوجستية;تصرف;1;16;17
13;1315;42;11;إدارة النظم والأمن والحوسبة السحابية : أمن النظم المعلوماتية;إعلامية;2;6;8
13;1315;42;11;إدارة النظم والأمن والحوسبة السحابية : الحوسبة السحابية;إعلامية;2;9;11
13;1315;53;11;ادوات العمليات والأساليب الصناعية: ادوات العمليات والأساليب الصناعية;هندسة صناعية والكترونيك وآلية;7;8;15
13;1315;44;3;الأساليب الكيميائية;كيمياء;2;15;17
13;1315;52;2;الأشغال العمومية;هندسة مدنية;0;1;1
13;1315;52;3;الأشغال العمومية;هندسة مدنية;22;8;30
13;1315;42;2;الأنظمة المحمولة والجوالة;إعلامية;1;0;1
13;1315;42;3;الأنظمة المحمولة والجوالة;إعلامية;8;3;11
13;1315;52;2;البناء;هندسة مدنية;1;0;1
13;1315;52;3;البناء;هندسة مدنية;17;11;28
13;1315;53;2;البناء المعدني;هندسة ميكانيكية;1;0;1
13;1315;53;3;البناء المعدني;هندسة ميكانيكية;12;5;17
13;1315;31;3;التصرف الصناعي;تصرف;2;17;19
13;1315;31;3;التصرف في الجودة، الصحة، السلامة والمحيط;تصرف;4;8;12
13;1315;31;2;التصرف في المحاسبة والمالية;تصرف;0;3;3
13;1315;53;2;التصميم والتصنيع الميكانيكي;هندسة ميكانيكية;3;0;3
13;1315;53;3;التصميم والتصنيع الميكانيكي;هندسة ميكانيكية;50;6;56
13;1315;42;3;الشبكات والخدمات الإعلامية;إعلامية;6;12;18
13;1315;11;11;المساعدة في التصرف في التكوين وتطوير الكفاءات;تكوين المكونين;0;8;8
13;1315;31;3;النقل والخدمات اللوجستية;تصرف;6;24;30
13;1315;53;11;تصميم وتصنيع أدوات الآلات الضاغطة;هندسة صناعية والكترونيك وآلية;2;2;4
13;1315;42;2;تطوير أنظمة المعلومات;إعلامية;2;0;2
13;1315;42;3;تطوير أنظمة المعلومات;إعلامية;28;45;73
13;1315;31;2;تقنيات البيع;تصرف;1;6;7
13;1315;31;3;تقنيات البيع;تصرف;4;7;11
13;1315;31;3;تقنيات المحاسبة والمالية;تصرف;0;9;9
13;1315;42;11;هندسة البرمجيات والتكنولوجيات الحديثة;إعلامية;5;9;14
13;1315;53;3;هندسة ميكانيكية: طاقية;هندسة ميكانيكية;15;2;17
13;1315;53;2;هندسة ميكانيكية:الصيانة الصناعية;هندسة ميكانيكية;1;0;1
13;1315;53;3;هندسة ميكانيكية:الصيانة الصناعية;هندسة ميكانيكية;20;3;23
13;1316;53;3;ادارة وهندسة الصيانة الصناعية;هندسة صناعية والكترونيك وآلية;14;4;18
13;1316;53;3;التصميم والتصنيع الميكانيكي;هندسة ميكانيكية;12;10;22
13;1316;31;3;المحاسبة والمالية;محاسبة;10;56;66
13;1316;53;3;شبكات وخدمات الاتصالات;إتصالات;5;15;20
13;1316;42;3;نظم اعلامية وبرمجيات;إعلامية;23;16;39
13;1316;53;3;هندسة كهربائية;هندسة كهربائية;23;7;30
13;1316;53;3;هندسة كهربائية: الآلية والاعلامية الصناعية;هندسة كهربائية;10;15;25
13;1316;53;3;هندسة كيميائية;هندسة كيميائية;4;50;54
13;1316;53;3;هندسة ميكانيكية;هندسة ميكانيكية;10;2;12
13;1317;31;3;إدارة الأعمال;تصرف;12;32;44
13;1317;42;3;إعلامية;إعلامية;2;7;9
13;1317;53;3;التصميم والتصنيع الميكانيكي;هندسة ميكانيكية;6;2;8
13;1317;53;3;الكهرباء الصناعية;هندسة كهربائية;1;6;7
13;1317;44;3;هندسة الأساليب;كيمياء;0;5;5
13;1318;31;11;التصرف في الإنتاج في النسيج;تصرف في الجودة والإنتاج;2;12;14
13;1318;51;11;صناعات الملابس;هندسة النسيج;3;12;15
13;1318;53;11;معالجة المياه الصناعية;هندسة موارد بيئية;1;15;16
13;1319;31;3;إدارة الأعمال;تصرف;5;28;33
13;1319;52;3;الأشغال العمومية;هندسة مدنية;23;15;38
13;1319;52;3;البناء;هندسة مدنية;17;21;38
13;1319;53;3;البناء المعدني;هندسة ميكانيكية;16;10;26
13;1319;53;3;التصميم والتصنيع الميكانيكي;هندسة ميكانيكية;14;7;21
13;1319;53;3;الكهرباء الصناعية;هندسة كهربائية;6;16;22
13;1319;42;3;الملتيميديا وتطوير الواب;فن الملتيميديا;9;7;16
13;1319;42;3;تطوير أنظمة المعلومات;إعلامية;11;10;21
13;1319;53;3;هندسة كهربائية: الآلية والاعلامية الصناعية;هندسة كهربائية;8;12;20
13;1319;53;3;هندسة كهربائية: الالكترونيك الصناعي;هندسة كهربائية;6;9;15
13;1325;42;3;الملتميديا وتطوير الواب;فن الملتيميديا;5;14;19
13;1325;42;3;تطوير أنظمة المعلومات;إعلامية;28;30;58
13;1325;42;3;هندسة الأساليب : أساليب غذائية;إعلامية;0;29;29
13;1325;53;2;هندسة بحرية: كهروميكانيك بحري;هندسة الإلكتروميكانيك والميكاترونيك;4;0;4
13;1320;52;2;الأشغال العمومية;هندسة مدنية;39;22;61
13;1320;42;2;الأنظمة المحمولة والجوالة;إعلامية;12;2;14
13;1320;52;2;البناء;هندسة مدنية;24;15;39
13;1320;31;2;التسويق الرقمي;تصرف;8;15;23
13;1320;31;2;التسويق الرقمي;تصرف;6;8;14
13;1320;31;2;التصرف الصناعي;تصرف;15;41;56
13;1320;31;2;التصرف في الجودة، الصحة، السلامة والمحيط;تصرف;10;15;25
13;1320;53;2;التصميم والتصنيع الميكانيكي;هندسة ميكانيكية;42;16;58
13;1320;44;2;التوبوغرافيا والجغرفة الرقمية;فيزياء;14;8;22
13;1320;42;11;الريادة الرقمية في علوم البيانات;إعلامية;2;1;3
13;1320;42;2;الشبكات والخدمات الإعلامية;إعلامية;6;7;13
13;1320;53;2;الكهرباء الصناعية;هندسة كهربائية;21;7;28
13;1320;31;2;المحاسبة والمالية;محاسبة;20;47;67
13;1320;42;2;الملتميديا وتطوير الواب;فن الملتيميديا;15;14;29
13;1320;42;2;تطوير أنظمة المعلومات;إعلامية;39;36;75
13;1320;53;2;صيانة العربات الصناعية ومعدات الأشغال العامة;هندسة صناعية والكترونيك وآلية;11;0;11
13;1320;53;2;صيانة و تشخيص السيارات;هندسة صناعية والكترونيك وآلية;15;2;17
13;1320;53;2;هندسة كهربائية: الآلية والاعلامية الصناعية;هندسة كهربائية;30;21;51
13;1320;53;2;هندسة كهربائية: الالكترونيك الصناعي;هندسة كهربائية;10;1;11
13;1320;53;2;هندسة ميكانيكية: الطاقية;هندسة ميكانيكية;9;1;10
13;1320;53;2;هندسة ميكانيكية:الصيانة الصناعية;هندسة ميكانيكية;21;7;28
13;1321;31;3;إدارة الأعمال;تصرف;13;47;60
13;1321;53;3;الأساليب الغدائية;هندسة كيميائية;1;34;35
13;1321;44;3;الأساليب الكيميائية;كيمياء;2;22;24
13;1321;42;2;الأنظمة المحمولة والجوالة;إعلامية;0;1;1
13;1321;42;3;الأنظمة المحمولة والجوالة;إعلامية;6;7;13
13;1321;31;3;التسويق الرقمي;تصرف;3;13;16
13;1321;31;2;التصرف في المؤسسات الصغرى و المتوسطة;تصرف;0;1;1
13;1321;53;2;التصميم والتصنيع الميكانيكي;هندسة ميكانيكية;1;0;1
13;1321;53;3;التصميم والتصنيع الميكانيكي;هندسة ميكانيكية;34;9;43
13;1321;42;2;الشبكات والخدمات الإعلامية;إعلامية;2;0;2
13;1321;42;3;الشبكات والخدمات الإعلامية;إعلامية;5;11;16
13;1321;53;2;الكهرباء الصناعية;هندسة كهربائية;1;0;1
13;1321;53;3;الكهرباء الصناعية;هندسة كهربائية;24;15;39
13;1321;31;3;النقل والخدمات اللوجستية;تصرف;5;18;23
13;1321;42;2;تطوير أنظمة المعلومات;إعلامية;2;2;4
13;1321;31;3;تقنيات المحاسبة والمالية;محاسبة;3;15;18
13;1321;53;3;تكنولوجيا الإعلامية:تطوير أنظمة المعلومات;تحضير تقني;30;20;50
13;1321;43;2;صناعات غذائية;علوم بيولوجيا;0;1;1
13;1321;53;2;صيانة صناعية;هندسة ميكانيكية;2;0;2
13;1321;53;3;صيانة صناعية;هندسة ميكانيكية;14;1;15
13;1321;53;3;هندسة كهربائية: الآلية والاعلامية الصناعية;هندسة كهربائية;10;14;24
13;1321;53;2;هندسة كهربائية: الالكترونيك الصناعي;هندسة كهربائية;2;0;2
13;1321;53;3;هندسة كهربائية: الالكترونيك الصناعي;هندسة كهربائية;16;1;17
13;1322;42;3;الشبكات والخدمات الإعلامية;إعلامية;3;3;6
13;1322;53;3;الكهرباء الصناعية;هندسة كهربائية;7;11;18
13;1322;42;3;الملتميديا وتطوير الواب;فن الملتيميديا;3;8;11
13;1322;53;3;الهندسة الميكانيكية;هندسة ميكانيكية;18;5;23
13;1322;52;3;هندسة مدنية : بناء;هندسة مدنية;6;8;14
13;1322;52;3;هندسة مدنية:الأشغال العمومية;هندسة مدنية;29;20;49
13;1322;53;3;هندسة ميكانيكية: الطاقية;هندسة ميكانيكية;4;4;8
13;1324;53;3;التصرف في تكنولوجيات المعلومات و الإتصال;إتصالات;16;21;37
13;1324;42;3;الشبكات وأنظمة الإتصالات;إعلامية;9;11;20
13;1324;42;3;سلامة الشبكات;إعلامية;27;30;57
4;430;53;5;تكوين هندسي;هندسة صناعية والكترونيك وآلية;28;12;40
4;429;41;5;الإحصاء وتحليل المعلومات;الإحصاء وتحليل المعلومات;25;19;44
4;427;21;;إخراج;سينيما;0;3;3
4;427;21;11;الانتاج السمعي والبصري;سينيما;0;1;1
4;427;21;10;التقنيات السمعية البصرية;سينيما;1;3;4
4;427;21;;الصورة والاضاءة;سينيما;2;2;4
4;427;21;11;الصورة والاضاءة;سينيما;3;4;7
4;427;21;11;المساعدة على الاخراج;سينيما;0;3;3
4;427;21;;تركيب;فنون وحرف;0;6;6
4;427;21;11;تركيب;فنون وحرف;4;1;5
4;427;21;;صوت;فنون وحرف;1;1;2
4;427;21;11;صوت;فنون وحرف;2;0;2
4;427;21;13;علوم السينما و السمعي البصري، الوساطة الفنية و تكنولوجيات الفن;سينيما;1;2;3
4;426;51;11;التجديد والتثمين في الصناعات الغذائية والتنمية المستديمة;هندسة المواد;1;7;8
4;426;43;5;صناعات غذائية;علوم بيولوجيا;2;24;26
4;426;51;3;صناعات وأساليب غذائية;هندسة المواد;5;34;39
4;424;62;10;ادارة الموارد الطبيعية و تنمية الاقالييم;علوم فلاحية;1;6;7
4;424;62;5;إنتاج فلاحي;علوم فلاحية;5;11;16
4;424;34;5;اقتصاد ريفي;علوم اقتصادية;3;15;18
4;424;62;10;الغذائية والفلاحية : تسويق المنتوجات;علوم فلاحية;3;5;8
4;424;62;3;بعث والتصرف في المؤسسات الفلاحية;علوم فلاحية;7;17;24
4;433;53;5;الأنظمة الصناعية والمنافسة;هندسة صناعية والكترونيك وآلية;3;15;18
4;433;53;5;الأنظمة الطاقية والتكنولوجيات النظيفة;هندسة موارد بيئية;3;8;11
4;433;53;5;الالكترونيات المتقدمة والنانوتكنولوجيا;هندسة صناعية والكترونيك وآلية;9;6;15
4;433;44;11;هندسة الابتكار ونقل التكنولوجيا;كيمياء;10;4;14
4;431;53;5;هندسة صناعية;هندسة صناعية والكترونيك وآلية;14;14;28
4;431;53;5;هندسة ميكانيكية;هندسة ميكانيكية;12;1;13
4;428;53;10;الآلية والروبوتيك ومعالجة المعلومة;هندسة صناعية والكترونيك وآلية;3;7;10
4;428;42;10;تكنولوجيا المعلومة والاتصال:الشبكات والملتيميديا;إعلامية;1;8;9
4;428;41;10;علوم البيانات والموبيكتي;الإحصاء وتحليل المعلومات;2;1;3
4;428;53;10;علوم التكنولوجيا طاقة الرياح;هندسة كهربائية;1;1;2
4;428;53;5;ميكاترونيك;هندسة الإلكتروميكانيك والميكاترونيك;27;25;52
4;428;53;5;هندسة الأنظمة الصناعية واللوجستيكية;هندسة صناعية والكترونيك وآلية;23;32;55
4;428;42;5;هندسة الإعلامية التطبيقية;إعلامية;52;56;108
4;428;42;5;هندسة انظمة الانفروترونيك;إعلامية;14;21;35
4;428;53;13;هندسة كهربائية;هندسة كهربائية;2;5;7
4;421;11;3;تربية الطفل;علوم التربية;5;80;85
4;421;11;3;تربية الطفولة المبكرة;علوم التربية;0;35;35
4;432;42;11;أنفــــوتـــرونيـــك;إعلامية;1;14;15
4;432;42;3;اعلامية واتصالات;إعلامية;28;36;64
4;432;53;3;الالية والاعلامية الصناعية;هندسة صناعية والكترونيك وآلية;26;26;52
4;432;42;10;الروبوتيك و الإعلامية و أنظمة الإتصالات;إعلامية;3;11;14
4;432;42;3;النظم المحمولة وانترنات الأشياء;إعلامية;20;27;47
4;432;53;11;سلامة الشبكات و أنظمة الإتصالات المحمولة;إتصالات;5;14;19
4;432;42;3;علوم الاعلامية;إعلامية;72;55;127
4;432;53;11;ميكاترونيك;هندسة الإلكتروميكانيك والميكاترونيك;6;3;9
4;432;42;3;هندسة الشبكات والنظم;إعلامية;12;10;22
4;417;52;3;البناء المعدني;هندسة مدنية;9;7;16
4;417;52;3;البنية التحتية;هندسة مدنية;22;11;33
4;417;52;3;التخطيط والتصرف في الأشغال;تعمير وتهيئة;8;10;18
4;417;52;3;البناء;هندسة مدنية;8;11;19
4;417;52;10;التخطيط العمراني المستدام والحوكمة في المغرب الكبير;تعمير وتهيئة;2;5;7
4;417;52;11;التصرف و متابعة مشاريع الهندسة المدنية;هندسة مدنية;10;13;23
4;417;52;;التعمير والتهيئة;تعمير وتهيئة;2;17;19
4;417;52;3;التعمير والتهيئة;تعمير وتهيئة;6;40;46
4;417;52;2;الهيدروليكية;هندسة مدنية;1;0;1
4;417;52;3;الهيدروليكية;هندسة مدنية;11;4;15
4;417;52;10;هندسة مدنية;هندسة مدنية;3;4;7
4;416;41;3;الاحصاء البيئي;الإحصاء وتحليل المعلومات;1;14;15
4;416;53;2;الهندسة الطاقية;هندسة موارد بيئية;6;12;18
4;416;53;3;الهندسة الطاقية;هندسة موارد بيئية;4;13;17
4;416;81;3;حماية وتكنولوجيات المحيط;حماية البيئة;3;20;23
4;416;44;3;كيمياء فيزياء;فيزياء;2;14;16
4;415;31;3;إدارة الأعمال;تصرف;6;9;15
4;415;31;11;إدارة الأعمال الدولية;تصرف;4;12;16
4;415;31;3;التسويق;تصرف;12;13;25
4;415;31;3;التصرف اللوجستي والإنتاج;تصرف;6;12;18
4;415;31;3;المحاسبة;محاسبة;13;55;68
4;415;34;3;الهندسة الإقتصادية و المالية;علوم اقتصادية;2;21;23
4;415;31;11;تسويق المبادرة والابتكار;تصرف;8;12;20
4;415;31;3;ذكاء الاعمال;تصرف;14;24;38
4;415;31;3;مالية;تصرف;16;67;83
4;415;31;11;محاسبة ونظم المعلومات;محاسبة;7;18;25
4;415;31;11;هندسة مالية;تصرف;3;14;17
4;413;62;3;علوم البحار;علوم فلاحية;3;20;23
4;413;62;11;علوم البحار;علوم فلاحية;2;2;4
4;412;53;2;الأكترونيك الصناعي;هندسة صناعية والكترونيك وآلية;4;4;8
4;412;42;11;الأنظمة السيبرمادية;إعلامية;3;13;16
4;412;53;2;الالية والاعلامية الصناعية;هندسة صناعية والكترونيك وآلية;1;7;8
4;412;53;10;التحكم في النظم الصناعية;هندسة صناعية والكترونيك وآلية;13;11;24
4;412;53;11;الشبكات والإتصالات;إتصالات;3;2;5
4;412;53;2;الكترونيك السيارات;هندسة صناعية والكترونيك وآلية;8;6;14
4;412;53;2;النظم المحمولة;هندسة صناعية والكترونيك وآلية;9;7;16
4;412;42;2;النظم المحمولة وانترنات الأشياء;إعلامية;15;15;30
4;412;53;11;خدمات وسلامة الشبكات;إتصالات;5;10;15
4;412;42;2;علوم الاعلامية;إعلامية;18;18;36
4;412;53;2;علوم وتكنولوجيات المعلومات والاتصالات:شبكات وإتصالات;إتصالات;10;16;26
4;412;42;2;هندسة الشبكات والنظم;إعلامية;5;4;9
4;410;22;3;ألمانية;لغة ألمانية;5;17;22
4;410;22;3;إسبانية;لغة إسبانية;0;6;6
4;410;22;10;التواصل بين الثقافات;ترجمة ولغات مطبقة;2;12;14
4;410;22;3;الرّوسيّة;لغة وآداب روسية;3;15;18
4;410;22;3;الصينية: اللغة والأداب والحضارة;لغة صينية;1;25;26
4;410;22;13;العربية;آداب عربية;0;1;1
4;410;22;10;العربية;آداب عربية;0;5;5
4;410;22;11;العربية الناطقين بغيرها;آداب عربية;1;3;4
4;410;22;13;اللسانيات التطبيقية;ترجمة ولغات مطبقة;3;2;5
4;410;22;10;اللسانيات التطبيقية;ترجمة ولغات مطبقة;0;27;27
4;410;22;13;اللسانيات العامة;ترجمة ولغات مطبقة;2;2;4
4;410;22;10;اللسانيات العامة;ترجمة ولغات مطبقة;0;5;5
4;410;22;10;اللغة والآداب الأنقليزية (الدراسات عبر الثقافات);لغة إيطالية;2;15;17
4;410;22;3;انقليزية;آداب إنقليزية;11;137;148
4;410;22;11;انقليزية;آداب إنقليزية;10;47;57
4;410;53;3;ايطالية;هندسة صناعية والكترونيك وآلية;0;17;17
4;410;22;11;ترجمة;ترجمة ولغات مطبقة;2;7;9
4;410;22;11;روسية التطبيقية في السياحة والتراث;لغة وآداب روسية;0;3;3
4;410;22;3;عربية: اللغة والأداب والحضارة;آداب عربية;10;37;47
4;410;22;3;فرنسية;آداب فرنسية;2;36;38
4;411;22;2;إيطالية:إقتصاد وتصرف;لغة إيطالية;1;1;2
4;411;22;3;الإيطالية;لغة إيطالية;2;11;13
4;411;22;3;العربية;آداب عربية;2;14;16
4;411;22;3;الفرنسية;آداب فرنسية;0;20;20
4;411;22;3;انقليزية;آداب إنقليزية;7;40;47
4;411;22;11;انقليزية الاعمال والسياحة;آداب إنقليزية;1;5;6
4;411;22;11;فرنسية:فرنسية السياحة والتصرف في التراث;آداب فرنسية;2;13;15
4;409;21;3;أثاث;فنون وحرف;4;16;20
4;409;21;3;إتصال سمعي بصري;فنون وحرف;21;20;41
4;409;21;3;إشهار خطي;علوم وتقنيات الفنون;5;29;34
4;409;21;3;التصوير الفوتوغرافي;الفن التشكيلي;1;12;13
4;409;21;11;تصميم الفضاء;فنون وحرف;2;12;14
4;409;21;11;تصميم الصورة;فنون وحرف;3;16;19
4;409;21;3;تصميم الفضاء : هندسة داخلية;فنون وحرف;5;25;30
4;409;21;11;تصميم المنتوج;فنون وحرف;3;3;6
4;409;21;3;حفر;الفن التشكيلي;2;11;13
4;409;21;3;خزف;الفن التشكيلي;2;7;9
4;409;21;11;خزف;الفن التشكيلي;0;11;11
4;409;21;3;رسم;الفن التشكيلي;0;20;20
4;409;21;3;نحت;الفن التشكيلي;0;7;7
4;409;21;11;نحت;الفن التشكيلي;3;5;8
4;409;21;10;نظريات الابداع;علوم وتقنيات الفنون;4;18;22
4;408;31;2;التصرف في الموارد البشرية;تصرف;2;0;2
4;408;31;3;التصرف في الموارد البشرية;تصرف;15;40;55
4;408;72;3;التنمية والحماية الاجتماعية;خدمات اجتماعية;3;26;29
4;408;72;3;الخدمة الإجتماعية: الدفاع الاجتماعي;خدمات اجتماعية;2;19;21
4;408;72;3;الخدمة الاجتماعية في المجال المدرسي;خدمات اجتماعية;3;14;17
4;408;71;3;الصحة والسلامة المهنية;مهن شبه طبية;4;13;17
4;408;32;2;القانون الاجتماعي;قانون خاص وعلوم إجرامية;1;0;1
4;408;32;3;القانون الاجتماعي;قانون خاص وعلوم إجرامية;9;39;48
4;408;72;2;الوساطة العائلية;خدمات اجتماعية;1;0;1
4;408;72;3;الوساطة العائلية;خدمات اجتماعية;2;36;38
4;407;53;5;أدواتية وقياسات وصيانة صناعية;هندسة صناعية والكترونيك وآلية;23;23;46
4;407;42;5;إعلامية صناعية;إعلامية;31;20;51
4;407;43;5;بيولوجيا صناعية;علوم بيولوجيا;6;48;54
4;407;53;5;شبكات الإعلامية والإتصالات;إتصالات;28;21;49
4;407;44;5;كيمياء صناعية;كيمياء;12;39;51
4;407;42;5;هندسة البرمجيات;إعلامية;39;18;57
4;406;62;10;الإدارة والتصرف في المنظومات البيئية المائية;علوم فلاحية;1;4;5
4;406;34;5;الاقتصاد والتصرف الفلاحي والصناعات الغذائي;علوم اقتصادية;2;5;7
4;406;62;10;التحسين الوراثي للنباتات و البيوتكنولوجيا النباتية;علوم فلاحية;0;5;5
4;406;51;10;التراث الغذائي للتنمية المستديمة;هندسة المواد;0;1;1
4;406;62;10;التصرف في المنظومات البيئية الطبيعية وتثمين مواردها;علوم فلاحية;0;4;4
4;406;62;5;الهندسة االمائية و تهيئة الريف;علوم فلاحية;4;10;14
4;406;44;10;جيوماتيك والاستخدامات في الميادين الفلاحية والبيئية;فيزياء;3;1;4
4;406;44;11;جيوماتيك والاستخدامات في الميادين الفلاحية والبيئية;فيزياء;0;1;1
4;406;62;5;حماية النباتات;علوم فلاحية;0;9;9
4;406;43;5;صناعات غذائية;علوم بيولوجيا;1;8;9
4;406;62;5;علوم الانتاج الحيواني;علوم فلاحية;6;4;10
4;406;62;5;علوم الانتاج النباتي;علوم فلاحية;4;15;19
4;406;62;5;هندسة الصيد البحري والبيئة;علوم فلاحية;0;7;7
4;403;31;3;إدارة الأعمال;تصرف;7;13;20
4;403;42;10;إعلامية التصرف والتجارة الإلكترونية;إعلامية تصرف;1;6;7
4;403;34;3;التجارة و المالية الدولية;علوم اقتصادية;9;24;33
4;403;34;3;التحاليل و السياسة الاقتصادية;علوم اقتصادية;7;27;34
4;403;31;3;التسويق;تصرف;8;13;21
4;403;31;10;التسويق;تصرف;0;6;6
4;403;31;11;التسويق السياحي;تصرف;1;5;6
4;403;31;3;التصرف في الموارد البشرية;تصرف;3;15;18
4;403;31;3;الخدمات الالكترونية في الأعمال;محاسبة;10;13;23
4;403;31;3;المالية;تصرف;12;29;41
4;403;31;10;المالية (مالية السوق ومالية المؤسسة);تصرف;3;3;6
4;403;31;3;المحاسبة;محاسبة;18;64;82
4;403;34;10;النقد والمالية والبنك;علوم اقتصادية;1;6;7
4;403;34;3;النقد والمالية والبنك:تقنيات التجارة الدولية;علوم اقتصادية;4;32;36
4;403;31;11;تقنيات المحاسبة والجباية;محاسبة;3;18;21
4;403;31;3;ذكاء الاعمال;تصرف;8;15;23
4;403;31;11;ذكاء الاعمال;تصرف;3;8;11
4;403;34;11;لوجستية التجارة الدولية;علوم اقتصادية;5;15;20
4;403;42;3;نظم المعلومات في الاعمال;إعلامية تصرف;15;20;35
4;403;42;11;هندسة أنظمة المعلومات;إعلامية;5;13;18
4;403;34;11;هندسة إقتصادية ومالية;علوم اقتصادية;5;18;23
4;402;32;11;الحوكمة ومقاومة الفساد;العلوم القانونية الأساسية;7;6;13
4;402;32;13;العلوم السياسية;العلوم القانونية الأساسية;2;0;2
4;402;32;10;العلوم السياسية;العلوم القانونية الأساسية;12;13;25
4;402;32;10;القانون الانقلوسكسوني;قانون خاص وعلوم إجرامية;5;17;22
4;402;32;11;القانون البنكي والأسواق المالية;قانون خاص وعلوم إجرامية;1;14;15
4;402;32;11;القانون الجبائي وقانون النزاعات;قانون خاص وعلوم إجرامية;6;9;15
4;402;32;10;القانون الجزائي وعلوم الاجرام;قانون خاص وعلوم إجرامية;4;16;20
4;402;32;10;القانون الدولي وقانون العلاقات المغاربية الأوروبية;قانون عام;2;24;26
4;402;32;11;حقوق الانسان والقانون الانساني;قانون عام;3;1;4
4;402;32;11;حوكمة الطلب العمومي;العلوم القانونية الأساسية;0;1;1
4;402;32;10;قانون الأعمال;قانون المؤسسات;8;33;41
4;402;32;10;قانون البيئة;قانون خاص وعلوم إجرامية;3;6;9
4;402;32;11;قانون الصحة;قانون عام;4;3;7
4;402;32;3;قانون خاص;قانون خاص وعلوم إجرامية;48;239;287
4;402;32;13;قانون خاص;قانون خاص وعلوم إجرامية;1;4;5
4;402;32;10;قانون خاص;قانون خاص وعلوم إجرامية;0;19;19
4;402;32;3;قانون عام;قانون عام;4;62;66
4;402;32;13;قانون عام;قانون عام;0;6;6
4;402;32;10;قانون عام;قانون عام;4;10;14
4;405;83;2;الإدارة والتصرف السياحي;سياحة;26;26;52
4;405;83;3;الإدارة والتصرف السياحي;سياحة;26;26;52
4;405;83;3;الإدارة والتصرف في الايواء;سياحة;8;27;35
4;405;83;11;التغذية وتنظيم الاطعام;سياحة;4;16;20
4;405;83;11;التقنيات والتنظيم الفندقي والسياحي;سياحة;12;27;39
4;405;83;3;دليل سياحي;سياحة;1;3;4
4;404;31;3;ادارة أعمال;تصرف;28;43;71
4;404;31;3;المالية;تصرف;40;123;163
4;404;31;3;المحاسبة;محاسبة;40;84;124
4;404;31;3;تسويق;تصرف;28;64;92
4;404;31;3;ذكاء الاعمال;تصرف;10;22;32
1;101;22;1;أصول الدين;الشريعة وأصول الدين;3;30;33
1;101;22;13;أصول الدين;الشريعة وأصول الدين;74;28;102
1;101;62;10;البفكر الاسلامي المعاصر;علوم فلاحية;7;9;16
1;101;11;11;التربية والتعليم: التربية الإسلامية;علوم التربية;1;17;18
1;101;22;1;الحضارة الاسلامية;الحضارة الإسلامية;4;13;17
1;101;31;11;الرقابة والتدقيق الشرعي في المؤسسات المالية;تصرف;5;21;26
1;101;22;1;الشريعة والقانون;الشريعة وأصول الدين;4;29;33
1;101;22;10;العلوم الدينية وحوار الحضارات:الشريعة والقانون;الشريعة وأصول الدين;11;11;22
1;101;22;10;العلوم الدينية وحوار الحضارات:العقيدة والمقارنة;الشريعة وأصول الدين;9;16;25
1;101;22;1;العلوم الدينية وحوار الحضارات:القرآن والحديث والسيرة;الحضارة الإسلامية;9;25;34
1;101;22;10;العلوم الدينية وحوار الحضارات:القرآن والحديث والسيرة;الحضارة الإسلامية;9;3;12
1;101;31;1;المالية (مالية السوق ومالية المؤسسة);تصرف;9;29;38
1;101;31;10;المالية (مالية السوق ومالية المؤسسة);تصرف;6;20;26
1;101;22;11;علم الفريضة;الشريعة وأصول الدين;6;8;14
1;101;22;1;فنون التراث الإسلامي;تراث وعلم الآثار;2;10;12
1;101;22;11;فنون التراث الإسلامي;تراث وعلم الآثار;0;8;8
1;101;22;1;فنون التراث الإسلامي: فنون التراث الإسلامي/الملتيميديا المطبقة على الفنون الإسلامية;تراث وعلم الآثار;1;11;12
1;102;22;3;أصول الدين;الشريعة وأصول الدين;11;4;15
1;102;22;10;الحديث وعلومه;الحضارة الإسلامية;10;4;14
1;102;22;3;الحضارة الاسلامية;الحضارة الإسلامية;5;11;16
1;102;22;10;الحضارة الاسلامية;الحضارة الإسلامية;6;3;9
1;102;22;10;العقيدة والفلسفة الاسلامية;الحضارة الإسلامية;4;5;9
1;102;34;13;العلوم الاسلامية;علوم اقتصادية;23;10;33
1;102;22;3;الفقه و أصوله;الشريعة وأصول الدين;16;10;26
1;102;22;10;الفقه والسياسة الشرعية;الحضارة الإسلامية;6;10;16
1;102;22;3;حفظ الوثائق وترميمها;تراث وعلم الآثار;1;9;10
1;102;22;10;دراسات قرانية معاصرة;الحضارة الإسلامية;7;9;16
1;102;22;3;علوم القرآن و الحديث;الحضارة الإسلامية;7;10;17
1;103;22;3;الأديان المقارنة وحوار الحضارات;الحضارة الإسلامية;8;21;29
1;103;22;3;الدراسات الإسلامية;الحضارة الإسلامية;7;18;25
1;103;22;3;الفقه المقارن والقانون;الحضارة الإسلامية;10;13;23
9;908;42;3;إعلامية التصرف;إعلامية تصرف;2;16;18
9;907;11;3;التربية و التعليم;علوم التربية;42;208;250
9;907;22;3;انقليزية مطبقة;آداب إنقليزية;4;13;17
9;907;83;3;تنشيط سياحي;سياحة;12;26;38
9;906;32;3;القانون;قانون خاص وعلوم إجرامية;26;140;166
9;906;32;10;القانون;قانون خاص وعلوم إجرامية;15;25;40
9;906;32;11;القانون الإداري والجبائي;قانون خاص وعلوم إجرامية;3;26;29
9;906;32;11;قانون الشؤون العقارية;قانون خاص وعلوم إجرامية;7;24;31
9;906;32;11;قانون المؤسسة و الأعمال;قانون خاص وعلوم إجرامية;8;13;21
9;905;41;3;رياضيات;الرياضيات;5;7;12
9;905;41;10;رياضيات;الرياضيات;3;1;4
9;905;42;3;علوم الاعلامية;إعلامية;7;17;24
9;905;42;11;علوم الاعلامية;إعلامية;4;11;15
9;905;31;11;هندسة مالية;تصرف;1;6;7
9;905;42;3;هندسة نظم الإعلامية : النظم المحمولة و إنترنات الآشياء;إعلامية;6;11;17
9;905;42;11;هندسة نظم الإعلامية : النظم المحمولة و إنترنات الآشياء;إعلامية;0;6;6
9;910;53;3;الإلكترونيك و الكهروتقنية و الآلية: الأنظمة الكهربائية;هندسة صناعية والكترونيك وآلية;5;4;9
9;910;53;3;الهندسة الميكانيكية : الطاقة;هندسة ميكانيكية;2;2;4
9;910;42;3;علوم الاعلامية;إعلامية;9;6;15
9;910;53;3;هندسة الانظمة الصناعية;هندسة صناعية والكترونيك وآلية;3;5;8
9;904;53;10;آلية والإعلامية الصناعية;هندسة صناعية والكترونيك وآلية;7;9;16
9;904;53;3;الإلكترونيك و الكهروتقنية و الآلية: الأنظمة الكهربائية;هندسة صناعية والكترونيك وآلية;6;15;21
9;904;53;3;الإلكترونيك و الكهروتقنية و الآلية: القياس و الادواتية و المترولوجيا;هندسة صناعية والكترونيك وآلية;9;17;26
9;904;53;11;التحكم في النظم الصناعية;هندسة صناعية والكترونيك وآلية;11;13;24
9;904;53;11;التصرف وصيانة الانظمة الصناعية;هندسة صناعية والكترونيك وآلية;15;4;19
9;904;42;3;نظم الإعلامية: النظم المحمولة و أنترنات الأشياء;إعلامية;0;2;2
9;904;53;3;هندسة طاقية: الطاقات المتجددة;هندسة موارد بيئية;9;22;31
9;904;53;3;هندسة ميكانيكية;هندسة ميكانيكية;56;40;96
9;904;53;11;هندسة ميكانيكية;هندسة ميكانيكية;13;7;20
9;903;21;2;التصميم;فنون وحرف;2;4;6
9;903;21;11;التصميم لخدمة التنمية المستديمة;فنون وحرف;0;9;9
9;903;21;3;تصميم الفضاء : هندسة داخلية;فنون وحرف;3;27;30
9;903;21;11;تصميم الفضاء : هندسة داخلية;فنون وحرف;2;8;10
9;903;21;3;تصميم منتوج;فنون وحرف;4;3;7
9;903;21;3;فنون تشكيلية;الفن التشكيلي;0;10;10
9;902;21;3;تصميم الصورة:اشهار خطي/رسم اباني و شريط مصور;فنون وحرف;2;11;13
9;902;21;3;تصميم الفضاء : هندسة داخلية;فنون وحرف;2;18;20
9;902;21;11;تصميم الفضاء : هندسة داخلية;فنون وحرف;1;5;6
9;902;21;3;تصميم منتوج;فنون وحرف;1;6;7
9;902;21;3;تصميم منتوج: ابتكار حرفي/ابتكار صناعي;فنون وحرف;1;9;10
9;902;21;3;خزف;الفن التشكيلي;1;6;7
9;902;21;11;فنون مرئية: فن وتواصل(تواصل سمعي بصري);الفن التشكيلي;1;3;4
9;909;21;3;تصميم الفضاء : هندسة داخلية;فنون وحرف;6;17;23
9;909;21;11;تصميم الفضاء : هندسة داخلية;فنون وحرف;1;3;4
9;909;21;3;تصميم المنتوج: ابتكار صناعي;فنون وحرف;2;10;12
9;901;22;3;آثار;تراث وعلم الآثار;6;8;14
9;901;22;10;أنساق التفكير الفلسفي:منهجيته ورهاناته;فلسفة;11;6;17
9;901;22;10;الآثار والفنون الاسلامية;تراث وعلم الآثار;5;4;9
9;901;22;3;الترجمة واللغات;ترجمة ولغات مطبقة;2;11;13
9;901;22;11;السياحة الثقافية المستدامة و تثمين التراث الأثري و الطبيعي;تراث وعلم الآثار;4;6;10
9;901;22;3;اللغة و الآداب والحضارة الإنقليزية;آداب إنقليزية;16;61;77
9;901;22;3;اللغة و الأداب و الحضارة الفرنسية;آداب فرنسية;9;19;28
9;901;22;3;اللغة والآداب والحضارةالعربية;آداب عربية;26;65;91
9;901;22;10;انقليزية;آداب إنقليزية;7;13;20
9;901;22;10;عربية أدب;آداب عربية;3;6;9
9;901;22;10;عربية حضارة;آداب عربية;4;2;6
9;901;22;10;عربية لغة;آداب عربية;5;9;14
9;901;22;10;فرنسية;آداب فرنسية;6;8;14
9;901;22;3;فلسفة;فلسفة;8;10;18
9;911;42;1;علوم الإعلامية: هندسة البرمجيات ونظم المعلومات;إعلامية;5;10;15
9;911;81;10;الإكفيزيولوجيا وتأقلم النبات;حماية البيئة;0;15;15
9;911;53;11;الالكترونيك والنظمة المندمجة المطبقة على الفلاحة;هندسة صناعية والكترونيك وآلية;6;23;29
9;911;51;1;الصناعات الغذائية والتغذية:الصناعات الغذائية;هندسة المواد;0;10;10
9;911;53;11;تكنولوجيا الاساليب و مراقبة جودة المواد الغذائية;تحضير تقني;3;23;26
9;911;42;10;علوم الاعلامية;إعلامية;4;4;8
9;911;43;1;علوم الحياة والمحيط;علوم بيولوجيا;2;7;9
9;911;44;10;علوم المواد;فيزياء;2;4;6
9;911;53;1;علوم وتكنولوجيات المعلومات والإتصالات: تكنولوجيا الالكترونيك والاتصالات;إتصالات;4;23;27
9;911;53;1;فيزياء وكيمياء;تحضير علمي;1;3;4
8;816;71;2;البيولوجيا الطبية;مهن شبه طبية;1;0;1
8;816;71;3;البيولوجيا الطبية;مهن شبه طبية;1;17;18
8;816;71;2;التبنيج و الإنعاش;مهن شبه طبية;1;0;1
8;816;71;3;التبنيج و الإنعاش;مهن شبه طبية;3;23;26
8;816;71;2;التصوير الطبي والمداواة بالأشعة;مهن شبه طبية;0;1;1
8;816;71;3;التصوير الطبي والمداواة بالأشعة;مهن شبه طبية;3;29;32
8;816;71;2;التوليد;مهن شبه طبية;0;1;1
8;816;71;3;المعالجة الطبيعية;مهن شبه طبية;4;28;32
8;816;71;3;بدائل الأسنان;مهن شبه طبية;1;17;18
8;816;71;3;علوم التوليد/قابلة;مهن شبه طبية;0;34;34
8;815;53;10;الطاقة واقتصاد الطاقة;هندسة موارد بيئية;2;6;8
8;815;53;10;الهندسة الميكانيكية;هندسة ميكانيكية;2;3;5
8;815;53;11;الهندسة الميكانيكية;هندسة ميكانيكية;10;12;22
8;815;53;13;هندسة الطاقة;هندسة موارد بيئية;1;9;10
8;815;53;5;هندسة الطاقة: السوائل الحرارية;هندسة موارد بيئية;7;8;15
8;815;53;5;هندسة الطاقة: الطاقة المتجددة;هندسة موارد بيئية;2;13;15
8;815;53;5;هندسة الطاقة: النجاعة الطاقية;هندسة موارد بيئية;7;8;15
8;815;53;5;هندسة الطاقة: هندسة النفط والغاز;هندسة موارد بيئية;6;7;13
8;815;51;13;هندسة النسيج;هندسة النسيج;2;6;8
8;815;51;5;هندسة النسيج: النسيج التقني;هندسة النسيج;1;10;11
8;815;51;5;هندسة النسيج:إنتاج الملابس;هندسة النسيج;2;10;12
8;815;51;5;هندسة النسيج:إنتاج المنسوجات;هندسة النسيج;2;10;12
8;815;51;10;هندسة صناعة مواد النسيج و المنتوجات التقنية و المتقدمة;هندسة النسيج;1;15;16
8;815;53;13;هندسة كهربائية;هندسة كهربائية;4;7;11
8;815;53;5;هندسة كهربائية: الاعلامية الصناعية والأساليب;هندسة كهربائية;7;8;15
8;815;53;5;هندسة كهربائية: الالكترونيات المتقدمة والتكنولوجيات الحديثة;هندسة كهربائية;7;7;14
8;815;53;5;هندسة كهربائية: النظم الكهربائية والطاقة المتجددة;هندسة كهربائية;3;6;9
8;815;53;5;هندسة كهربائية:الاشراف الآلي الصناعي;هندسة كهربائية;8;4;12
8;815;53;13;هندسة ميكانيكية;هندسة ميكانيكية;2;1;3
8;815;53;5;هندسة ميكانيكية: الميكانيك الرقمي;هندسة ميكانيكية;11;12;23
8;815;53;5;هندسة ميكانيكية: تكنولوجيا الصناعات البلاستيكية والمواد المركبة;هندسة ميكانيكية;15;3;18
8;815;53;5;هندسة ميكانيكية:هندسة الإنتاج;هندسة ميكانيكية;9;7;16
8;813;42;3;إعلامية التصرف: الخدمات الإلكترونية في الأعمال;إعلامية تصرف;6;11;17
8;813;42;11;علوم الإعلامية: علم البيانات;إعلامية;5;11;16
8;813;42;3;علوم الإعلامية: هندسة البرمجيات ونظم المعلومات;إعلامية;51;18;69
8;813;42;3;إعلامية التصرف : ذكاء الأعمال;إعلامية تصرف;9;24;33
8;813;42;3;علوم الإعلامية: الإعلامية والوسائط المتعددة;إعلامية;24;31;55
8;813;42;3;هندسة نظم الإعلامية : النظم المحمولة و إنترنات الآشياء;إعلامية;19;33;52
8;813;53;11;هندسة نظم الإعلامية: خبير شبكات;إتصالات;2;10;12
8;813;42;3;هندسة نظم الإعلامية: هندسة الشبكات و النظم;إعلامية;17;16;33
8;812;53;10;الميكروإلكترونيك والأدواتية;هندسة الإلكتروميكانيك والميكاترونيك;1;8;9
8;812;42;3;الآنظمة المحمولة;إعلامية;7;12;19
8;812;53;3;الإلكترونيك و الكهروتقنية و الآلية: القياس و الادواتية و المترولوجيا;هندسة صناعية والكترونيك وآلية;3;11;14
8;812;53;3;الالكترونيك وتكنولوجيات المعلومات والاتصالات;هندسة صناعية والكترونيك وآلية;15;28;43
8;812;41;3;الرياضيات التطبيقية;الإحصاء وتحليل المعلومات;6;8;14
8;812;53;5;الكترونيك ومكروالكترونيك;هندسة صناعية والكترونيك وآلية;13;20;33
8;812;42;3;هندسة البرمجيات;إعلامية;50;41;91
8;812;42;10;هندسة البرمجيات;إعلامية;1;3;4
8;812;42;11;هندسة البرمجيات;إعلامية;6;18;24
8;811;43;11;البيوتكنولوجيا البحرية وريادة الأعمال;علوم بيولوجيا;2;11;13
8;811;43;2;البيوتكنولوجيا النباتية والتثمين;علوم بيولوجيا;0;10;10
8;811;43;2;بيوتكنولوجيا البيئة وتثمين الفضلات;علوم بيولوجيا;5;11;16
8;811;43;2;بيوتكنولوجيا بحرية وتربية الكائنات المائية;علوم بيولوجيا;0;8;8
8;811;43;3;بيولوجيا خلوية و جزيئية;علوم بيولوجيا;1;24;25
8;811;43;10;بيولوجيا خلوية و جزيئية;علوم بيولوجيا;0;12;12
8;811;43;3;تحاليل وتجارب بيولوجية;علوم بيولوجيا;1;42;43
8;811;43;10;علم الوراثة التنوع البيولوجي والتثمين;علوم بيولوجيا;1;10;11
8;811;43;13;علوم بيولوجيا وبيوتكنولوجيا;علوم بيولوجيا;2;15;17
8;811;43;3;مراقبة جودة الأغذية وحفظ الصحة;علوم بيولوجيا;1;22;23
8;811;43;11;مراقبة جودة الأغذية وحفظ الصحة;علوم بيولوجيا;2;8;10
8;810;11;3;التربية و التعليم;علوم التربية;21;382;403
8;809;53;3;الإلكترونيك و الكهروتقنية و الآلية: الآلية و الإعلامية الصناعية;هندسة صناعية والكترونيك وآلية;7;10;17
8;809;43;3;البيوتكنولوجيا : مراقبة جودة الأغذية و حفظ الصحة;علوم بيولوجيا;0;35;35
8;809;81;11;التصرف ومعالجة وتثمين النفايات;حماية البيئة;2;16;18
8;809;51;11;التكنولوجيا الغذائية;هندسة المواد;1;5;6
8;809;42;11;الذكاء الاصطناعي وانترنات الأشياء;إعلامية;3;5;8
8;809;44;3;الفيزياء;فيزياء;1;13;14
8;809;42;3;تكنولوجيا المعلومات و الإتصال: منظومة معالجة و تحليل المعلومة;إعلامية;15;28;43
8;809;81;11;علوم السموميات البيئية ومراقبة المحيط;حماية البيئة;1;8;9
8;808;22;3;اللغة والآداب والحضارة الألمانية;لغة ألمانية;3;22;25
8;808;22;3;اللغة والآداب والحضارة الإسبانية;لغة إسبانية;1;20;21
8;808;22;3;الإيطالية :اللغة والآداب والحضارة;لغة إيطالية;2;7;9
8;808;22;3;الترجمة;ترجمة ولغات مطبقة;2;19;21
8;808;22;3;اللغة و الأداب و الحضارة الفرنسية;آداب فرنسية;2;25;27
8;808;22;3;اللغة والآداب والحضارة الأنقليزية;آداب إنقليزية;7;29;36
8;807;21;3;التصميم : اشهار خطي;فنون وحرف;3;28;31
8;807;21;11;التصميم : اشهار خطي;فنون وحرف;2;10;12
8;807;21;3;التصميم : هندسة داخلية;فنون وحرف;6;28;34
8;807;21;11;التصميم : هندسة داخلية;فنون وحرف;3;11;14
8;807;21;3;المصوغ;فنون وحرف;4;11;15
8;807;21;3;تصميم الفضاء: سينوغرافيا;فنون وحرف;0;9;9
8;807;21;11;تصميم المنتوج : ابتكار حرفي;فنون وحرف;0;11;11
8;807;21;3;تصميم المنتوج: إبتكار صناعي;فنون وحرف;3;11;14
8;806;31;2;co-construite:طرق وانتاجية;تصرف في الجودة والإنتاج;2;8;10
8;806;31;2;co-construite:ملابس داخلية نسائية;تصرف في الجودة والإنتاج;0;8;8
8;806;21;3;تصميم المنتوج : التصميم و تنفيذ الملابس;فنون وحرف;1;22;23
8;806;21;3;تصميم المنتوج: مكملات الموضة;فنون وحرف;2;20;22
8;806;21;2;تصميم المنتوج: نسيج;فنون وحرف;1;9;10
8;806;21;11;تصميم النسيج والموضة;فنون وحرف;0;25;25
8;806;21;3;تصميم على الأقمشة;فنون وحرف;0;17;17
8;806;31;3;علوم التصرف: التسويق;تصرف;2;7;9
8;806;31;11;فني تجاري في الملابس;تصرف;1;7;8
8;804;71;9;الصيدلة;مهن الصيدلة;63;173;236
8;803;71;7;الطب;الطب;68;156;224
8;802;31;3;إدارة الأعمال;تصرف;11;55;66
8;802;34;10;البنك والمالية الدولية;علوم اقتصادية;0;3;3
8;802;34;3;التجارة و المالية الدولية;علوم اقتصادية;14;72;86
8;802;31;3;التسويق;تصرف;11;35;46
8;802;31;3;الخدمات الالكترونية في الأعمال;تصرف;1;9;10
8;802;31;3;المالية;تصرف;39;85;124
8;802;31;10;المالية;تصرف;1;4;5
8;802;31;3;المحاسبة;محاسبة;15;72;87
8;802;34;3;الهندسة الإقتصادية و المالية;علوم اقتصادية;7;20;27
8;802;31;11;الهندسة المالية;تصرف;1;18;19
8;802;31;3;ذكاء الاعمال;تصرف;7;17;24
8;802;31;11;ريادة الأعمال وادارة المشاريع;تصرف;0;9;9
8;802;34;3;نقد مالبة بنك وتأمين;علوم اقتصادية;9;70;79
8;801;44;11;الأدواتية المتقدمة والتطبيقات: (أدواتية الطاقات المتجدّدة - أدواتية النظم المحمولة - الأدواتية والإتصالات);فيزياء;10;27;37
8;801;41;10;الرياضيات التطبيقية: الرياضيات والتطبيقات;الرياضيات;5;7;12
8;801;44;11;الكيمياء: التحاليل الفيزيوكيميائية والبيئة;كيمياء;0;19;19
8;801;44;10;المواد والنانو هياكل وأنظمة الإلكترونيك الدفيفة) المواد والنانو هياكل والتطبيقات، الميكرو إلكترونيك والنانو إلكترونيك، الفيزياء الكمية);فيزياء;7;23;30
8;801;42;10;علوم الإعلامية: نظم التفكير الآلي والذكاء الإصطناعي;إعلامية;3;3;6
8;801;53;3;الإلكترونيك و الكهروتقنية و الآلية: الإلكترونيك الصناعي;هندسة صناعية والكترونيك وآلية;14;15;29
8;801;53;3;الإلكترونيك و الكهروتقنية و الآلية: النظم المحمولة;هندسة صناعية والكترونيك وآلية;22;27;49
8;801;53;13;الالكترونيك والميكروالكترونيك;هندسة صناعية والكترونيك وآلية;9;13;22
8;801;44;3;الفيزياء;فيزياء;6;22;28
8;801;44;13;الفيزياء;فيزياء;7;26;33
8;801;44;3;الفيزياء و الطاقة;فيزياء;4;11;15
8;801;44;3;القياسات و الأدواتية;فيزياء;1;17;18
8;801;44;13;الكيمياء;كيمياء;1;18;19
8;801;44;3;الكيمياء : بحث;كيمياء;6;20;26
8;801;44;3;الكيمياء : كيمياء المواد;كيمياء;3;19;22
8;801;44;10;الكيمياء(تأليف وتفاعل في الكيمياء العضوية/تأليف و فيزياء-كيمياء المواد);كيمياء;0;25;25
8;801;44;3;الكيمياء: الكيمياء الطبية و المواد الطبيعية;كيمياء;1;25;26
8;801;44;3;الكيمياء: كيمياء الماء و البيئة;كيمياء;0;20;20
8;801;41;3;رياضيات;الرياضيات;4;1;5
8;801;41;13;رياضيات;الرياضيات;11;7;18
8;801;41;3;رياضيات تطبيقية;الرياضيات;7;24;31
8;801;42;3;علوم الإعلامية : هندسة البرمجات و نظم المعلومات;إعلامية;50;30;80
8;801;53;3;فيزياء-كيمياء;تحضير علمي;1;14;15
8;801;42;11;هندسة نظم المعلومات;إعلامية;4;13;17
8;805;71;8;طب الأسنان;طب الأسنان;11;50;61
2;213;31;3;إدارة الأعمال;تصرف;13;21;34
2;213;31;11;إدارة الأعمال والتسويق الفاخر;تصرف;2;12;14
2;213;31;10;إدارة الشبكات و المنظمات;تصرف;5;5;10
2;213;42;3;إعلامية التصرف;إعلامية تصرف;33;30;63
2;213;34;3;ااقتصاديات الاعمال;علوم اقتصادية;9;12;21
2;213;34;13;اقتصاد;علوم اقتصادية;3;3;6
2;213;34;10;اقتصاد التنمية الجهوية;علوم اقتصادية;0;3;3
2;213;34;11;الاقتصاد الرقمي واحداث المؤسسات;علوم اقتصادية;3;15;18
2;213;34;10;الاقتصاد الكلي والمالية الدولية;علوم اقتصادية;0;7;7
2;213;34;3;التحاليل و السياسة الاقتصادية;علوم اقتصادية;1;20;21
2;213;31;3;التسويق;تصرف;12;25;37
2;213;31;11;التسويق الرقمي;تصرف;5;8;13
2;213;31;3;التصرف في الموارد البشرية;تصرف;6;14;20
2;213;31;11;التصرف في الموارد البشرية;تصرف;1;11;12
2;213;31;11;التصرف والتدقيق في المخاطر;تصرف;6;17;23
2;213;31;11;المالية;تصرف;4;5;9
2;213;31;3;المحاسبة;محاسبة;14;23;37
2;213;31;11;المحاسبة :المحاسبة والمراقبة والتدقيق;محاسبة;2;13;15
2;213;34;3;الهندسة الإقتصادية و المالية;علوم اقتصادية;4;18;22
2;213;34;11;الهندسة والتحليل الاقتصادي;علوم اقتصادية;3;16;19
2;213;31;11;تجارة دولية;تصرف;5;23;28
2;213;31;13;تصرف;تصرف;1;1;2
2;213;31;11;رقمنة الخدمات;تصرف;11;6;17
2;213;31;10;قرارات التسويق والإبتكار;تصرف;1;6;7
2;213;31;3;مالية;تصرف;13;61;74
2;213;34;3;نقد ومالية وبنك وتأمين;علوم اقتصادية;12;43;55
2;212;42;5;إعلامية;إعلامية;17;21;38
2;212;42;10;إعلامية;إعلامية;3;5;8
2;212;41;5;رياضيات;الرياضيات;3;11;14
2;212;44;13;فيزياء;فيزياء;1;3;4
2;212;44;10;فيزياء;فيزياء;4;2;6
2;212;53;5;هندسة صناعية;هندسة صناعية والكترونيك وآلية;10;23;33
2;212;53;5;هندسة كهربائية;هندسة كهربائية;21;29;50
2;212;53;13;هندسة كهربائية;هندسة كهربائية;5;2;7
2;212;53;10;هندسة كهربائية;هندسة كهربائية;18;5;23
2;212;52;5;هندسة مدنية;هندسة مدنية;16;15;31
2;212;53;5;هندسة ميكانيكية;هندسة ميكانيكية;31;13;44
2;212;53;13;هندسة ميكانيكية;هندسة ميكانيكية;2;0;2
2;212;53;10;هندسة ميكانيكية;هندسة ميكانيكية;5;3;8
2;215;31;4;أعمال;تصرف;67;131;198
2;215;31;10;أعمال;تصرف;4;12;16
2;215;31;10;التكنولوجيا المالية;تصرف;2;1;3
2;215;31;11;التكنولوجيا المالية;تصرف;6;10;16
2;211;31;3;إدارة الأعمال;تصرف;14;21;35
2;211;31;10;إدارة الأعمال;تصرف;1;11;12
2;211;42;3;إعلامية التصرف;إعلامية تصرف;61;91;152
2;211;42;13;إعلامية التصرف;إعلامية تصرف;14;37;51
2;211;31;11;الإدارة المهنية للمنظمات الاجتماعية والتضامنية;تصرف;4;11;15
2;211;34;11;الاقتصاد الكمي : الذكاء الاقتصادي والتجاري;اقتصاد كمّي;2;18;20
2;211;31;3;التسوق;تصرف;32;54;86
2;211;31;10;التسوق;تصرف;5;12;17
2;211;31;11;التسويق المتصل والاتصال الرقمي;تصرف;1;25;26
2;211;31;11;التصرف في الموارد البشرية;تصرف;6;12;18
2;211;31;10;التصرف في الموارد البشرية والمنظمات;تصرف;1;6;7
2;211;31;3;المالية;تصرف;39;112;151
2;211;31;10;المالية;تصرف;4;7;11
2;211;31;3;المحاسبة;محاسبة;21;47;68
2;211;34;3;الهندسة الإقتصادية و المالية;علوم اقتصادية;6;36;42
2;211;31;11;تأمين;تصرف;5;10;15
2;211;31;13;تصرف;تصرف;15;24;39
2;211;31;11;تقنيات التجارة الدولية;تصرف;2;18;20
2;211;42;11;سلامة النظم المعلوماتية;إعلامية;5;9;14
2;211;42;11;علوم البيانات للأعمال;إعلامية;6;9;15
2;211;31;11;محاسبة;محاسبة;4;37;41
2;211;34;10;نمذجة نظم المعلومات والقرار;اقتصاد كمّي;1;15;16
2;211;31;11;هندسة مالية;تصرف;4;19;23
2;211;42;10;هندسة نظم المؤسسات;إعلامية;2;15;17
2;208;11;3;التنشيط الشبابي;علوم ثقافية;5;22;27
2;208;11;3;الوساطة و التنشيط الثقافي;علوم ثقافية;9;63;72
2;208;83;11;تنشيط شبابي;سياحة;7;19;26
2;208;11;13;علوم ثقافية: تقنيات التنشيط والوساطة;علوم ثقافية;0;2;2
2;208;11;10;علوم ثقافية: تقنيات التنشيط والوساطة;علوم ثقافية;4;26;30
2;208;11;11;علوم ثقافية:تنشيط;علوم ثقافية;7;26;33
2;207;11;3;التربية والتعليم: الانقليزية;علوم التربية;13;43;56
2;206;11;2;علوم التربية;علوم التربية;21;183;204
2;205;21;10;العلوم الثقافية(موسيقى،تنشيط ومسرح);الفن المسرحي;3;7;10
2;205;21;1;المسرح وفنون العرض:فنون الممثل;الفن المسرحي;9;8;17
2;205;21;1;المسرح وفنون العرض:مسرح الناشئة;الفن المسرحي;2;4;6
2;205;21;2;مسرح وفنون العرض:فنون مسرح العرائس;الفن المسرحي;2;6;8
2;204;21;10;إشهار خطي;علوم وتقنيات الفنون;0;9;9
2;204;21;11;إشهار خطي;علوم وتقنيات الفنون;1;6;7
2;204;21;11;التصميم;فنون وحرف;0;7;7
2;204;21;3;التصوير الفوتوغرافي;الفن التشكيلي;3;25;28
2;204;21;11;التصوير الفوتوغرافي;الفن التشكيلي;0;3;3
2;204;21;3;الفنون التشكيلية: رسم;الفن التشكيلي;3;23;26
2;204;21;3;تصميم الصورة:الإشهار الخطي;فنون وحرف;22;33;55
2;204;21;10;تصميم الصورة:الإشهار الخطي;فنون وحرف;0;8;8
2;204;21;3;تصميم الفضاء : هندسة داخلية;فنون وحرف;1;44;45
2;204;21;10;تصميم الفضاء : هندسة داخلية;فنون وحرف;0;6;6
2;204;21;11;تصميم الفضاء : هندسة داخلية;فنون وحرف;5;16;21
2;204;21;3;تصميم المنتوج;فنون وحرف;10;22;32
2;204;21;11;تصميم المنتوج;فنون وحرف;0;3;3
2;204;21;3;حفر;الفن التشكيلي;0;4;4
2;204;21;11;خزف;الفن التشكيلي;2;6;8
2;204;21;13;علوم الفنون وممارساتها;فنون وحرف;4;34;38
2;204;21;11;فن تحريك الصورة;علوم وتقنيات الفنون;4;6;10
2;204;21;10;فنون تشكيلية;الفن التشكيلي;0;9;9
2;204;21;3;فنون تشكيلية : خزف;الفن التشكيلي;0;13;13
2;204;21;3;فنون تشكيلية : نحت;الفن التشكيلي;1;8;9
2;204;21;10;نظريات الابداع;علوم وتقنيات الفنون;0;7;7
2;203;21;3;الموسيقى و الأداء;موسيقى;9;5;14
2;203;21;10;الموسيقى و الأداء;موسيقى;8;6;14
2;203;21;3;موسيقى وعلوم موسيقية;موسيقى;14;15;29
2;203;21;10;موسيقى وعلوم موسيقية;موسيقى;11;14;25
2;202;22;3;تثمين التراث و تنميته :التراث الثقافي;تراث وعلم الآثار;0;9;9
2;202;22;3;تثمين التراث و تنميته :التراث الطبيعي;تراث وعلم الآثار;0;2;2
2;202;83;11;تنمية السياحة التراثية;سياحة;1;25;26
2;202;22;11;حفظ الممتلكات التراثية وترميمها;تراث وعلم الآثار;1;10;11
2;202;22;3;حفظ الممتلكات الثقافية وترميمها;تراث وعلم الآثار;1;17;18
2;201;22;10;الآثار والفنون الاسلامية;تراث وعلم الآثار;2;2;4
2;201;52;11;الجيوماتيك و التهيئة والمحيط;تعمير وتهيئة;3;10;13
2;201;34;10;الجيومرفولوجيا والمحيط;جغرافيا;1;1;2
2;201;34;10;الديمغرافيا;ديمغرافيا;2;11;13
2;201;34;3;الديمغرافيا و السياسات العمومية و التنمية المستدامة;علم الإجتماع;4;18;22
2;201;34;3;الشباب و الحراك و الإشراك الإجتماعي;علم الإجتماع;7;16;23
2;201;22;10;القيم والعمل;فلسفة;4;4;8
2;201;22;3;اللغة و الآداب والحضارة الإنقليزية;آداب إنقليزية;14;52;66
2;201;22;3;اللغة و الأداب و الحضارة الفرنسية;آداب فرنسية;2;29;31
2;201;22;10;اللغة والأدب والحضارة الإنقليزية;آداب إنقليزية;1;12;13
2;201;22;3;اللغة والأدب والحضارة العربية;آداب عربية;13;70;83
2;201;22;13;اللغة والأدب والحضارة العربية;آداب عربية;15;1;16
2;201;22;10;اللغة والأدب والحضارة العربية;آداب عربية;8;16;24
2;201;34;10;المجال والمجتمع والتراب;جغرافيا;4;4;8
2;201;34;3;الوساطة و الضبط والتدخل السوسيولوجي;علم الإجتماع;3;65;68
2;201;22;3;تاريخ;تاريخ;5;9;14
2;201;22;13;تاريخ;تاريخ;13;24;37
2;201;22;10;تاريخ;تاريخ;7;12;19
2;201;22;10;تراث تقليدي;تراث وعلم الآثار;1;12;13
2;201;22;10;تعلمية اللغة الانقليزية للناطقين بغيرها;آداب إنقليزية;2;10;12
2;201;52;3;تهيئة و تخطيط ترابي;تعمير وتهيئة;2;11;13
2;201;34;3;جغرافيا;جغرافيا;3;17;20
2;201;34;13;جغرافيا;جغرافيا;1;1;2
2;201;34;10;علم اجتماع التغيير الاجتماعي;علم الإجتماع;7;16;23
2;201;34;11;علم اجتماع التنمية المحلية والعمل الجمعياتي;علم الإجتماع;1;9;10
2;201;22;13;علم الاجتماع;تراث وعلم الآثار;9;18;27
2;201;34;13;علم السكان;ديمغرافيا;2;0;2
2;201;34;3;علم النفس;علم النفس;6;53;59
2;201;34;13;علم النفس;علم النفس;4;2;6
2;201;34;10;علم النفس السريري والأمراض النفسية;علم النفس;0;3;3
2;201;34;11;علم النفس السريري والأمراض النفسية;علم النفس;1;4;5
2;201;34;11;علم النفس العصبي والسريري;علم النفس;1;2;3
2;201;34;11;علم نفس العمل والموارد البشرية;علم النفس;1;2;3
2;201;22;3;علوم التراث، الفن والآثار الاسلامية;تراث وعلم الآثار;6;12;18
2;201;11;13;علوم التربية;علوم التربية;1;4;5
2;201;11;10;علوم التربية;علوم التربية;2;3;5
2;201;22;13;فرنسية;آداب فرنسية;0;2;2
2;201;22;10;فرنسية;آداب فرنسية;3;19;22
2;201;22;3;فلسفة;فلسفة;6;18;24
2;201;22;13;فلسفة;فلسفة;2;2;4
3;312;71;3;أجهزة جراحة العظام;مهن شبه طبية;3;16;19
3;312;71;3;أدواتية قاعة العمليات الجراحية;مهن شبه طبية;2;31;33
3;312;71;10;البحث من أجل النهوض بالعناية والعلاج في حالات الألم;مهن شبه طبية;0;15;15
3;312;71;3;البيولوجيا الطبية;مهن شبه طبية;2;21;23
3;312;71;3;التبنيج و الإنعاش;مهن شبه طبية;1;26;27
3;312;71;3;التصوير الطبي والمداوات بالأشعة;مهن شبه طبية;6;22;28
3;312;71;3;التغذية البشرية;مهن شبه طبية;2;24;26
3;312;71;3;التوليد;مهن شبه طبية;0;28;28
3;312;71;3;الرعاية الصحية للطفل;مهن شبه طبية;0;37;37
3;312;71;3;العلاج الطبيعي;مهن شبه طبية;5;7;12
3;312;71;3;العلاج بالعمل;مهن شبه طبية;2;28;30
3;312;71;10;العلوم البيوطبية;مهن شبه طبية;2;12;14
3;312;71;3;تقويم النطق و الكلام;مهن شبه طبية;2;23;25
3;312;71;3;حفظ الصحة;مهن شبه طبية;0;25;25
3;312;71;10;علوم التغذية;مهن شبه طبية;0;12;12
3;311;53;10;أنظمة الإتصالات;إتصالات;9;6;15
3;311;31;11;إدارة التجديد;تصرف;9;4;13
3;311;42;5;إعلامية;إعلامية;19;19;38
3;311;53;5;الاتصالات;إتصالات;13;21;34
3;311;53;13;الاتصالات;إتصالات;2;4;6
3;311;42;10;الاشارة وأساليب والمعلومات;إعلامية;2;6;8
3;311;71;10;الالية;مهن شبه طبية;2;5;7
3;311;53;10;الانظمة الكهربائية القوية;هندسة كهربائية;2;1;3
3;311;41;10;التامين والتحكم العشوائي;الرياضيات;9;2;11
3;311;41;10;النمذجة والحساب العلمي;الإحصاء وتحليل المعلومات;2;1;3
3;311;53;10;النمذجة والهيدرولوجيا والمحيط;هندسة موارد بيئية;1;12;13
3;311;42;10;تحليل المعلومات وتعقيدات الأحياء;إعلامية;4;7;11
3;311;42;10;تقنيات انظمة المعلومات;إعلامية;4;5;9
3;311;53;5;تقنيات متقدمة;هندسة صناعية والكترونيك وآلية;13;11;24
3;311;41;13;رياضيات تطبيقية;الرياضيات;2;3;5
3;311;42;10;سياسات العلوم والتكنولوجيا والتجديد;إعلامية;2;6;8
3;311;53;11;منظومات الطاقات المتجددة: تكنولوجيا وتصرف;هندسة موارد بيئية;14;6;20
3;311;53;5;نمذجة الصناعة والخدمات;هندسة صناعية والكترونيك وآلية;9;6;15
3;311;53;13;هندسة المياه;هندسة موارد بيئية;0;1;1
3;311;53;5;هندسة المياه والبيئة;هندسة موارد بيئية;1;1;2
3;311;53;5;هندسة صناعية;هندسة صناعية والكترونيك وآلية;18;22;40
3;311;53;5;هندسة كهربائية;هندسة كهربائية;18;23;41
3;311;53;13;هندسة كهربائية;هندسة كهربائية;2;9;11
3;311;52;5;هندسة مدنية;هندسة مدنية;17;27;44
3;311;52;13;هندسة مدنية;هندسة مدنية;0;1;1
3;311;52;10;هندسة مدنية;هندسة مدنية;2;3;5
3;311;53;5;هندسة ميكانيكية;هندسة ميكانيكية;20;15;35
3;311;53;13;هندسة ميكانيكية;هندسة ميكانيكية;5;2;7
3;309;71;2;علوم التمريض;مهن شبه طبية;58;76;134
3;309;71;3;علوم التمريض;مهن شبه طبية;55;73;128
3;308;53;3;الإجازة في الإلكترونيك و الكهروتقنية و الآلية: النظم المحمولة;هندسة صناعية والكترونيك وآلية;36;22;58
3;308;42;11;البرمجيات الحرة;إعلامية;19;16;35
3;308;42;10;البرمجيات والنظم الإعلامية;إعلامية;0;5;5
3;308;42;11;سلامة النظم المعلوماتية والبنى التحتية;إعلامية;21;19;40
3;308;42;3;علوم الاعلامية;إعلامية;65;64;129
3;308;42;5;هندسة إحداث البرمجيات;إعلامية;19;31;50
3;308;42;5;هندسة الأنظمة المدمجة والأشياء المتصلة;إعلامية;6;9;15
3;308;42;3;هندسة نظم الاعلامية;إعلامية;24;23;47
3;308;42;5;هندسة واحداث البنية التحتية وخدمات الاتصال;إعلامية;8;17;25
3;307;71;3;الهندسة البيوطبية: تكنولوجيا المعدات الطبية;مهن شبه طبية;3;19;22
3;307;71;3;الهندسة البيوطبية: تكنولوجيا التصوير الطبي;مهن شبه طبية;1;21;22
3;307;71;3;بيوتكنولوجيا طبية: االتشخيص البيوطبي;مهن شبه طبية;4;45;49
3;307;71;3;بيوتكنولوجيا طبية: الإنتاج البيوطبي;مهن شبه طبية;1;20;21
3;307;71;3;تركيب و إستعمال آلة السمع;مهن شبه طبية;0;11;11
3;307;71;3;هندسة بيوطبية: إعلامية طبية;مهن شبه طبية;2;13;15
3;307;71;3;هندسة بيوطبية: الانظمة الالكترونية المحمولة;مهن شبه طبية;5;13;18
3;306;22;3;آثار;تراث وعلم الآثار;1;11;12
3;306;22;3;إسبانية : إقتصاد و تجارة دولية;لغة إسبانية;0;2;2
3;306;22;3;إطالية : إقتصاد و تجارة دولية;لغة إيطالية;1;6;7
3;306;22;3;الألمانية : إقتصاد و تجارة دولية;لغة ألمانية;4;8;12
3;306;34;3;الأنتروبولوجيا الاجتماعية والثقافية;علم الإجتماع;0;7;7
3;306;22;3;الأنقليزية والعلاقات الدولية;آداب إنقليزية;10;35;45
3;306;22;11;الأنقليزية والعلاقات الدولية;آداب إنقليزية;1;20;21
3;306;22;10;الانقليزية : دراسات ما بين الثقافات;آداب إنقليزية;0;15;15
3;306;22;10;التأويلية وتاريخ الأنساق;فلسفة;2;13;15
3;306;22;11;الترجمة التحريرية والترجمة الفورية;ترجمة ولغات مطبقة;2;13;15
3;306;22;11;الترجمة المطبقة;ترجمة ولغات مطبقة;1;4;5
3;306;22;11;التفاوض في الثلاث لغات في التجارة الدولية الايطالية;لغة إيطالية;0;4;4
3;306;34;10;الديناميات الاجتماعية والتدخل السوسيولوجي;علم الإجتماع;1;7;8
3;306;22;13;العربية;آداب عربية;2;3;5
3;306;22;10;العربية;آداب عربية;3;12;15
3;306;22;3;العربية: اللغة و الأداب و الحضارة;آداب عربية;1;19;20
3;306;22;10;الفلسفة(فلسفة التنوير والحداثة);فلسفة;12;8;20
3;306;22;3;اللغة و الأداب و الحضارة الفرنسية;آداب فرنسية;1;19;20
3;306;22;13;اللغة و الأداب و الحضارة الفرنسية;آداب فرنسية;0;2;2
3;306;22;10;اللغة و الأداب و الحضارة الفرنسية;آداب فرنسية;0;8;8
3;306;22;3;انقليزية;آداب إنقليزية;3;23;26
3;306;22;3;علم الاجتماع;تراث وعلم الآثار;7;81;88
3;306;34;3;علم النفس;علم النفس;16;69;85
3;306;34;11;علم النفس العصبي السريري;علم النفس;0;5;5
3;306;34;11;علم نفس الشغل;علم النفس;1;7;8
3;306;22;3;فلسفة;فلسفة;8;36;44
3;306;22;13;فلسفة;فلسفة;4;0;4
3;306;22;3;لغة الإشارات;ترجمة ولغات مطبقة;1;16;17
3;305;81;11;-ادارة المخاطر و السنديانية في البيئة;حماية البيئة;0;12;12
3;305;81;11;ادارة المخاطر و السنديانية في البيوتكنولوجيا;حماية البيئة;0;12;12
3;305;43;10;البيولوجية الجزئية الخلايا و البيوتكنولوجية:الجراثيم و التعفن;علوم بيولوجيا;0;8;8
3;305;43;3;التصرف في الموارد البيولوجية وتثمينها;علوم بيولوجيا;1;19;20
3;305;43;3;بيوتكنولوجيا نباتية;علوم بيولوجيا;3;11;14
3;305;43;3;بيوتكنولوجية الكائنات الدقيقة;علوم بيولوجيا;3;38;41
3;305;43;3;بيوتكنولوجية مراقبة جودة الأغذية و حفظ الصحة;علوم بيولوجيا;0;32;32
3;305;81;11;تكنولوجيا الأحياء و البيئة :اختصاص : هندسة بيئية;حماية البيئة;2;7;9
3;305;81;3;علوم الأحياء و المحيط : إدارة الجودة السلامة و المحيط;حماية البيئة;0;25;25
3;305;81;3;معالجة وتثمين النفايات;حماية البيئة;0;14;14
3;303;32;10;قانون دولى إنساني وحقوق الإنسان;قانون عام;0;4;4
3;303;32;11;القانون البنكي والمالي;قانون المؤسسات;0;3;3
3;303;32;10;القانون المقارن;قانون خاص وعلوم إجرامية;0;1;1
3;303;32;11;القانون والرياضة;قانون خاص وعلوم إجرامية;0;1;1
3;303;32;11;المختص في الجماعات المحلية;قانون عام;0;2;2
3;303;32;10;علوم جنائية;قانون خاص وعلوم إجرامية;0;10;10
3;303;32;13;علوم سياسية;حقوق;10;2;12
3;303;32;11;قانون الأعمال;قانون المؤسسات;3;6;9
3;303;32;11;قانون الاعمال الدولي;قانون خاص وعلوم إجرامية;1;1;2
3;303;32;11;قانون الشؤون العقارية;قانون خاص وعلوم إجرامية;2;5;7
3;303;32;3;قانون خاص;قانون خاص وعلوم إجرامية;74;269;343
3;303;32;13;قانون خاص;قانون خاص وعلوم إجرامية;11;5;16
3;303;32;10;قانون خاص;قانون خاص وعلوم إجرامية;6;10;16
3;303;32;3;قانون عام;قانون عام;13;34;47
3;303;32;13;قانون عام;قانون عام;6;6;12
3;303;32;10;قانون عام;قانون عام;6;9;15
3;304;71;7;طب;الطب;133;298;431
3;302;31;11;الأتصال التسويقي والرقمي;تصرف;12;18;30
3;302;31;11;- ادارة الاعمال الرقمية والابتكار;تصرف;8;22;30
3;302;31;3;إدارة الأعمال;تصرف;49;55;104
3;302;31;13;إدارة الأعمال;تصرف;1;4;5
3;302;31;10;إدارة الأعمال;تصرف;3;15;18
3;302;42;3;إعلامية التصرف : ذكاء الأعمال;إعلامية تصرف;44;70;114
3;302;34;10;إقتصاد نقدي وبنكي;علوم اقتصادية;6;17;23
3;302;34;10;اقتصاد التنمية;علوم اقتصادية;2;5;7
3;302;22;10;اقتصاد و مالية دولية;الشريعة وأصول الدين;2;11;13
3;302;31;11;الأعمال التجارية الدولية;تصرف;13;39;52
3;302;34;3;الإقتصاد: نقد مالية وبنك و تأمين;علوم اقتصادية;11;44;55
3;302;34;11;الادارة الاقتصادية والاجتماعية: التخطيط التربوي;علوم اقتصادية;10;13;23
3;302;34;10;الاقتصاد الكمي;اقتصاد كمّي;7;4;11
3;302;34;3;التجارة و المالية الدولية;علوم اقتصادية;22;45;67
3;302;34;3;التحليل و السياسة الإقتصادية;علوم اقتصادية;7;37;44
3;302;34;10;التحليل و السياسة الإقتصادية;علوم اقتصادية;2;3;5
3;302;31;11;التقييم والتصرف في المخاطر في المالية والتأمين;تصرف;12;22;34
3;302;34;13;العلوم الاقتصادية والتصرف;علوم اقتصادية;8;10;18
3;302;31;3;المالية;تصرف;25;76;101
3;302;31;13;المالية;تصرف;8;15;23
3;302;31;10;المالية;تصرف;4;25;29
3;302;31;3;تسويق;تصرف;37;58;95
3;302;31;13;تسويق;تصرف;4;6;10
3;302;31;10;تسويق;تصرف;3;9;12
3;302;31;11;تسويق التوزيع;تصرف;6;11;17
3;302;31;11;ريادة الأعمال وادارة المشاريع;تصرف;7;17;24
3;302;31;3;محاسبة;محاسبة;21;63;84
3;302;31;10;محاسبة;محاسبة;5;9;14
3;302;31;11;محاسبة;محاسبة;10;39;49
3;302;34;3;هندسة الاقتصادية والمالية;علوم اقتصادية;14;40;54
3;302;42;11;هندسة المعلومات للتصرف في المؤسسات;إعلامية تصرف;11;21;32
3;301;44;5;العلوم الجيولوجيا;علوم جيولوجيا;5;12;17
3;301;53;11;تكنولوجيا الطاقات المتجددة وتطبيقاتها;هندسة موارد بيئية;6;6;12
3;301;44;11;أنظمة المعلومات الجغرافية والاستشعار عن بعد المطبقة في علوم الأرض;علوم جيولوجيا;5;13;18
3;301;42;5;إعلامية;إعلامية;42;52;94
3;301;42;13;إعلامية;إعلامية;9;16;25
3;301;43;10;استكشاف وتثمين الموارد المعدنية;علوم بيولوجيا;2;3;5
3;301;53;5;الإلكترونيك;هندسة الإلكتروميكانيك والميكاترونيك;0;16;16
3;301;53;13;الإلكترونيك;هندسة الإلكتروميكانيك والميكاترونيك;8;7;15
3;301;53;3;الإلكترونيك والكهروتقنية والآلية;هندسة صناعية والكترونيك وآلية;40;20;60
3;301;53;10;الإلكترونيك والكهروتقنية والآلية;هندسة صناعية والكترونيك وآلية;7;13;20
3;301;44;11;التحاليل الفيزيوكيميائية والبيئة;فيزياء;2;15;17
3;301;44;10;التراكيب والنماذج الجيولوجية;علوم جيولوجيا;3;6;9
3;301;62;10;التصرف المندمج للمياه والفلاحة المستدامة;علوم فلاحية;0;8;8
3;301;43;10;التصرف في الموارد البيولوجية والتنمية المستديمة;علوم بيولوجيا;1;5;6
3;301;43;3;التصرف في الموارد البيولوجية وتثمينها;علوم بيولوجيا;2;17;19
3;301;43;11;التكنولوجيات الخلوية والجزيئية المطبقة علــى المجالات البيولوجيةـ الحيوية;علوم بيولوجيا;0;11;11
3;301;44;10;الجيوفيزياء المطبقة;علوم جيولوجيا;4;5;9
3;301;44;13;الجيولوجيا;علوم جيولوجيا;9;14;23
3;301;41;3;الرياضيات : الرياضيات والإعلامية;الرياضيات;9;15;24
3;301;41;3;الرياضيات التطبيقية;الرياضيات;14;16;30
3;301;43;10;العلوم العصبية و البيوتكنولوجيا;علوم بيولوجيا;4;14;18
3;301;44;3;الفيزياء;فيزياء;5;23;28
3;301;44;13;الفيزياء;فيزياء;15;22;37
3;301;44;3;الفيزياء و الطاقة;فيزياء;2;11;13
3;301;43;10;الفيزيولوجيا الخلوية والانتاجية النباتية;علوم بيولوجيا;2;15;17
3;301;44;13;الكيمياء;كيمياء;5;41;46
3;301;44;3;الكيمياء : علم الأحياء;كيمياء;2;18;20
3;301;44;3;الكيمياء : كيمياء المواد;كيمياء;3;18;21
3;301;44;5;الكيمياء التحلبلبة و الأدوية;كيمياء;1;21;22
3;301;44;3;الكيمياء الدقيقة;كيمياء;2;19;21
3;301;41;10;المعادلات ذات المشتقات الجزيئية و تطبيقات;الرياضيات;3;0;3
3;301;44;3;الموارد الجيولوجية الطاقية;علوم جيولوجيا;7;16;23
3;301;44;3;الموارد الجيولوجية والمحيط;علوم جيولوجيا;6;16;22
3;301;41;10;النمذجة الرياضية والحساب العلمي;الرياضيات;0;6;6
3;301;44;10;الننوفيزياء و الننوتكنلوجيا;فيزياء;1;12;13
3;301;43;10;بيوكيمياء وتكنوبيولوجيا;علوم بيولوجيا;1;20;21
3;301;43;13;بيولوجيا;علوم بيولوجيا;7;63;70
3;301;44;3;جغرفة رقمية(أرض وتهيأة);فيزياء;10;27;37
3;301;44;10;جيولوجيا مطبقة على المحيط;علوم جيولوجيا;0;9;9
3;301;81;11;حفظ الصحة والسلامة المطبقتين;حماية البيئة;2;15;17
3;301;44;10;دراسة الأحواض وتشخيص الخزانات;علوم جيولوجيا;2;4;6
3;301;41;1;رياضيات;الرياضيات;8;11;19
3;301;41;3;رياضيات;الرياضيات;8;11;19
3;301;41;13;رياضيات;الرياضيات;6;14;20
3;301;44;11;طبوغرافيا ومشاريع اقليمية;علوم جيولوجيا;4;2;6
3;301;81;10;علم البيئة التطوري والوظيفي;حماية البيئة;0;8;8
3;301;43;10;علم الوراثة والمناعة والتطبيقات المبتكرة;علوم بيولوجيا;1;8;9
3;301;43;3;علوم الأحياء و المحيط التصرف و تثمين الموارد البيولوجية;علوم بيولوجيا;2;17;19
3;301;44;10;علوم الأرض: الجيولوجيا المائية، الجيوتقنية والتهيأة;علوم جيولوجيا;2;3;5
3;301;42;3;علوم الاعلامية;إعلامية;65;46;111
3;301;42;10;علوم الاعلامية;إعلامية;6;9;15
3;301;44;3;علوم الجيوماتيك و التطبيقات : الجيوماتيك المطبقة على علوم الأرض;علوم جيولوجيا;12;16;28
3;301;43;3;علوم الحياة والأرض;علوم بيولوجيا;1;44;45
3;301;53;3;علوم وتكنولوجيات المعلومات والاتصالات;إتصالات;16;50;66
3;301;44;10;فيزياء السوائل والتحويلات;فيزياء;0;6;6
3;301;44;10;فيزياء المادة اللينة;فيزياء;3;10;13
3;301;44;10;فيزياء المواد المكثفة;فيزياء;2;5;7
3;301;44;10;فيزياء كمية;فيزياء;2;7;9
3;301;44;3;فيزياء كيمياء;فيزياء;4;15;19
3;301;44;10;كيمياء المواد الصلبة;كيمياء;2;10;12
3;301;44;10;كيمياء تحليلية;كيمياء;3;17;20
3;301;44;10;كيمياء عضوية;كيمياء;1;7;8
3;301;53;11;نظم الاتصالات والشبكات;إتصالات;18;15;33
3;301;42;3;هندسة نظم الإعلامية : النظم المحمولة و إنترنات الآشياء;إعلامية;23;39;62
6;612;62;3;العلوم الفلاحية;علوم فلاحية;19;25;44
6;612;62;3;علوم فلاحية;علوم فلاحية;19;25;44
6;612;62;5;علوم فلاحية;علوم فلاحية;6;20;26
6;613;44;5;طبوغرافيا و الجيوماتيك;فيزياء;10;10;20
6;613;53;5;هندسة مائية وتهيئة;هندسة موارد بيئية;6;11;17
6;613;53;5;هندسة ميكانيكية;هندسة ميكانيكية;14;4;18
6;610;71;3;علوم التمريض;مهن شبه طبية;41;44;85
6;609;42;3;علوم الإعلامية: هندسة البرمجيات ونظم المعلومات;إعلامية;19;39;58
6;609;42;10;أنظمة المعلومات والواب;إعلامية;0;1;1
6;609;42;11;إدارة الشبكات الإعلامية;إعلامية;1;2;3
6;609;42;3;الإعلامية و الوسائط المتعددة;إعلامية;3;18;21
6;609;53;11;التكنولوجيات الحديثة للمعلومات والاتصال;إتصالات;2;1;3
6;609;42;2;الملتيميديا والواب;فن الملتيميديا;0;1;1
6;609;42;11;الملتيميديا والواب;فن الملتيميديا;1;2;3
6;609;42;1;علوم الاعلامية;إعلامية;0;2;2
6;609;42;3;هندسة الشبكات والنظم;إعلامية;15;22;37
6;608;43;3;البيوتكنولوجيا الحيوانية;علوم بيولوجيا;2;21;23
6;608;43;3;البيوتكنولوجيا النباتية;علوم بيولوجيا;0;8;8
6;608;43;11;التكنولوجيا التطبيقية على منتجات الألبان وانتاج اللحوم;علوم بيولوجيا;2;13;15
6;608;43;2;الصناعات والأساليب الغذائية;علوم بيولوجيا;0;9;9
6;608;43;10;الغذاء والصحة;علوم بيولوجيا;0;16;16
6;608;62;11;تثمين النباتات العطرية والطبية;علوم فلاحية;2;7;9
6;608;62;11;تثمين وتحويل الحبوب;علوم فلاحية;2;6;8
6;608;81;2;علوم الأحياء و المحيط;حماية البيئة;4;10;14
6;608;43;2;مراقبة جودة الأغذية;علوم بيولوجيا;2;22;24
6;607;22;3;الأنقليزية;آداب إنقليزية;9;20;29
6;607;11;3;التربية و التعليم;علوم التربية;14;138;152
6;607;22;3;الفرنسية;آداب فرنسية;6;36;42
6;607;22;11;الفرنسية;آداب فرنسية;2;21;23
6;611;83;2;التسيير الرياضي;مهن الرياضة;3;4;7
6;611;83;1;تربية بدنية;مهن الرياضة;174;102;276
6;606;22;11;أنقليزية الأعمال;آداب إنقليزية;4;36;40
6;606;22;3;الآثار وعلوم التراث;تاريخ;5;25;30
6;606;22;10;التاريخ و المجال و التراث;تاريخ;4;14;18
6;606;11;3;التربية و التعليم;علوم التربية;75;632;707
6;606;22;11;الفرنسية لغة أجنبية;آداب فرنسية;9;48;57
6;606;22;3;اللغة و الآداب والحضارة الإنقليزية;آداب إنقليزية;28;117;145
6;606;22;3;اللغة و الأداب و الحضارة الفرنسية;آداب فرنسية;9;80;89
6;606;22;10;اللغة و الأداب و الحضارة الفرنسية;آداب فرنسية;4;28;32
6;606;22;3;تاريخ;تاريخ;9;69;78
6;606;34;3;جغرافية البيئة;جغرافيا;12;57;69
6;605;42;3;علوم الإعلامية: هندسة البرمجيات ونظم المعلومات;إعلامية;6;21;27
6;605;22;3;الأنقليزية;آداب إنقليزية;0;30;30
6;605;22;3;الترجمة ألمانية;ترجمة ولغات مطبقة;1;5;6
6;605;22;11;اللغات والتكنولوجيا: ترجمة;ترجمة ولغات مطبقة;0;5;5
6;605;22;3;تواصل الثقافات والسياحة اسبانية;لغة إسبانية;1;4;5
6;605;42;11;علوم الاعلامية;إعلامية;5;21;26
6;604;21;3;إشهار خطي;علوم وتقنيات الفنون;3;4;7
6;604;21;3;الفنون التشكيلية;الفن التشكيلي;0;8;8
6;604;21;3;تصميم الفضاء;فنون وحرف;3;26;29
6;604;21;3;تصميم منتوج : ابتكار حرفي;فنون وحرف;3;0;3
6;604;21;11;تصميم منتوج : ابتكار حرفي;فنون وحرف;7;14;21
6;603;21;3;المسرح وفنون العرض: التربية المسرحية;الفن المسرحي;3;4;7
6;603;21;3;المسرح وفنون العرض:فنون الممثل;الفن المسرحي;3;4;7
6;602;62;11;تثمين الموارد الطبيعية;علوم فلاحية;4;9;13
6;602;62;3;علوم وتقنيات الغابات;علوم فلاحية;5;23;28
7;716;71;3;الأدواتية الجراحية;مهن شبه طبية;0;32;32
7;716;71;3;الإستعجالي والانعاش;مهن شبه طبية;5;30;35
7;716;72;3;الرعاية الصحية للأطفال;خدمات اجتماعية;0;39;39
7;716;71;10;علوم الصحة;مهن شبه طبية;0;21;21
7;716;71;3;مبحث و تدريم القدم;مهن شبه طبية;2;18;20
7;715;53;11;الأنظمة الالكترونية المحمولة و الأجهزة البيوطبية : الأنظمة الالكترونية المحمولة و الأجهزة البيوطبية;هندسة الإلكتروميكانيك والميكاترونيك;7;9;16
7;715;53;11;الأنظمة الإلكترونية المحمولة والأجهزة البيوطبية;هندسة صناعية والكترونيك وآلية;5;6;11
7;715;53;3;الإلكترونيك و الكهروتقنية و الآلية: الطاقات الكهربائية المتجددة;هندسة صناعية والكترونيك وآلية;10;13;23
7;715;53;3;الإلكترونيك و الكهروتقنية و الآلية: النظم المحمولة;هندسة صناعية والكترونيك وآلية;19;18;37
7;715;53;3;الإلكترونيك والكهروتقنية والآلية - هندسة صناعة الات خاصة أوتوماتيكية;هندسة صناعية والكترونيك وآلية;6;6;12
7;715;53;11;التحكم في النظم الصناعية;هندسة صناعية والكترونيك وآلية;5;4;9
7;715;41;3;الرياضيات : الرياضيات والإعلامية;الرياضيات;5;3;8
7;715;44;13;الفيزياء;فيزياء;1;4;5
7;715;44;10;الفيزياء : المواد;فيزياء;0;10;10
7;715;44;3;الفيزياء العامة;فيزياء;2;13;15
7;715;44;10;الفيزياء:المواد والطاقة;فيزياء;1;19;20
7;715;44;3;الكيمياء : بحث;كيمياء;0;31;31
7;715;41;13;رياضيات;الرياضيات;6;8;14
7;715;41;10;رياضيات;الرياضيات;2;3;5
7;715;42;3;علوم الإعلامية: هندسة البرمجيات و نظم المعلومات;إعلامية;30;30;60
7;714;53;5;الاتصالات المحمولة;إتصالات;14;13;27
7;714;42;5;إعلامية تطبيقية;إعلامية;27;20;47
7;714;53;5;إلكترونيك صناعية;هندسة صناعية والكترونيك وآلية;26;33;59
7;714;53;10;الأنظمة الذكية لمراقبة حركة المرور (Hit4med);هندسة صناعية والكترونيك وآلية;3;4;7
7;714;42;10;الأنظمة الذكية والمتصلة;إعلامية;0;1;1
7;714;53;10;الميكانيك وهندسة الأنظمة;هندسة ميكانيكية;2;3;5
7;714;42;10;الهندسة الإعلامية الصناعية;إعلامية;0;1;1
7;714;53;5;الهندسة الانتاجية;هندسة صناعية والكترونيك وآلية;8;10;18
7;714;53;10;الهندسة الذكية في المعارف;إتصالات;1;0;1
7;714;53;5;ميكاترونيك;هندسة الإلكتروميكانيك والميكاترونيك;26;19;45
7;714;53;13;هندسة كهربائية;هندسة كهربائية;2;13;15
7;714;53;13;هندسة ميكانيكية;هندسة ميكانيكية;0;3;3
7;714;53;11;هندسة ميكانيكية: الانتاج الميكانيكي;هندسة ميكانيكية;6;6;12
7;712;71;11;العلاجات التطيفية;مهن شبه طبية;1;15;16
7;712;71;3;علوم التمريض;مهن شبه طبية;41;41;82
7;711;42;5;إعلامية واتصالات;إعلامية;9;38;47
7;711;42;10;الذكاء الاصطناعي وتحليل البيانات;إعلامية;1;14;15
7;711;53;3;تكنولوجيا المعلومات: الاتصالات;إتصالات;22;45;67
7;711;42;13;علوم الإعلامية;إعلامية;10;18;28
7;711;42;3;علوم الإعلامية: الإعلامية و الوسائط المتعددة;إعلامية;27;42;69
7;711;42;11;علوم و تكنولوجيا المعلومات و الإتصال:خدمات الواب و الملتيميديا;إعلامية;3;7;10
7;711;42;3;هندسة نظم الإعلامية : النظم المحمولة و إنترنات الآشياء;إعلامية;32;36;68
7;711;42;11;• علوم وتكنولوجيا الإعلامية: خدمات و سلامة الشبكات;إعلامية;1;13;14
7;710;31;3;نقد مالية بنك تأمين;تصرف;27;51;78
7;710;31;13;إدارة الأعمال;تصرف;5;13;18
7;710;31;11;إدارة المخاطر المالية;تصرف;10;10;20
7;710;42;3;إعلامية التصرف : ذكاء الأعمال;إعلامية تصرف;31;65;96
7;710;31;11;ادارة الفنادق والسياحة;تصرف;5;12;17
7;710;42;10;اعلامية التصرف:أنظمة المعلومات والمساعدة على أخذ القرار;إعلامية تصرف;0;15;15
7;710;34;11;التحليل المالي باللغة الانقليزية;علوم اقتصادية;5;13;18
7;710;31;11;التسويق لبعث المؤسسات والتجديد;تصرف;3;11;14
7;710;31;10;بعث المؤسسات;تصرف;0;1;1
7;710;31;3;علوم التصرف : ادارة الأعمال;تصرف;23;47;70
7;710;31;3;علوم التصرف: التسويق;تصرف;16;41;57
7;710;31;3;مالية;تصرف;49;105;154
7;710;31;13;مالية;تصرف;0;10;10
7;710;31;10;مالية;تصرف;0;4;4
7;710;31;3;محاسبة;محاسبة;23;91;114
7;710;31;10;محاسبة;محاسبة;4;5;9
7;710;31;11;محاسبة;محاسبة;12;21;33
7;710;31;11;هندسة مالية;تصرف;3;24;27
7;709;53;3;إلكترونيك صناعي;هندسة صناعية والكترونيك وآلية;12;5;17
7;709;53;10;الأنظمة الإلكترونية المحمولة;هندسة صناعية والكترونيك وآلية;1;1;2
7;709;42;10;الأنظمة الذكية المنتشرة;إعلامية;7;12;19
7;709;42;3;الأنظمة المحمولة;إعلامية;33;22;55
7;709;53;10;الأنظمة الميكانيكية;هندسة ميكانيكية;2;3;5
7;709;52;3;البناء;هندسة مدنية;26;29;55
7;709;53;3;الكترونيك واعلامية صناعية;هندسة صناعية والكترونيك وآلية;13;15;28
7;709;53;3;الميكاترونيك الصناعي;هندسة الإلكتروميكانيك والميكاترونيك;21;6;27
7;709;53;3;الهندسة الطاقية:التحكم والإستغلال الرشيد للطاقة;هندسة موارد بيئية;3;4;7
7;709;42;3;علوم الإعلامية : هندسة البرمجات و نظم المعلومات;إعلامية;36;20;56
7;709;53;3;ميكاترونيك السيارات;هندسة الإلكتروميكانيك والميكاترونيك;40;13;53
7;709;53;10;ميكانيك المواد;هندسة ميكانيكية;4;7;11
7;709;42;5;هندسة البرمجيات;إعلامية;53;51;104
7;709;53;3;هندسة طاقية: التبريد و التكييف;هندسة موارد بيئية;7;23;30
7;709;52;3;هندسة مدنية: الجسور و الطرقات;هندسة مدنية;9;8;17
7;709;53;3;هندسة ميكانيكية: الانتاجية;هندسة ميكانيكية;87;47;134
7;709;53;11;هندسة ميكانيكية:هندسة أساليب الانتاج الميكانيكي;هندسة ميكانيكية;9;2;11
7;709;42;3;هندسة نظم الإعلامية : النظم المحمولة و إنترنات الآشياء;إعلامية;18;29;47
7;713;62;5;أنظمة البستنة;علوم فلاحية;3;5;8
7;713;62;5;إنتاج حيواني;علوم فلاحية;1;5;6
7;713;62;13;إنتاج حيواني;علوم فلاحية;0;3;3
7;713;62;10;إنتاج حيواني وعلفي;علوم فلاحية;0;7;7
7;713;62;13;التربة والمياه والمحيط;علوم فلاحية;0;3;3
7;713;62;3;بستنة;علوم فلاحية;8;18;26
7;713;62;5;بستنة;علوم فلاحية;1;19;20
7;713;62;11;بستنة;علوم فلاحية;1;13;14
7;713;62;3;تهيئة الفضاءات;علوم فلاحية;1;6;7
7;713;62;5;تهيئة الفضاءات;علوم فلاحية;0;6;6
7;713;81;13;حماية النباتات والمحيط;حماية البيئة;0;2;2
7;713;62;13;دراسة الفضاءات وتنمية المناطق;علوم فلاحية;0;1;1
7;708;21;13;1- فنون المعارض و ممارساتها;علوم وتقنيات الفنون;5;30;35
7;708;21;11;1- فنون المعارض و ممارساتها;علوم وتقنيات الفنون;2;8;10
7;708;21;10;التصميم;فنون وحرف;1;18;19
7;708;21;11;التصميم : تنمية مستدامة;فنون وحرف;5;15;20
7;708;21;10;الفنون التشكيلية;الفن التشكيلي;1;20;21
7;708;21;3;الفنون التشكيلية: حفر;الفن التشكيلي;1;5;6
7;708;21;3;الفنون التشكيلية: رسم;الفن التشكيلي;0;7;7
7;708;21;3;تصميم الفضاء;فنون وحرف;16;93;109
7;708;21;3;تصميم الصورة;فنون وحرف;9;35;44
7;708;21;11;تصميم الصورة;فنون وحرف;1;10;11
7;708;21;3;تصميم الصورة: إشهار سمعي بصري;فنون وحرف;10;5;15
7;708;21;11;تصميم الفضاء : هندسة داخلية;فنون وحرف;7;35;42
7;708;21;3;تصميم المنتوج: ابتكار صناعي;فنون وحرف;4;17;21
7;708;21;11;تصميم المنتوج: ابتكار صناعي;فنون وحرف;1;12;13
7;708;22;3;حفظ الممتلكات الثقافية وترميمها: المحافظة على العقارات وترميمها;تراث وعلم الآثار;0;4;4
7;708;21;11;فن وتكنولوجيا الخزف;علوم وتقنيات الفنون;0;3;3
7;708;21;3;فنون تشكيلية : خزف;الفن التشكيلي;0;4;4
7;708;21;3;فنون تشكيلية : نحت;الفن التشكيلي;1;1;2
7;708;21;3;فنون تشكيلية:تصوير فوتوغرافي;الفن التشكيلي;6;8;14
7;708;21;11;فنون تشكيلية:تصوير فوتوغرافي;الفن التشكيلي;3;5;8
7;708;21;3;فنون تشكيلية:فنون وسائطية;الفن التشكيلي;2;14;16
7;707;22;10;اقتصاد و مالية دولية;الشريعة وأصول الدين;1;7;8
7;707;31;11;التصرف المالي والجبائي;تصرف;2;22;24
7;707;31;3;المالية;تصرف;47;117;164
7;707;31;11;المحاسبة والمراقبة والتدقيق;محاسبة;1;24;25
7;707;31;3;محاسبة;محاسبة;41;74;115
7;706;21;10;آداء الموسيقى العربية;موسيقى;1;0;1
7;706;21;10;آداء الموسيقى الغربية;موسيقى;1;3;4
7;706;21;3;إلتقاط الصوت;موسيقى;12;5;17
7;706;21;3;العلوم الموسيقية;موسيقى;6;14;20
7;706;21;10;العلوم الموسيقية;موسيقى;2;3;5
7;706;21;3;الموسيقى و العلوم الموسيقية: الموسيقى و الأداء;موسيقى;8;8;16
7;705;82;11;ادارة شؤون النقل البحري;تصرف في النقل واللوجستيك;3;10;13
7;705;82;3;تكنولوجيا وهندسة النقل: النقل البحري;علوم وتقنيات النقل واللوجستيك;3;17;20
7;705;82;3;تكنولوجيا وهندسة النقل: النقل البري;علوم وتقنيات النقل واللوجستيك;7;12;19
7;705;82;3;تكنولوجيا وهندسة النقل: تشخيص وصيانة أنظمة النقل;النقل متعدد الطرق والخدمات المطبقة;6;8;14
7;705;82;3;علوم النقل: النقل والتخطيط الحضري;النقل متعدد الطرق والخدمات المطبقة;4;21;25
7;705;82;3;علوم النقل: شؤون البحرية و الموانئ;النقل متعدد الطرق والخدمات المطبقة;9;25;34
7;705;82;10;علوم وهندسة النقل واللوجستية : علوم النقل واللوجستية;تصرف في النقل واللوجستيك;3;7;10
7;705;82;10;علوم وهندسة النقل واللوجستية: تكنولوجيا وهندسة النقل;علوم وتقنيات النقل واللوجستيك;3;6;9
7;705;53;3;هندسة اللوجستية: اللوجستيك الصناعي;هندسة صناعية والكترونيك وآلية;12;26;38
7;705;82;3;هندسة اللوجستية: لوجستية التوزيع;علوم وتقنيات النقل واللوجستيك;7;25;32
7;705;82;3;هندسة اللوجستية: لوجستية العمليات الدولية;علوم وتقنيات النقل واللوجستيك;10;27;37
7;705;82;11;هندسة النقل والوجستية;تصرف في النقل واللوجستيك;6;20;26
7;702;22;10;الأدب والدراسات الثقافية (الانقليزية);آداب إنقليزية;3;29;32
7;702;34;3;الأنتروبولوجيا الاجتماعية والثقافية;علم الإجتماع;5;11;16
7;702;33;11;الاعلام المتعدد المنصات;علوم الإخبار;1;14;15
7;702;22;3;اللغة و الأداب و الحضارة الفرنسية;آداب فرنسية;3;51;54
7;702;22;13;اللغة و الأداب و الحضارة الفرنسية;آداب فرنسية;0;5;5
7;702;22;10;اللغة و الأداب و الحضارة الفرنسية;آداب فرنسية;4;10;14
7;702;22;3;اللغة والأدب والحضارة العربية;آداب عربية;14;82;96
7;702;22;13;اللغة والأدب والحضارة العربية;آداب عربية;4;10;14
7;702;22;10;اللغة والأدب والحضارة العربية;آداب عربية;4;23;27
7;702;22;3;انقليزية;آداب إنقليزية;30;130;160
7;702;22;13;انقليزية;آداب إنقليزية;2;3;5
7;702;22;3;تاريخ;تاريخ;10;23;33
7;702;22;13;تاريخ;تاريخ;1;1;2
7;702;22;10;تاريخ المغرب وحضارته;تاريخ;2;12;14
7;702;34;3;جغرافيا;جغرافيا;6;34;40
7;702;34;11;جغرافيا;جغرافيا;4;4;8
7;702;22;10;دراسات افريقية;ترجمة ولغات مطبقة;0;5;5
7;717;32;13;العلوم السياسية;العلوم القانونية الأساسية;3;0;3
7;717;32;10;العلوم السياسية;العلوم القانونية الأساسية;0;5;5
7;717;32;10;العلوم السياسية القانونية والانسانيات: الجندر;العلوم القانونية الأساسية;1;5;6
7;717;32;11;القانون العدلي الخاص;قانون خاص وعلوم إجرامية;1;25;26
7;717;32;11;قانون الجماعات المحلية;قانون عام;3;35;38
7;717;32;11;قانون المؤسسة و الأعمال;قانون خاص وعلوم إجرامية;2;25;27
7;717;32;3;قانون خاص;قانون خاص وعلوم إجرامية;46;198;244
7;717;32;13;قانون خاص;قانون خاص وعلوم إجرامية;0;7;7
7;717;32;10;قانون خاص;قانون خاص وعلوم إجرامية;2;23;25
7;717;32;3;قانون عام;قانون عام;13;45;58
7;717;32;13;قانون عام;قانون عام;7;7;14
7;717;32;10;قانون عام;قانون عام;2;17;19
7;703;71;11;أمراض القلب الخلقية للأطفال;الطب;2;4;6
7;703;71;11;الأمراض الجلدية المهنية والمحيط;الطب;3;4;7
7;703;71;11;الإعلامية : اعلامية الملتميديا واتخاذ القرار;الطب;1;3;4
7;703;71;11;الامراض التنفسية، المهنية للمحيط;الطب;1;1;2
7;703;71;11;التهوئة غير الغازية من المستشفى إلى مقر السكنى;الطب;1;2;3
7;703;71;7;الطب;الطب;74;128;202
7;703;71;11;الطب الإستعجالي;الطب;6;3;9
7;703;71;11;الطب الرياضي;الطب;1;1;2
7;703;71;11;الطب العائلي;الطب;2;6;8
7;703;71;11;الطب المثلي;الطب;1;1;2
7;703;71;11;العلاج السلوكي والمعرفي;الطب;1;2;3
7;703;71;11;العلاج بمياه البحر والمعالجة المائية;الطب;1;1;2
7;703;71;11;العلوم الجلدية التجميلية ومواد التجميل والليزر;الطب;7;8;15
7;703;71;11;جودة العلاجات والتصرف في خدمات الصحة;الطب;5;4;9
7;703;71;11;حفظ الصحة الاستشفائي;الطب;3;6;9
7;703;71;11;طب القلب للرياضة وإعادة التأهيل القلبي;الطب;2;3;5
7;703;71;11;علم الجنس السريري;الطب;2;5;7
7;703;71;11;علم الوراثة والأمراض الوراثية;الطب;4;1;5
7;703;71;13;علوم الصحة;الطب;0;9;9
7;718;31;10;إدارة أعمال: الاستراتيجيات والاستثمار;تصرف;3;15;18
7;718;31;3;إدارة الأعمال;تصرف;13;44;57
7;718;34;11;الاقتصاد الاجتماعي والتضامني;علوم اقتصادية;5;14;19
7;718;34;3;العلوم إالإقتصادية: الهندسة الإقتصادية و المالية;علوم اقتصادية;7;16;23
7;718;34;3;العلوم الإقتصادية : التحليل و السياسة الإقتصادية;علوم اقتصادية;3;21;24
7;718;34;3;العلوم الإقتصادية: التجارة و المالية الدولية;علوم اقتصادية;7;21;28
7;718;34;3;العلوم الإقتصادية: نقد-مالية-بنك-تأمين;علوم اقتصادية;12;48;60
7;718;34;13;العلوم الاقتصادية;علوم اقتصادية;9;16;25
7;718;31;3;المحاسبة;محاسبة;19;68;87
7;718;34;10;النقد والتمويل والتنمية الاقتصادية;علوم اقتصادية;0;10;10
7;718;31;3;تسويق;تصرف;1;10;11
7;718;31;11;تسويق رقمي للخدمات;تصرف;3;21;24
7;718;34;3;علوم اقتصادية: اقتصاديات الأعمال;علوم اقتصادية;1;19;20
7;718;31;11;علوم وتقنيات المحاسبة والمالية;محاسبة;7;23;30
7;718;31;3;مالية;تصرف;15;44;59
7;718;31;10;مالية;تصرف;2;9;11
7;718;34;11;مالية وبنك;علوم اقتصادية;1;21;22
7;718;34;10;هندسة اقتصادية واقتصاد قياسي مطبق;علوم اقتصادية;2;7;9
7;718;34;11;هندسة الأعمال والتجارة الدولية;علوم اقتصادية;4;17;21
7;705;31;3;إدارة الأعمال;تصرف;25;40;65
7;705;34;11;التحليل المالي باللغة الانقليزية;علوم اقتصادية;2;5;7
7;705;31;3;التسويق;تصرف;15;56;71
7;705;31;10;التسويق;تصرف;2;16;18
7;705;31;11;التصرف وهندسة التجديد;تصرف;6;25;31
7;705;34;3;العلوم الإقتصادية: نقد-مالية-بنك-تأمين;علوم اقتصادية;13;49;62
7;705;31;3;المحاسبة;محاسبة;14;43;57
7;705;31;11;المحاسبة;محاسبة;5;23;28
7;705;31;11;تسويق: توزيع و العلاقة مع الحريف;تصرف;4;19;23
7;705;31;10;تصرف في العلوم الاكتوارية والمالية;تصرف;4;18;22
7;705;31;11;تصرف في المخاطر والتأمين;تصرف;4;9;13
7;705;31;11;ريادة الأعمال: بعث وادارة المشاريع;تصرف;7;18;25
7;705;31;3;مالية;تصرف;34;118;152
7;705;31;13;مالية;تصرف;6;2;8
7;705;31;11;مالية : البنوك وادارة الثروات;تصرف;2;14;16
10;1019;71;3;الأدواتية الجراحية;مهن شبه طبية;4;24;28
10;1019;71;3;البيولوجيا الطبية;مهن شبه طبية;3;29;32
10;1019;71;3;التبنيج و الإنعاش;مهن شبه طبية;8;24;32
10;1019;71;3;التصوير الطبي والمداواة بالأشعة;مهن شبه طبية;4;20;24
10;1019;71;3;التوليد;مهن شبه طبية;0;36;36
10;1019;71;3;المبصرات والنظارات;مهن شبه طبية;4;10;14
10;1019;71;3;المعالجة الطبيعية;مهن شبه طبية;8;13;21
10;1018;31;3;إدارة الأعمال;تصرف;6;9;15
10;1018;42;3;إعلامية التصرف;إعلامية تصرف;2;4;6
10;1018;31;3;التصرف في الموارد البشرية;تصرف;5;19;24
10;1018;31;11;التصرف في الموارد البشرية;تصرف;5;17;22
10;1018;31;3;المالية;تصرف;18;63;81
10;1018;31;10;المالية;تصرف;0;7;7
10;1018;31;11;المالية;تصرف;3;20;23
10;1018;34;10;النقد و المالية و البنوك / الإقتصاد المالي والنمذجة;علوم اقتصادية;5;10;15
10;1018;31;3;محاسبة;محاسبة;36;107;143
10;1018;31;10;محاسبة;محاسبة;2;9;11
10;1018;31;11;محاسبة;محاسبة;15;39;54
10;1011;42;11;Iعلامية صناعية;إعلامية;6;7;13
10;1011;42;11;إعلامية صناعية:النظم المحمولة،الآليات المنزلية والشبكات الداخلية;إعلامية;4;5;9
10;1011;53;10;الاتصالات ونظم الشبكات;إتصالات;1;6;7
10;1011;53;11;الشبكات الإعلامية والإتصالات;إتصالات;4;11;15
10;1011;53;3;تكنولوجيا المعلومات والاتصالات: الإتصالات;إتصالات;18;11;29
10;1011;53;3;تكنولوجيا المعلومات والاتصالات: الشبكات و إنترنات الأشياء;إتصالات;8;12;20
10;1011;53;13;علوم وتكنولوجيا المعلومات والاتصالات;إتصالات;0;1;1
10;1011;53;5;هندسة الأنظمة الإلكترونية والإتصال;هندسة صناعية والكترونيك وآلية;30;36;66
10;1011;53;5;هندسة الاتصالات;إتصالات;38;44;82
10;1011;42;5;هندسة الاعلامية الصناعية;إعلامية;33;26;59
10;1011;42;5;هندسة المعلومات والأنظمة التقريرية;إعلامية;12;13;25
10;1017;42;10;الأنظمة المحمولة;إعلامية;1;5;6
10;1017;53;10;التحويل الكهربائي للطاقات المتجددة;هندسة كهربائية;3;2;5
10;1017;53;13;الكترونيك ومكروالكترونيك;هندسة صناعية والكترونيك وآلية;0;3;3
10;1017;51;13;المواد والبيئة;هندسة المواد;2;3;5
10;1017;53;13;الموارد الجيولوجية والتهيئة والبيئة;هندسة موارد بيئية;3;2;5
10;1017;53;10;محركات التنقل المستدامة: البحوث والتكنولوجيا الذكية;هندسة صناعية والكترونيك وآلية;1;2;3
10;1017;42;5;هندسة اعلامية;إعلامية;45;40;85
10;1017;42;13;هندسة الأنظمة الاعلامية;إعلامية;6;20;26
10;1017;51;5;هندسة المواد;هندسة المواد;7;15;22
10;1017;43;5;هندسة بيولوجية;هندسة بيولوجية;2;19;21
10;1017;43;13;هندسة بيولوجية;هندسة بيولوجية;1;4;5
10;1017;53;5;هندسة كهربائية;هندسة كهربائية;16;32;48
10;1017;53;13;هندسة كهربائية;هندسة كهربائية;2;12;14
10;1017;53;5;هندسة كهروميكانيكية;هندسة الإلكتروميكانيك والميكاترونيك;39;24;63
10;1017;52;5;هندسة مدنية;هندسة مدنية;15;20;35
10;1017;53;5;هندسة موارد الأرض والبيئة;هندسة موارد بيئية;5;11;16
10;1017;53;13;هندسة ميكانيكية;هندسة ميكانيكية;10;10;20
10;1017;53;10;هندسة ميكانيكية;هندسة ميكانيكية;7;4;11
10;1014;31;3;إدارة الأعمال;تصرف;11;18;29
10;1014;34;3;إقتصاد : إقتصاديات الأعمال;علوم اقتصادية;1;16;17
10;1014;34;11;اقتصاد الطاقة والتنمية المستدامة(2E-2D);علوم اقتصادية;1;13;14
10;1014;22;10;اقتصاد و مالية دولية;الشريعة وأصول الدين;1;9;10
10;1014;34;11;التجارة : التجارة الدولية;علوم اقتصادية;10;32;42
10;1014;34;3;التحاليل و السياسة الاقتصادية;علوم اقتصادية;2;13;15
10;1014;31;3;التسويق;تصرف;8;20;28
10;1014;31;3;الخدمات الالكترونية في الأعمال;تصرف;5;15;20
10;1014;31;3;المحاسبة;محاسبة;10;33;43
10;1014;31;11;المحاسبة;محاسبة;4;28;32
10;1014;31;3;ذكاء الاعمال;تصرف;7;23;30
10;1014;31;3;مالية;تصرف;7;37;44
10;1014;31;2;مدقق حسابات،مسؤول محاسبي;محاسبة;4;14;18
10;1014;34;11;هندسة الأعمال ورقمنة المؤسسات;علوم اقتصادية;5;12;17
10;1013;71;3;علوم التمريض;مهن شبه طبية;46;53;99
10;1012;42;3;الإعلامية و الوسائط المتعددة;إعلامية;21;20;41
10;1012;42;11;التجديد وادارة المشاريع;إعلامية;4;10;14
10;1012;42;10;التكنولوجيات الرقمية للصحة والانشطة الرياضية والذهنية;إعلامية;3;14;17
10;1012;42;5;الملتيميديا والواب;فن الملتيميديا;15;37;52
10;1012;42;11;تصميم بالخبرات وتصميم الواجهات;إعلامية;5;11;16
10;1012;42;3;علوم الإعلامية :علوم و تحليل البيانات الضخمة;إعلامية;48;73;121
10;1012;42;10;علوم الاعلامية;إعلامية;7;10;17
10;1012;42;10;علوم الاعلامية: علم البيانات;إعلامية;3;5;8
10;1012;42;10;علوم المعلومات والاتصال: النظمة السبير مادية;إعلامية;4;3;7
10;1012;42;10;هندسة نظم المؤسسات;إعلامية;3;5;8
10;1010;43;3;البيوتكنولوجيا:تحاليل و تجارب بيولوجية;هندسة بيولوجية;0;32;32
10;1010;31;11;ادارة تكنولوجيات الصحة;تصرف;0;8;8
10;1010;31;11;الابتكار والتسويق الغذائي(co-construite);تصرف;0;7;7
10;1010;71;11;البيوتكنولوجيا المطبقة في القطاع الصحي;مهن شبه طبية;0;14;14
10;1010;43;3;البيوتكنولوجيا:بيوتكنواوجيا الكائنات الدقيقة;هندسة بيولوجية;2;22;24
10;1010;51;11;التكنولوجيا الغذائية;هندسة المواد;1;13;14
10;1010;71;11;الصيانة البيوطبية;مهن شبه طبية;0;4;4
10;1010;44;11;الطاقات المتجددة;فيزياء;3;9;12
10;1010;44;3;القياسات الفيزيائية والأدواتية: الأدواتية البيوطبية;فيزياء;2;18;20
10;1010;51;11;تطوير وتسويق مستحضرات التجميل والمنتجات الضيدلانية;هندسة المواد;0;8;8
10;1010;81;11;توحيد أنظمة الجودة;حماية البيئة;0;8;8
10;1010;43;3;علوم الحياة والمحيط:معالجة و تثمين النفايات;علوم بيولوجيا;0;7;7
10;1010;51;3;علوم و تقنيات الأغذية :التغذية و الصحة;هندسة المواد;0;13;13
10;1010;51;3;علوم و تقنيات الأغذية :هندسة الأساليب الغذائية;هندسة المواد;0;11;11
10;1010;81;11;علوم وتكنولوجيات البيئة;حماية البيئة;2;8;10
10;1010;71;3;هندسة بيوطبية : تقنيات المعدات البيوطبية;مهن شبه طبية;3;10;13
10;1010;71;3;هندسة بيوطبية : تقنيات معدات التصوير الطبي;مهن شبه طبية;2;17;19
10;1009;42;3;إعلامية التصرف;إعلامية تصرف;7;20;27
10;1009;53;11;ادارة وصيانة الأنظمة الصناعية;هندسة صناعية والكترونيك وآلية;21;0;21
10;1009;34;3;اقتصاد النقل واللوجستية: نظم النقل واللوجستيك;علوم اقتصادية;6;13;19
10;1009;53;3;الإلكترونيك و الكهروتقنية و الآلية: القياس و الادواتية و المترولوجيا;هندسة صناعية والكترونيك وآلية;9;17;26
10;1009;53;11;التصرف في الانتاج;هندسة صناعية والكترونيك وآلية;11;27;38
10;1009;53;3;الكتروميكانيك:صيانة صناعية;هندسة الإلكتروميكانيك والميكاترونيك;38;15;53
10;1009;53;3;الهندسة الصناعية : إتقان و إدارة الجودة;هندسة صناعية والكترونيك وآلية;3;15;18
10;1009;53;3;الهندسة الصناعية : إدارة النظم الصناعية;هندسة صناعية والكترونيك وآلية;11;20;31
10;1009;82;10;علوم النقل واللوجستيك;تصرف في النقل واللوجستيك;3;10;13
10;1009;53;10;هندسة النظم الصناعية واللوجستية;هندسة صناعية والكترونيك وآلية;8;12;20
10;1009;53;11;هندسة صناعية: الأنظمة الصناعية واللوجستية;هندسة صناعية والكترونيك وآلية;5;16;21
10;1016;83;3;الأنشطة البدنية الملائمة;مهن الرياضة;10;6;16
10;1016;83;1;التربية البدنية;مهن الرياضة;5;2;7
10;1016;83;3;التربية والحركية;مهن الرياضة;81;71;152
10;1008;21;11;اشهار سمعي بصري;فنون وحرف;3;12;15
10;1008;21;10;التصميم;فنون وحرف;3;11;14
10;1008;21;3;الخزف;الفن التشكيلي;1;3;4
10;1008;21;11;الخزف;الفن التشكيلي;0;6;6
10;1008;21;3;السينما السمعي البصري;فنون وحرف;13;10;23
10;1008;21;3;الفنون التشكيلية: رسم;الفن التشكيلي;1;3;4
10;1008;21;3;الفنون التشكيلية:فسيفساء;الفن التشكيلي;0;4;4
10;1008;21;3;الفنون التشكيلية:نحت;الفن التشكيلي;0;5;5
10;1008;21;3;الفنون التشكيلية:نسج;الفن التشكيلي;0;6;6
10;1008;21;3;الفنون والوسائط : تواصل تعددي الوسائط;فنون وحرف;2;10;12
10;1008;21;3;تصميم الصورة:الإشهار الخطي;فنون وحرف;1;21;22
10;1008;21;11;تصميم الصورة:الإشهار الخطي;فنون وحرف;0;6;6
10;1008;21;3;تصميم الفضاء : هندسة داخلية;فنون وحرف;2;25;27
10;1008;21;11;تصميم الفضاء : هندسة داخلية;فنون وحرف;5;19;24
10;1008;21;3;تصميم المنتوج :أثاث;فنون وحرف;1;10;11
10;1008;21;3;تصميم المنتوج: إبتكار صناعي;فنون وحرف;1;12;13
10;1008;21;11;تصميم المنتوج: إبتكار صناعي;فنون وحرف;1;2;3
10;1008;21;3;تصميم المنتوج: الإكساء;فنون وحرف;1;10;11
10;1008;21;3;تصميم وتنفيذ الملابس;فنون وحرف;1;7;8
10;1008;21;3;حفر;الفن التشكيلي;0;6;6
10;1008;21;10;فنون تشكيلية;الفن التشكيلي;0;13;13
10;1008;21;3;فوتوغرافيا;الفن التشكيلي;2;18;20
10;1008;21;11;فوتوغرافيا;الفن التشكيلي;1;9;10
10;1007;21;3;الموسيقى والعلوم الموسيقية;موسيقى;11;14;25
10;1007;21;10;الموسيقى والعلوم الموسيقية;موسيقى;8;2;10
10;1007;21;3;هندسة الصوت والتكنولوجيات الحديثة;موسيقى;10;5;15
10;1003;22;3;أنقليزية الأعمال;آداب إنقليزية;10;33;43
10;1003;22;3;الإنقليزية : ترجمة;آداب إنقليزية;3;7;10
10;1003;22;3;الترجمة : عربية / فرنسية / أنقليزية;ترجمة ولغات مطبقة;1;24;25
10;1003;34;10;التصرف المندمج في الموارد المائية والفلاحة المستدامة;جغرافيا;1;4;5
10;1003;52;3;الخرائطية و نظم المعلومات الجغرافية;تعمير وتهيئة;3;11;14
10;1003;22;10;الدراسات الادبية الأنقليزية;آداب إنقليزية;0;7;7
10;1003;33;11;الصحافة ومتعددة المنصات;علوم الإخبار;4;1;5
10;1003;22;10;اللسانيات والآداب الانقليزية;آداب إنقليزية;3;14;17
10;1003;22;3;اللغة و الأداب و الحضارة الفرنسية;آداب فرنسية;8;19;27
10;1003;22;13;اللغة و الأداب و الحضارة الفرنسية;آداب فرنسية;2;7;9
10;1003;22;10;اللغة و الأداب و الحضارة الفرنسية;آداب فرنسية;3;12;15
10;1003;22;3;اللغة والآداب و الحضارة الإيطالية;لغة إيطالية;0;22;22
10;1003;22;3;اللغة والآداب والحضارة العربية;آداب عربية;12;48;60
10;1003;22;13;اللغة والآداب والحضارة العربية;آداب عربية;7;3;10
10;1003;22;10;اللغة والآداب والحضارة العربية;آداب عربية;5;25;30
10;1003;22;3;اللغة والأدب والحضارة الإنقليزية;آداب إنقليزية;3;10;13
10;1003;22;13;اللغة والأدب والحضارة الإنقليزية;آداب إنقليزية;3;3;6
10;1003;34;3;الوساطة والضبط والتدخل السوسيولوجي;علم الإجتماع;11;59;70
10;1003;22;11;انقليزية;آداب إنقليزية;3;20;23
10;1003;22;3;تاريخ;تاريخ;9;16;25
10;1003;22;13;تاريخ;تاريخ;1;3;4
10;1003;22;3;تاريخ : الآثار و علوم التراث;تاريخ;2;16;18
10;1003;22;10;تاريخ المغرب الكبير: الحديث والمعاصر;تاريخ;6;6;12
10;1003;34;13;جغرافيا;جغرافيا;2;0;2
10;1003;34;3;جغرافيا : المجال، المخاطر و التنمية المستدامة;جغرافيا;5;11;16
10;1003;22;3;حفظ الممتلكات الثقافية وترميمها;تراث وعلم الآثار;0;15;15
10;1003;83;11;سياحة وتراث;سياحة;1;4;5
10;1003;34;3;علم إجتماع : الشباب و الحراك و الإشراك الإجتماعي;علم الإجتماع;6;47;53
10;1003;22;13;علم الاجتماع;تراث وعلم الآثار;7;2;9
10;1003;22;10;علم الاجتماع;تراث وعلم الآثار;4;10;14
10;1003;22;11;علم الاجتماع;تراث وعلم الآثار;10;86;96
10;1003;22;3;فلسفة;فلسفة;1;20;21
10;1003;22;13;فلسفة;فلسفة;1;3;4
10;1003;22;10;فلسفة;فلسفة;7;15;22
10;1004;32;11;التنظيم الإداري;قانون المؤسسات;4;11;15
10;1004;32;11;القانون البنكي والمالي;قانون المؤسسات;0;14;14
10;1004;32;3;القانون الخاص;قانون خاص وعلوم إجرامية;27;90;117
10;1004;32;13;القانون الخاص;قانون خاص وعلوم إجرامية;11;2;13
10;1004;32;10;القانون الخاص;قانون خاص وعلوم إجرامية;12;58;70
10;1004;32;3;القانون العام;قانون عام;22;50;72
10;1004;32;13;القانون العام;قانون عام;5;2;7
10;1004;32;10;القانون العام;قانون عام;6;16;22
10;1004;32;11;المنازعات الإدارية و الجبائية;قانون عام;2;6;8
10;1004;31;11;جباية المؤسسة;محاسبة;1;7;8
10;1004;32;3;قانون : قانون الأعمال;قانون المؤسسات;5;38;43
10;1004;32;3;قانون : قانون عقاري;قانون عام;12;42;54
10;1004;32;11;قانون الشؤون العقارية;قانون خاص وعلوم إجرامية;8;25;33
10;1004;32;11;قانون المؤسسة و الأعمال;قانون خاص وعلوم إجرامية;4;19;23
10;1005;71;7;طب;الطب;71;141;212
10;1002;31;13;إدارة الأعمال;تصرف;37;25;62
10;1002;42;13;إعلامية;إعلامية;3;19;22
10;1002;31;13;البحوث العملياتية والمساعدة على أخذ القرار;تصرف;3;6;9
10;1002;34;13;العلوم الاقتصادية;علوم اقتصادية;11;17;28
10;1002;31;13;اللوجستية والانتاج;تصرف;1;6;7
10;1002;31;13;المحاسبة;محاسبة;13;8;21
10;1002;31;13;تسويق;تصرف;1;3;4
10;1002;31;13;مالية;تصرف;11;21;32
10;1001;44;3;الكيمياء البحث;كيمياء;5;17;22
10;1001;51;11;الأكوستيك والمراقبة غير المدمرة/المواد;هندسة المواد;8;5;13
10;1001;53;2;الإلكترونيك والكهروتقنية والآلية:الأنظمة الكهربائية;هندسة صناعية والكترونيك وآلية;11;7;18
10;1001;53;3;الإلكترونيك والكهروتقنية والآلية:الالية و الإعلامية الصناعية;هندسة صناعية والكترونيك وآلية;17;7;24
10;1001;43;3;البيوتكنولوجيا;علوم بيولوجيا;1;32;33
10;1001;44;11;الجيولوجيا التطبيقية;علوم جيولوجيا;3;7;10
10;1001;41;3;الرياضيات : الرياضيات;الرياضيات;5;11;16
10;1001;41;10;الرياضيات : الرياضيات;الرياضيات;2;1;3
10;1001;41;10;الرياضيات التطبيقية;الرياضيات;2;2;4
10;1001;41;11;الرياضيات التطبيقية;الرياضيات;1;6;7
10;1001;53;11;الصناعات الغذائية;هندسة صناعية والكترونيك وآلية;1;14;15
10;1001;44;3;الفيزياء;فيزياء;5;5;10
10;1001;44;3;الفيزياء و الطاقة;فيزياء;1;7;8
10;1001;44;3;الفيزياء:المواد;فيزياء;1;6;7
10;1001;44;10;الفيزياء:المواد;فيزياء;1;6;7
10;1001;44;11;القياسات الفيزيائية والأدواتية;فيزياء;2;2;4
10;1001;44;10;الكيمياء العضوية;كيمياء;0;9;9
10;1001;44;10;الكيمياء اللاعضوية;كيمياء;2;8;10
10;1001;44;3;الكيمياء:مواد بناء وخزف وبلور;كيمياء;1;5;6
10;1001;44;3;الموارد الجيولوجية والمحيط;علوم جيولوجيا;1;13;14
10;1001;42;11;النظم والشبكات والحوسبة السحابية;إعلامية;1;5;6
10;1001;53;11;الهندسة البيترولية(الأحواض والآبار والسلامة);هندسة موارد بيئية;7;6;13
10;1001;43;3;بيولوجيا خلوية و جزيئية;علوم بيولوجيا;1;26;27
10;1001;51;3;تقنيات اللف;هندسة المواد;1;9;10
10;1001;51;11;تقنيات اللف;هندسة المواد;1;6;7
10;1001;53;11;علم الطاقة المتقدم;هندسة موارد بيئية;3;7;10
10;1001;43;10;علوم الأحياء;علوم بيولوجيا;3;18;21
10;1001;43;3;علوم الأحياء و المحيط:البيولوجيا البحرية;علوم بيولوجيا;2;2;4
10;1001;43;3;علوم الأحياء و المحيط:علم البيئة و المحيط البري;علوم بيولوجيا;1;6;7
10;1001;44;3;علوم الأرض : علوم و تقنيات الجيولوجيا;علوم جيولوجيا;2;9;11
10;1001;44;3;علوم الأرض والمياه;علوم جيولوجيا;1;6;7
10;1001;44;10;علوم الأرض(الأحواض والموارد/المحيط والتهيئة);علوم جيولوجيا;1;10;11
10;1001;42;3;علوم الإعلامية: هندسة البرمجيات و نظم المعلومات;إعلامية;21;21;42
10;1001;42;10;علوم الاعلامية;إعلامية;2;2;4
10;1001;43;10;علوم الحياة;علوم بيولوجيا;3;16;19
10;1001;43;3;علوم الحياة والأرض;علوم بيولوجيا;6;24;30
10;1001;44;10;فيزياء المواد فيزياء الننوهياكل فيزياء الاكوستيك;فيزياء;2;7;9
10;1001;44;3;فيزياء كيمياء;فيزياء;2;13;15
10;1001;44;11;كيمياء : جودة الملونات والزيوت والطلاء;كيمياء;1;7;8
10;1001;44;3;مستحضرات التجميل والروائح والعطورات;كيمياء;0;11;11
10;1001;44;11;مستحضرات التجميل والروائح والعطورات;كيمياء;0;13;13
10;1001;53;11;معادن;هندسة موارد بيئية;6;14;20
10;1001;42;11;هندسة النظم الاعلامية;إعلامية;12;4;16
10;1001;42;3;هندسة نظم الإعلامية : النظم المحمولة و إنترنات الآشياء;إعلامية;5;12;17
10;1001;42;3;هندسة نظم الإعلامية:هندسة الشبكات والنظم;إعلامية;3;7;10
10;1006;31;11;الهندسة الجبائية والمحاسبة العالمية;محاسبة;14;14;28
10;1006;31;11;التدقيق الداخلي والتدقيق في المنظومات المعلوماتية;محاسبة;9;29;38
10;1006;31;3;التسويق;تصرف;16;42;58
10;1006;31;10;التسويق;تصرف;1;11;12
10;1006;31;11;التسويق الرقمي;تصرف;8;18;26
10;1006;31;3;التصرف في الموارد البشرية;تصرف;4;12;16
10;1006;31;11;الخبرة في المحاسبة الرقمي(co-construit );محاسبة;7;20;27
10;1006;31;3;المالية;تصرف;31;74;105
10;1006;31;10;المالية;تصرف;2;5;7
10;1006;31;3;المحاسبة;محاسبة;19;77;96
10;1006;34;3;الهندسة الإقتصادية و المالية;علوم اقتصادية;1;8;9
10;1006;31;11;ريادة الأعمل وتطوير مشاريع الإمتياز;تصرف;5;12;17
10;1006;31;11;هندسة مالية;تصرف;5;31;36
11;1115;53;10;هندسة كهربائية: أنظمة ذكية;هندسة كهربائية;4;3;7
11;1115;53;5;هندسة الاتصالات والشبكات;إتصالات;16;22;38
11;1115;53;10;هندسة الكيميائية أساليب : أساليب والمواد البيولوجية;هندسة كيميائية;0;14;14
11;1115;53;5;هندسة كهربائية آلية;هندسة كهربائية;19;18;37
11;1115;53;10;هندسة كهربائية: طاقات متجددة;هندسة كهربائية;3;7;10
11;1115;53;5;هندسة كيميائية وأساليب;هندسة كيميائية;4;17;21
11;1115;52;5;هندسة مدنية;هندسة مدنية;14;18;32
11;1115;53;5;هندسة ميكانيكية;هندسة ميكانيكية;11;1;12
11;1115;53;10;هندسة ميكانيكية: الطاقية;هندسة ميكانيكية;4;8;12
11;1113;71;3;تمريض;مهن شبه طبية;25;48;73
11;1112;62;11;التصرف المندمج في الموارد المائية;علوم فلاحية;1;7;8
11;1112;62;11;التنقيب والضخ والشبكات المائية;علوم فلاحية;2;4;6
11;1112;44;11;الجيوماتيك الماء والمحيط;علوم جيولوجيا;2;4;6
11;1112;44;11;الري الصيانة والتحكم عن بعد;علوم جيولوجيا;0;4;4
11;1112;62;10;الماء والمحيط;علوم فلاحية;0;7;7
11;1112;44;3;الهندسة المائية;علوم جيولوجيا;0;10;10
11;1112;53;3;الهندسة الهيدرو إلكتروميكانيك;هندسة ميكانيكية;5;6;11
11;1112;62;3;هندسة التنقيب;علوم فلاحية;5;6;11
11;1111;42;11;Iعلامية صناعية;إعلامية;6;8;14
11;1111;53;10;الالكترونيك المحمول وأجهزة الاتصالات;هندسة صناعية والكترونيك وآلية;3;9;12
11;1111;42;3;علوم الإعلامية : هندسة البرمجيات و نظم المعلومات;إعلامية;10;18;28
11;1111;53;3;علوم وتكنولوجيات المعلومات والإتصال:الالكترونيك والاتصالات;إتصالات;1;10;11
11;1111;42;11;هندسة البرمجيات والمعرفة;إعلامية;4;11;15
11;1110;42;3;الفنون والوسائط;فن الملتيميديا;8;5;13
11;1110;53;11;النظم المحمولة;هندسة صناعية والكترونيك وآلية;1;0;1
11;1110;42;3;تكنولوجيا ت المعلومات والاتصال;إعلامية;5;21;26
11;1110;42;11;سلامة النظم المعلوماتية;إعلامية;2;13;15
11;1110;42;3;علوم الاعلامية;إعلامية;13;18;31
11;1110;42;10;علوم الاعلامية;إعلامية;0;2;2
11;1110;42;3;هندسة النظم الاعلامية;إعلامية;5;6;11
11;1109;51;3;الصناعات الغذائية والتغذية(مراقبة جودة الأغذية وسلامتها);هندسة المواد;2;68;70
11;1109;51;11;الصناعات الغذائية والتغذية(مراقبة جودة الأغذية وسلامتها);هندسة المواد;2;19;21
11;1109;62;11;بعث المشاريع في مجال بيوتكنولوجيا المناطق الجافة;علوم فلاحية;0;7;7
11;1109;43;11;تثمين الموارد البيولوجية النباتية;علوم بيولوجيا;1;10;11
11;1109;51;2;تحويل وتصبير منتوجات البحر;هندسة المواد;1;12;13
11;1114;42;3;إعلامية التصرف: الخدمات الإلكترونية في الأعمال;إعلامية تصرف;5;31;36
11;1114;31;3;إدارة الأعمال;تصرف;0;38;38
11;1114;42;3;اعلامية التصرف: نظم معلومات في الأعمال;إعلامية تصرف;13;34;47
11;1114;22;3;اقتصاد و مالية دولية;الشريعة وأصول الدين;5;25;30
11;1114;34;3;السياسات والتحاليل الاقتصادية;علوم اقتصادية;5;19;24
11;1114;31;3;تسويق;تصرف;5;31;36
11;1114;31;3;علوم التصرف: التصرف اللوجستي و الإنتاج;تصرف;6;31;37
11;1114;31;3;مالية;تصرف;0;39;39
11;1114;31;3;محاسبة;محاسبة;12;65;77
11;1114;34;3;نقد ومالية وبنك تأمين;علوم اقتصادية;2;27;29
11;1107;32;11;الحوكمة المحلية والتنمية المستدامة;قانون عام;2;22;24
11;1107;32;3;القانون الخاص;قانون خاص وعلوم إجرامية;1;34;35
11;1107;32;3;القانون العقاري;العلوم القانونية الأساسية;0;16;16
11;1107;32;11;قانون الإجراءات;قانون خاص وعلوم إجرامية;2;23;25
11;1107;32;11;قانون المؤسسة و الأعمال;قانون خاص وعلوم إجرامية;4;16;20
11;1107;32;3;قانون عام;قانون عام;4;19;23
11;1108;11;11;الإتصال الثقافي والسياحي;علوم ثقافية;2;16;18
11;1108;22;3;الالمانية:تواصل الثقافات و السياحة;لغة ألمانية;3;2;5
11;1108;11;3;التربية و التعليم;علوم التربية;17;97;114
11;1108;22;3;اللغة و الآداب والحضارة الإنقليزية;آداب إنقليزية;5;19;24
11;1108;22;3;اللغة و الأداب و الحضارة الفرنسية;آداب فرنسية;1;12;13
11;1108;22;3;اللغة والآداب والحضارة العربية;آداب عربية;3;31;34
11;1108;83;11;سياحة والتراث;سياحة;4;12;16
11;1106;53;10;الأساليب للكيمياء والبيئة والطاقة;هندسة كيميائية;1;9;10
11;1106;53;3;الإلكترونيك و الكهروتقنية و الآلية: الآلية و الإعلامية الصناعية;هندسة صناعية والكترونيك وآلية;16;11;27
11;1106;52;3;البناء;هندسة مدنية;7;13;20
11;1106;53;11;الكتروميكانيك;هندسة الإلكتروميكانيك والميكاترونيك;10;0;10
11;1106;53;3;الهندسة الطاقية: الطاقية والمحيط;هندسة موارد بيئية;5;8;13
11;1106;53;3;الهندسة الميكانيكية: علوم وهندسة المواد;هندسة ميكانيكية;8;12;20
11;1106;53;3;الهندسة ميكانيكية:الانتاجية;هندسة ميكانيكية;12;11;23
11;1106;44;11;كيمياء صناعية;كيمياء;0;14;14
11;1106;53;3;هندسة العمليات الصناعية: هندسة كيميائية;هندسة كيميائية;1;11;12
11;1106;53;3;هندسة عمليات صناعية: كيمياء صناعية;هندسة كيميائية;1;12;13
11;1106;52;11;هندسة مدنية;هندسة مدنية;11;8;19
11;1106;52;3;هندسة مدنية: الأشغال العمومية;هندسة مدنية;13;12;25
11;1105;22;3;اللغة والآداب والحضارة الإسبانية;لغة إسبانية;1;11;12
11;1105;22;3;ألمانية;لغة ألمانية;1;9;10
11;1105;22;11;أنقليزية الأعمال;آداب إنقليزية;1;5;6
11;1105;22;3;إيطالية:تجارة دولية;لغة إيطالية;1;11;12
11;1105;22;10;الأدب واللسانيات الفرنسية;آداب فرنسية;3;9;12
11;1105;22;11;الفرنسية لغة أجنبية;آداب فرنسية;1;6;7
11;1105;22;3;اللغة و الأداب و الحضارة الفرنسية;آداب فرنسية;0;32;32
11;1105;22;3;اللغة والآداب والحضارة العربية;آداب عربية;0;27;27
11;1105;22;3;انقليزية;آداب إنقليزية;5;22;27
11;1105;22;11;انقليزية الإعلام والصحافة;آداب إنقليزية;2;7;9
11;1105;22;11;تعليمية اللغة الألمانية;لغة ألمانية;1;4;5
11;1105;11;3;علوم التربية;علوم التربية;16;242;258
11;1104;34;3;الأنتروبولوجيا الاجتماعية والثقافية;علم الإجتماع;0;24;24
11;1104;11;3;التربية و التعليم;علوم التربية;29;152;181
11;1104;21;3;تصميم الصورة: إشهار سمعي بصري;فنون وحرف;1;6;7
11;1104;21;3;تصميم الفضاء : هندسة داخلية;فنون وحرف;0;8;8
11;1104;21;3;فن تشكيلي: التصوير الفوتغرافي;الفن التشكيلي;0;5;5
11;1103;21;11;الفنون المرئية:فنون تشكيلية;الفن التشكيلي;3;15;18
11;1103;21;3;الفوتوغرافيا والمعالجة الرقمية للصورة;فنون وحرف;4;12;16
11;1103;21;3;الموسيقى والعلوم الموسيقية;موسيقى;3;6;9
11;1103;21;10;الموسيقى والعلوم الموسيقية;موسيقى;5;7;12
11;1103;21;3;تصميم الصورة: إشهار خطي;فنون وحرف;1;15;16
11;1103;21;3;تصميم الصورة: إشهار سمعي بصري;فنون وحرف;3;22;25
11;1103;21;3;تصميم الفضاء : هندسة داخلية;فنون وحرف;3;35;38
11;1103;21;11;تصميم الفضاء : هندسة داخلية;فنون وحرف;1;21;22
11;1103;22;3;حفظ الممتلكات الثقافية وترميمها: تهيئة الحجارة ومشتقاتها في الجنوب الشرقي من البلاد التونسية;تراث وعلم الآثار;1;11;12
11;1103;21;3;فنون تشكيلية : خزف;الفن التشكيلي;1;15;16
11;1103;21;3;فنون تشكيلية : رسم زيتي;الفن التشكيلي;1;15;16
11;1103;21;3;فنون تشكيلية : نحت;الفن التشكيلي;2;10;12
11;1103;21;10;نظريات الإبداع;علوم وتقنيات الفنون;0;21;21
11;1102;53;3;إلكترونيك صناعي;هندسة صناعية والكترونيك وآلية;7;9;16
11;1102;53;11;الأنظمة الميكاترونية;هندسة الإلكتروميكانيك والميكاترونيك;5;6;11
11;1102;53;11;الالكتروميكانيك:صيانة المنظومات الصناعية;هندسة الإلكتروميكانيك والميكاترونيك;8;10;18
11;1102;53;11;التحكم في الأنظمة الكهربائية;هندسة كهربائية;6;11;17
11;1102;53;3;الصيانة الصناعية;هندسة ميكانيكية;9;12;21
11;1102;53;3;الطاقات الكهرباية المتجددة;هندسة صناعية والكترونيك وآلية;4;10;14
11;1102;53;3;النظم الآلية والشبكات الصناعية;هندسة صناعية والكترونيك وآلية;7;9;16
11;1102;53;10;الهندسة الكهربائية: الآلية والأنظمة الآلية;هندسة كهربائية;4;6;10
11;1102;53;10;الهندسة الميكانيكية (ميكانيك اللمواد الصلبة والهياكل);هندسة ميكانيكية;5;7;12
11;1102;53;3;الهندسة الهيدرو إلكتروميكانيك;هندسة ميكانيكية;9;9;18
11;1102;53;3;الهياكل المعدنية والحدادة;هندسة ميكانيكية;6;8;14
11;1102;53;3;هندسة ميكانيكية الانشاءات والتصنيع الميكانيكية;هندسة ميكانيكية;14;12;26
11;1101;53;3;الإلكترونيك و الكهروتقنية و الآلية: القياس و الادواتية و المترولوجيا;هندسة صناعية والكترونيك وآلية;4;8;12
11;1101;42;10;الاعلامية والشبكات;إعلامية تصرف;1;4;5
11;1101;43;3;البيولوجيا التحليلية والتجريبية:بيولوجيا تحليلية وجودة;علوم بيولوجيا;5;64;69
11;1101;43;10;البيولوجيا والمحيط;علوم بيولوجيا;0;12;12
11;1101;53;3;الشبكات الاعلامية وأنظمة الإتصالات;إتصالات;5;8;13
11;1101;44;11;العلوم الجيولوجية(تثمين الصخور والمعادن الصناعية);علوم جيولوجيا;1;4;5
11;1101;44;3;الفيزياء;فيزياء;4;7;11
11;1101;44;10;الفيزياء;فيزياء;1;7;8
11;1101;44;3;الفيزياء وتطبيقاتها;فيزياء;0;12;12
11;1101;44;3;الكيمياء;كيمياء;9;45;54
11;1101;44;10;الكيمياء;كيمياء;0;16;16
11;1101;43;10;بيولوجيا;علوم بيولوجيا;2;17;19
11;1101;44;11;جيولوجيا الأحواض الرسوبية;علوم جيولوجيا;2;3;5
11;1101;41;3;رياضيات;الرياضيات;4;3;7
11;1101;41;10;رياضيات;الرياضيات;1;7;8
11;1101;42;11;سلامة المنظومات والشبكات الإعلامية;إعلامية;6;9;15
11;1101;44;3;علوم الأرض;علوم جيولوجيا;1;18;19
11;1101;42;3;علوم الاعلامية;إعلامية;20;7;27
11;1101;43;3;علوم الحياة;علوم بيولوجيا;4;46;50
11;1101;43;3;علوم الحياة والمحيط;علوم بيولوجيا;3;13;16
11;1101;44;3;علوم الطبيعة و التطبيقات:بيولوجيا - جيولوجيا;علوم جيولوجيا;2;31;33
12;1210;53;5;الهندسة الكيميائية والمنجمية;هندسة كيميائية;6;12;18
12;1210;53;5;هندسة الالكتروميكانيك;هندسة الإلكتروميكانيك والميكاترونيك;13;9;22
12;1210;53;5;هندسة الطاقة : ادارة العمال في الطاقة;هندسة موارد بيئية;10;20;30
12;1208;31;3;إدارة الأعمال;تصرف;6;27;33
12;1208;34;3;اقتصاديات الأعمال;علوم اقتصادية;2;12;14
12;1208;31;3;التسويق;تصرف;5;28;33
12;1208;31;3;التصرف في الموارد البشرية;تصرف;5;20;25
12;1208;31;3;المالية;تصرف;4;44;48
12;1208;31;3;المحاسبة;محاسبة;15;41;56
12;1208;42;3;نظم معلومات في الأعمال;إعلامية تصرف;9;27;36
12;1208;34;3;نقد ومالية وبنك وتأمين;علوم اقتصادية;4;13;17
12;1207;11;3;التربية و التعليم;علوم التربية;55;319;374
12;1206;11;3;التربية و التعليم;علوم التربية;11;87;98
12;1206;22;3;اللغة و الأداب و الحضارة الفرنسية;آداب فرنسية;1;0;1
12;1205;22;3;الأنقليزية;آداب إنقليزية;13;38;51
12;1205;22;11;الأنقليزية والتكنولوجيا;آداب إنقليزية;0;7;7
12;1205;22;3;العربية;آداب عربية;32;91;123
12;1205;22;10;اللغة و الأداب و الحضارة الفرنسية;آداب فرنسية;5;9;14
12;1205;34;3;الوساطة و الضبط والتدخل السوسيولوجي;علم الإجتماع;28;139;167
12;1205;22;11;تكنولوجيا المعلومات والتواصل في تدريس اللغة الانجليزية;آداب إنقليزية;1;11;12
12;1205;22;3;فرنسية;آداب فرنسية;9;40;49
12;1205;22;11;فرنسية;آداب فرنسية;2;11;13
12;1204;83;3;التربية والحركية;مهن الرياضة;70;54;124
12;1203;42;11;الآنظمة المحمولة;إعلامية;7;11;18
12;1203;53;3;الالكترونيك والكهروتقنية والالية;هندسة صناعية والكترونيك وآلية;4;7;11
12;1203;53;11;التصرف في الصيانة الصناعية;هندسة صناعية والكترونيك وآلية;13;8;21
12;1203;53;3;الهندسة الميكانيكية;هندسة ميكانيكية;15;5;20
12;1203;42;11;خبير في الأمن السيبيرالي;إعلامية;1;18;19
12;1203;42;11;علوم الاعلامية;إعلامية;3;1;4
12;1203;42;3;هندسة نظم الاعلامية;إعلامية;8;6;14
12;1202;21;3;إتصميم الصورة:شهار خطي;علوم وتقنيات الفنون;0;9;9
12;1202;21;3;الإجازة في تصميم المنتوج;فنون وحرف;0;7;7
12;1202;21;3;تصميم المنتوج : ابتكار حرفي;فنون وحرف;1;11;12
12;1202;21;11;تصميم المنتوج : ابتكار حرفي;فنون وحرف;5;22;27
12;1202;21;3;موسيقى والعلوم موسيقية;موسيقى;6;8;14
12;1202;21;10;موسيقى والعلوم موسيقية;موسيقى;0;6;6
12;1202;21;3;هندسة داخلية;فنون وحرف;1;5;6
12;1201;42;3;علوم الإعلامية: هندسة البرمجيات ونظم المعلومات;إعلامية;22;19;41
12;1201;42;3;الإعلامية و الوسائط المتعددة;إعلامية;8;20;28
12;1201;53;3;الالكترونيك الصناعي;هندسة صناعية والكترونيك وآلية;6;9;15
12;1201;53;3;الالية والاعلامية الصناعية;هندسة صناعية والكترونيك وآلية;8;6;14
12;1201;43;3;البيوتكنولوجيا;علوم بيولوجيا;3;78;81
12;1201;43;3;البيولوجيا الجزيئية والخلوية;علوم بيولوجيا;1;26;27
12;1201;44;3;الفيزياء;فيزياء;1;5;6
12;1201;44;3;الفيزياء وتطبيقاتها;فيزياء;0;2;2
12;1201;44;3;الكيمياء;كيمياء;3;16;19
12;1201;53;3;الهندسة الطاقية;هندسة موارد بيئية;13;16;29
12;1201;53;3;الهندسة الميكانيكية : الصيانة الصناعية;هندسة ميكانيكية;7;8;15
12;1201;53;3;الهندسة الميكانيكيّة :التصميم والإنتاج المندمج;هندسة ميكانيكية;10;6;16
12;1201;43;3;بيولوجيا المجموعات والأنظمة;علوم بيولوجيا;1;13;14
12;1201;41;3;رياضيات;الرياضيات;9;3;12
12;1201;41;3;رياضيات تطبيقية;الرياضيات;1;6;7
12;1201;44;3;علوم الأرض;علوم جيولوجيا;2;8;10
12;1201;44;3;علوم الجيوماتيك والتطبيقات;علوم جيولوجيا;2;5;7
12;1201;43;3;علوم الحياة والأرض;علوم بيولوجيا;3;42;45
5;513;21;11;التصميم للتنمية المستديمة;فنون وحرف;4;10;14
5;513;21;11;التصميم وتكنولوجيا التعليب;علوم وتقنيات الفنون;2;8;10
5;513;21;13;تصميم;فنون وحرف;0;7;7
5;513;21;10;تصميم;فنون وحرف;0;10;10
5;513;21;11;تصميم الفضاء;فنون وحرف;40;40;80
5;513;21;11;تصميم الصورة;فنون وحرف;1;12;13
5;513;21;3;تصميم الصورة: إشهار سمعي بصري;فنون وحرف;15;22;37
5;513;21;3;تصميم الفضاء : هندسة داخلية;فنون وحرف;8;46;54
5;513;21;3;تصميم المنتوج;فنون وحرف;12;30;42
5;513;21;11;تصميم المنتوج;فنون وحرف;3;8;11
5;513;21;3;فنون وحرف : إشهار خطي;فنون وحرف;7;21;28
5;513;21;3;فنون وحرف : تعليب;فنون وحرف;4;10;14
5;513;21;3;فنون وحرف : سينوغرافيا;فنون وحرف;3;9;12
5;512;42;3;التسويق الإلكتروني و الإستراتيجيات الرقمية (عن بعد);إعلامية تصرف;7;2;9
5;512;42;11;الخدمات الإلكترونية في الاعمال ( عن بعد);إعلامية تصرف;12;14;26
5;512;31;3;الخدمات الالكترونية في الأعمال;محاسبة;20;23;43
5;512;31;11;الخدمات الالكترونية في الأعمال;محاسبة;3;15;18
5;512;42;11;اليقظة والذكاء التنافسي;إعلامية تصرف;4;10;14
5;512;31;3;ذكاء الاعمال;تصرف;17;33;50
5;512;42;10;ذكاء الواب;إعلامية تصرف;1;4;5
5;512;42;11;علم البيانات و تطوير البرمجيات;إعلامية تصرف;9;18;27
5;512;31;11;مراقبة التصرف وذكاء الأعمال;تصرف;7;20;27
5;512;42;3;نظم معلومات في الأعمال;إعلامية تصرف;16;16;32
5;511;31;3;نقد مالية بنك تأمين;تصرف;12;49;61
5;511;31;11;إدارة الأعمال: التصرف في الصحة العمومية;تصرف;4;19;23
5;511;42;10;إعلامية التصرف(إعلامية القرار والذكاء المطبق على التصرف);إعلامية تصرف;4;11;15
5;511;34;3;إقتصاديات النقل و اللوجستية;علوم اقتصادية;8;12;20
5;511;34;11;إقتصاديات النقل و اللوجستية;علوم اقتصادية;6;26;32
5;511;31;3;ادارة أعمال;تصرف;8;29;37
5;511;34;10;الاقتصاد والمالية الدولية: تجارة دولية واستراتيجيات;اقتصاد كمّي;1;7;8
5;511;34;10;الاقصاد الكمي;اقتصاد كمّي;2;3;5
5;511;34;3;التجارة و المالية الدولية;علوم اقتصادية;2;24;26
5;511;31;11;التصرف الفندقي والسياحي;تصرف;6;12;18
5;511;31;11;التصرف في العلاقة مع الحريف;تصرف;5;26;31
5;511;31;11;التصرف في المخاطر والتأمين;تصرف;8;19;27
5;511;31;11;التوزيع والمفاوضات التجارية;تصرف;7;11;18
5;511;34;13;العلوم الاقتصادية;علوم اقتصادية;3;5;8
5;511;31;11;المبادرة وتطوير الأنشطة المجددة بالجهات;تصرف;9;15;24
5;511;31;10;المبادرة وريادة الأعمال;تصرف;2;3;5
5;511;34;10;النقد والمالية والبنوك : بنك مالية واستراتيجيات;اقتصاد كمّي;1;10;11
5;511;31;11;الهندسة المالية;تصرف;2;25;27
5;511;31;3;تسويق;تصرف;35;45;80
5;511;31;10;تسويق;تصرف;0;2;2
5;511;42;11;علوم الاعلامية : علوم البيانات;إعلامية;10;16;26
5;511;31;13;علوم التصرف;تصرف;6;17;23
5;511;31;3;مالية;تصرف;61;142;203
5;511;31;10;مالية;تصرف;3;16;19
5;511;34;3;هندسة إقتصادية ومالية;علوم اقتصادية;5;16;21
5;510;42;5;إعلامية;إعلامية;108;84;192
5;509;61;;طب بيطري;طب بيطري;8;48;56
5;505;42;10;الإعلامية : اعلامية الملتميديا واتخاذ القرار;إعلامية;21;8;29
5;505;42;3;الإعلامية و الوسائط المتعددة;إعلامية;37;27;64
5;505;21;11;التقنيات السمعية البصرية : مساعد مخرج;سينيما;5;3;8
5;505;42;11;تصميم وتطوير مواد وخدمات الملتميديا;فن الملتيميديا;27;16;43
5;505;42;2;تطوير ألعاب الفيديو;فن الملتيميديا;15;3;18
5;505;21;3;تواصل تعددي الوسائط;علوم وتقنيات الفنون;41;29;70
5;505;21;3;سينما و السمعي البصري:إختصاص تركيب;سينيما;5;4;9
5;505;21;3;سينما و السمعي البصري:إختصاص صوت;سينيما;3;1;4
5;505;21;3;سينما و السمعي البصري:إختصاص صورة;سينيما;5;5;10
5;505;21;3;سينما و السمعي البصري:المساعدة في الكتابة والإخراج;سينيما;4;5;9
5;505;21;2;صياغة وإخراج الأفلام التنشيطية ثلاثية الأبعاد;سينيما;16;8;24
5;505;42;5;علوم الإعلامية:الاعلامية و الملتميديا;فن الملتيميديا;13;12;25
5;505;43;3;علوم وتحليل البيانات الضخمة;هندسة بيولوجية;25;22;47
5;504;43;11;التنمية الصناعية للمنتجات الصحية;علوم بيولوجيا;1;13;14
5;504;43;3;البيوتكنولوجيا (التحليل البيولوجي ومراقبة جودة المواد شبه الطبية;علوم بيولوجيا;2;18;20
5;504;43;11;التحليل البيولوجي و مراقبة جودة المنتجات الصحية;علوم بيولوجيا;0;12;12
5;504;43;10;الفيزيولوجيا المرضية والتغذية الوظيفية;علوم بيولوجيا;1;6;7
5;504;43;3;بيوتكنولوجيا والصناعات الصيدلية;علوم بيولوجيا;3;28;31
5;504;43;3;بيولوجيا خلوية و جزيئية;علوم بيولوجيا;2;31;33
5;504;43;3;تحاليل وتجارب بيولوجية;علوم بيولوجيا;2;39;41
5;504;43;10;علوم الأحياء: البيولوجيا الجزيئية والصحة;علوم بيولوجيا;0;10;10
5;503;72;3;التربية المختصة;خدمات اجتماعية;5;39;44
5;508;33;3;التصرف الإلكتروني في المعلومات و الوثائق;التوثيق والمكتبية والأرشيف;1;36;37
5;508;33;3;التصرف في الأرشيف;التوثيق والمكتبية والأرشيف;4;44;48
5;508;33;3;المكتبات و موارد المعلومات;التوثيق والمكتبية والأرشيف;2;22;24
5;508;33;11;ادارة المعلومات والوثائق الرقمية;التوثيق والمكتبية والأرشيف;1;15;16
5;508;33;11;التوثيق المؤسساتي;التوثيق والمكتبية والأرشيف;1;12;13
5;507;83;3;التدريب الرياضي;مهن الرياضة;44;6;50
5;507;83;3;التربية والحركية;مهن الرياضة;257;141;398
5;506;31;3;إدارة الأعمال;تصرف;3;25;28
5;506;31;13;إدارة الأعمال;تصرف;1;2;3
5;506;31;10;إدارة الأعمال;تصرف;2;7;9
5;506;31;11;الأداء والمسؤولية المجتماعية للمؤسسات;تصرف;5;23;28
5;506;31;3;التصرف في الموارد البشرية;تصرف;32;8;40
5;506;31;11;التصرف في الموارد البشرية;تصرف;7;26;33
5;506;31;11;الخبرة في المحاسبة;محاسبة;15;61;76
5;506;31;11;المالية:التقنيات المالية;تصرف;6;9;15
5;506;31;13;المحاسبة;محاسبة;5;5;10
5;506;31;10;المحاسبة;محاسبة;10;27;37
5;506;31;11;المحاسبة;محاسبة;13;28;41
5;506;31;11;الهندسة المالية والبنكية;تصرف;15;29;44
5;506;31;11;اليقظة والذكاء التنافسي;تصرف;7;20;27
5;506;31;11;تقنيات المحاسبة والجباية و المالية;محاسبة;15;20;35
5;506;31;3;علوم المحاسبة;محاسبة;79;213;292
5;506;31;3;مالية;تصرف;26;55;81
5;506;31;11;مساعد تصرف في المؤسسات;تصرف;4;7;11
5;501;21;10;الآثار;فنون وحرف;4;13;17
5;501;22;3;الإسبانية;لغة إسبانية;0;6;6
5;501;22;10;الإسبانية;لغة إسبانية;0;12;12
5;501;34;3;الجيوبوليتيك والعلاقات الدولية;جغرافيا;6;19;25
5;501;22;10;الحضارة والأديان المقارنة;تاريخ;11;14;25
5;501;22;3;اللغات;ترجمة ولغات مطبقة;1;13;14
5;501;22;13;اللغات;ترجمة ولغات مطبقة;1;7;8
5;501;22;3;اللغة و الآداب والحضارة الإنقليزية;آداب إنقليزية;14;95;109
5;501;22;13;اللغة و الآداب والحضارة الإنقليزية;آداب إنقليزية;10;4;14
5;501;22;10;اللغة و الآداب والحضارة الإنقليزية;آداب إنقليزية;2;42;44
5;501;22;3;اللغة و الأداب و الحضارة الفرنسية;آداب فرنسية;3;37;40
5;501;22;13;اللغة و الأداب و الحضارة الفرنسية;آداب فرنسية;3;3;6
5;501;22;10;اللغة و الأداب و الحضارة الفرنسية;آداب فرنسية;1;19;20
5;501;22;3;اللغة والآداب الإيطالية;لغة إيطالية;2;42;44
5;501;22;10;اللغة والآداب الإيطالية;لغة إيطالية;2;15;17
5;501;22;3;اللغة والآداب والحضارة العربية;لغة إيطالية;27;145;172
5;501;22;13;اللغة والآداب والحضارة العربية;لغة إيطالية;9;4;13
5;501;22;10;اللغة والآداب والحضارة العربية;لغة إيطالية;21;39;60
5;501;34;10;المحيط والتهيئة والمخاطر;جغرافيا;2;5;7
5;501;22;10;النوع والثقافة والمجتمع;تاريخ;2;6;8
5;501;22;3;تاريخ;تاريخ;2;29;31
5;501;22;10;تاريخ العالم المتوسطي وحضارته;تاريخ;10;15;25
5;501;22;10;تراث;تراث وعلم الآثار;0;11;11
5;501;22;11;ترجمة;ترجمة ولغات مطبقة;6;48;54
5;501;34;3;جغرافيا;جغرافيا;11;27;38
5;501;34;3;جيوماتيك البيئة والمحيط;جغرافيا;2;11;13
5;501;34;11;جيوماتيك المعلومات والتنمية المستديمة;جغرافيا;6;12;18
5;501;22;3;علم الآثار والتراث;تاريخ;1;2;3
5;501;22;1;علم الآثار وتاريخ الفن;تراث وعلم الآثار;1;4;5
5;502;33;11;الإتصال السياسي;علوم الإخبار;1;10;11
5;502;33;3;الاتصال;علوم الإخبار;7;28;35
5;502;33;11;الاعلام السمعي البصري:إعلام إذاعي;علوم الإخبار;1;5;6
5;502;33;11;الصحافة الإستقصائية;علوم الإخبار;1;4;5
5;502;33;3;صحافة;علوم الإخبار;19;57;76
5;502;43;10;علوم الاعلام والاتصال;علوم بيولوجيا;3;2;5
5;502;33;11;لاعلام السمعي البصري:إعلام تلفزي;علوم الإخبار;0;7;7
5;502;33;11;للاعلام المتعدد المنصات;علوم الإخبار;4;7;11
9;908;42;10;نظم المعلومات الذكية;إعلامية;3;15;18
9;908;31;10;مالية;تصرف;3;7;10
9;908;42;11;الشبكات والتطبيقات الموزعة;إعلامية;6;7;13
9;908;31;11;التصرف وبعث المشاريع;تصرف;2;11;13
9;908;31;11;محاسبة - مراقبة - تدقيق;محاسبة;1;17;18
9;908;34;11;العلوم إالإقتصادية: الهندسة الإقتصادية و المالية;علوم اقتصادية;6;26;32
9;908;42;11;علوم الاعلامية: علوم المعطيات;إعلامية;8;11;19
9;908;31;3;إدارة الأعمال;تصرف;6;10;16
9;908;31;3;مالية;تصرف;18;60;78
9;908;31;3;المحاسبة;محاسبة;16;52;68
9;908;34;3;العلوم الإقتصادية: نقد-مالية-بنك-تأمين;علوم اقتصادية;2;27;29
9;908;42;3;إعلامية التصرف: ذكاء الأعمال;إعلامية تصرف;2;16;18
9;908;42;3;علوم الإعلامية: هندسة البرمجيات و نظم المعلومات;إعلامية;24;25;49
9;908;42;3;هندسة نظم الإعلامية: النظم المحمولة و أنترنات الأشياء;إعلامية;0;5;5
10;1002;31;3;التصرف في الموارد البشرية;تصرف;2;28;30
10;1002;34;3;النقد والمالية والبنك:الهندسة الاقتصادية والمالية;علوم اقتصادية;4;21;25
10;1002;34;3;اقتصاد الأعمال;علوم اقتصادية;1;22;23
10;1002;31;3;إدارة الأعمال;تصرف;3;19;22
10;1002;31;3;المحاسبة;محاسبة;14;73;87
10;1002;31;3;مالية;تصرف;21;38;59
10;1002;34;3;اقتصاد:النقد والمالية والبنك- البنوك والتأمين;علوم اقتصادية;10;46;56
10;1002;31;3;التسويق;تصرف;7;15;22
10;1002;31;3;البنوك والمؤسسات المالية;تصرف;10;50;60
10;1002;34;3;إقتصاديات النقل و اللوجستية;علوم اقتصادية;4;17;21
10;1002;34;3;التجارة و المالية الدولية;علوم اقتصادية;3;23;26
10;1002;34;3;التحليل و السياسة الإقتصادية;علوم اقتصادية;2;13;15
10;1002;31;3;التصرف اللوجستي و الإنتاج;تصرف;10;20;30
10;1002;34;10;نقد، مالية، بنوك(النقد والتمويل والتنمية);علوم اقتصادية;4;20;24
10;1002;31;10;المحاسبة;محاسبة;0;17;17
10;1002;31;10;مالية;تصرف;5;6;11
10;1002;42;10;نظم المعلومات والتكنولوجيات الحديثة;إعلامية;2;8;10
10;1002;31;10;التسويق;تصرف;1;9;10
10;1002;34;10;الإقتصاد والمالية الإسلامية;علوم اقتصادية;0;11;11
10;1002;31;10;ادارة الاعمال والاستشراف;تصرف;2;13;15
10;1002;31;10;التصرف اللوجستي و الإنتاج;تصرف;1;5;6
10;1002;31;11;المحاسبة;محاسبة;19;38;57
10;1002;31;11;تصرف في الانتاج(الجودة);تصرف في الجودة والإنتاج;1;14;15
10;1002;31;11;مالية:الهندسة المالية;تصرف;6;27;33
10;1002;31;11;تسويق:التصرف في العلاقات مع الحريف;تصرف;4;21;25
10;1002;34;11;النقد والمالية والبنك(الاكتوارية والتصرف في المخاطر);علوم اقتصادية;8;17;25
10;1002;42;11;التدقيق والسلامة الإعلامية;إعلامية;7;6;13
10;1002;31;11;هندسة التصرف ومهن الإستشارة;تصرف;0;17;17
10;1002;42;11;علوم وهندسة البيانات;إعلامية;9;20;29
4;423;53;;الشهادة الوطنية لمهندس;إتصالات;88;74;162
13;;31;3;تقنيات البيع;تصرف;4;13;17
13;;31;3;ادارة الأعمال تصرف صناعي;تصرف;8;35;43
13;;31;3;تقنيات المحاسبة والمالية;محاسبة;4;19;23
13;;53;3;هندسة كهربائية:أوتوماتيزم والإعلامية الصناعية;هندسة كهربائية;11;14;25
13;;53;3;هندسة كهربائية:الكهرباء الصناعية;هندسة كهربائية;20;9;29
13;;42;3;تطوير أنظمة المعلومات;إعلامية;12;10;22
13;;42;3;الشبكات والخدمات الإعلامية;إعلامية;3;5;8
13;;42;3;الأنظمة المحمولة والجوالة;إعلامية;5;7;12
13;;42;3;الملتيميديا وتطوير الواب;فن الملتيميديا;4;12;16
13;;53;3;هندسة ميكانيكية:صيانة صناعية;هندسة ميكانيكية;10;1;11
13;;53;3;هندسة ميكانيكية:البناء والصناعة الميكانيكية;هندسة ميكانيكية;35;12;47
13;;53;11;التصرف في الاداء الصناعي;هندسة صناعية والكترونيك وآلية;10;6;16
13;;31;3;تقنيات البيع;تصرف;12;19;31
13;;53;3;هندسة كهربائية:الآلية والإعلامية الصناعية;هندسة ميكانيكية;20;11;31
13;;53;3;هندسة كهربائية:الكهرباء الصناعية;هندسة كهربائية;26;12;38
13;;53;3;هندسة ميكانيكية:البناء والصناعة الميكانيكية;هندسة ميكانيكية;35;15;50
13;;53;3;هندسة ميكانيكية:صيانة صناعية;هندسة ميكانيكية;12;14;26
13;;42;3;الملتيميديا وتطوير الواب;فن الملتيميديا;12;17;29
13;;42;3;الشبكات والخدمات الإعلامية;إعلامية;5;9;14
13;;42;3;تطوير أنظمة المعلومات;إعلامية;11;12;23
13;;31;3;التصرف الصناعي;تصرف;3;13;16
13;;31;3;تقنيات المحاسبة والمالية;محاسبة;4;31;35
4;425;62;3;الإنتاج الحيواني والموارد العلفية;علوم فلاحية;11;18;29
4;425;62;5;إنتاج حيواني وعلفي;علوم فلاحية;6;19;25
4;425;62;;جمع وحفظ وتثمين المنتجات الفلاحية;علوم فلاحية;2;5;7
13;;42;2;تطوير أنظمة المعلومات;إعلامية;1;0;1
13;;31;2;تقنيات المحاسبة والمالية;محاسبة;1;2;3
13;;53;3;الهندسة الحرارية والطاقات المتجددة;هندسة الطاقة;20;29;49
13;;42;3;تطوير أنظمة المعلومات;إعلامية;8;6;14
13;;31;3;تقنيات المحاسبة والمالية;محاسبة;12;25;37
13;;53;3;هندسة ميكانيكية:الصيانة الصناعية;هندسة ميكانيكية;12;7;19
15;1501;42;2;علوم وتقنيات المعلومات والإتصال;إتصالات;1;0;1
15;1501;31;2;التصرف في المؤسسات الصغرى والمتوسطة;تصرف;2;5;7
15;1501;81;2;التصرف: الجودة، السلامة والمحيط;حماية البيئة;0;2;2
15;1501;31;11;الإستغلال الأمثل للإمكانيات وتحديث المؤسسة;تصرف;22;15;37
15;1501;53;11;التقنيات الحديثة للإتصالات والشبكات;إتصالات;15;7;22
15;1501;31;11;إدارة الأعمال المندمجة: جودة-سلامة-محيط;تصرف;24;50;74
15;1501;42;11;ندسة البرمجيات - المصدر المفتوح (MP2L);إعلامية;11;7;18
15;1501;42;11;المتقدمة في الأنظمة الروبوتية وذكاء الاصطناعي;إعلامية;18;4;22
15;1501;31;11;هندسة مالية;تصرف;20;30;50
15;1501;31;11;تحليل البيانات وعلم المعطيات;تصرف;17;11;28
15;1501;31;3;علوم التصرف: إدارة الأعمال;تصرف;17;16;33
15;1501;31;3;علوم التصرف: المحاسبة;محاسبة;4;2;6
15;1501;53;3;تكنولوجيات المعلومات و الإتصال: الشبكات و أنترنات الأشياء;إتصالات;8;3;11
4;422;52;6;هندسة معمارية;تعمير وتهيئة;63;122;185
4;422;52;10;التعمير والتهيئة;تعمير وتهيئة;6;5;11
4;422;52;11;التعمير;تعمير وتهيئة;3;7;10
2;214;22;1;اللغة والآداب والحضارةالعربية;آداب عربية;2;8;10
2;214;22;1;تاريخ;تاريخ;3;2;5
2;214;34;1;جغرافيا;جغرافيا;3;2;5
2;214;22;1;فلسفة;فلسفة;1;5;6
2;214;22;1;فرنسية;آداب فرنسية;1;6;7
2;214;22;1;اللغة والآداب والحضارة الأنقليزية;آداب إنقليزية;3;11;14
2;214;41;1;رياضيات;الرياضيات;2;3;5
2;214;44;1;فيزياء;فيزياء;0;9;9
13;;31;2;التصرف المحاسبي والمالي;تصرف;7;1;8
13;;53;2;هندسة كهربائية:الكهرباء الصناعية;هندسة كهربائية;0;2;2
13;;53;2;هندسة كهربائية:الآلية والإعلامية الصناعية;هندسة كهربائية;0;2;2
13;;31;2;إدارة الأعمال:التصرف في الإنتاج;تصرف في الجودة والإنتاج;1;0;1
13;;42;3;تطوير أنظمة المعلومات;إعلامية;26;14;40
13;;42;3;الشبكات الإعلامية;إعلامية;4;6;10
13;;53;3;البناء والصناعات الميكانيكية;هندسة ميكانيكية;13;9;22
13;;53;3;هندسة ميكانيكية: تكنولوجيات الخشب;هندسة ميكانيكية;4;7;11
13;;53;3;هندسة ميكانيكية:الصيانة الصناعية;هندسة ميكانيكية;11;23;34
13;;53;3;هندسة كهربائية:الكهرباء الصناعية;هندسة كهربائية;11;12;23
13;;53;3;هندسة كهربائية:الآلية والإعلامية الصناعية;هندسة كهربائية;13;6;19
13;;53;3;هندسة كهربائية:الإلكترونيك الصناعي;هندسة كهربائية;10;9;19
6;601;32;3;قانون خاص;قانون خاص وعلوم إجرامية;20;89;109
6;601;34;3;اقتصاد:نقد،مالية،بنك;علوم اقتصادية;10;51;61
6;601;31;3;تسويق;تصرف;9;12;21
6;601;31;3;إدارة الأعمال;تصرف;9;13;22
6;601;32;3;القانون العام;قانون عام;2;20;22
6;601;34;3;اقتصاديات الأعمال;علوم اقتصادية;11;21;32
6;601;34;3;التجارة والمالية الدولية;علوم اقتصادية;16;35;51
6;601;34;3;التحليل والسياسة الاقتصادية;علوم اقتصادية;3;10;13
6;601;31;3;المالية;تصرف;19;109;128
6;601;42;3;الخدمات الالكترونية في الأعمال;إعلامية تصرف;5;17;22
6;601;42;3;ذكاء الأعمال;إعلامية تصرف;13;22;35
6;601;42;3;نظم معلومات في االأعمال;إعلامية تصرف;8;17;25
6;601;31;3;المحاسبة;محاسبة;24;72;96
6;601;31;11;بعث المشاريع وادارة الاعمال الفلاحية وصناعة المواد الغذائية;تصرف;16;20;36
6;601;32;10;قانون خاص;قانون خاص وعلوم إجرامية;3;28;31
6;601;32;10;القانون العام;قانون عام;2;43;45
6;601;32;11;قانون المؤسسات والأعمال;قانون خاص وعلوم إجرامية;2;43;45
6;601;42;10;اعلامية التصرف;إعلامية تصرف;6;9;15
6;601;42;11;التجارة الالكترونية;إعلامية تصرف;6;7;13
6;601;31;10;تسويق;تصرف;6;22;28
6;601;31;10;المالية;تصرف;3;23;26
6;601;31;11;المحاسبة والرقابة والتدقيق;محاسبة;8;26;34
6;601;34;11;البنوك والتامين;علوم اقتصادية;6;26;32
6;601;34;11;التجارة والأعمال الدولية;علوم اقتصادية;6;20;26
6;601;34;11;العلوم الإقتصادية: الإقتصاد الإجتماعي والتضامني;علوم اقتصادية;5;13;18
6;601;34;10;السياسات الاقتصادية للتنمية الجهوية;علوم اقتصادية;7;11;18
6;601;34;10;اقتصاد:نقد،مالية،بنك;علوم اقتصادية;5;16;21
13;1323;44;2;توبوغرافيا والجغرفة الرقمية;فيزياء;3;0;3
13;1323;52;2;هندسة مدنية:الأشغال العمومية;هندسة مدنية;0;1;1
13;1323;31;3;إدارة الأعمال;تصرف;4;31;35
13;1323;52;3;هندسة مدنية:الأشغال العمومية;هندسة مدنية;9;7;16
13;1323;31;3;تقنيات المحاسبة والمالية;محاسبة;4;35;39
13;1323;42;3;تطوير أنظمة المعلومات;إعلامية;10;8;18
13;1323;53;3;الصيانة الصناعية;هندسة ميكانيكية;11;13;24
13;1323;52;3;البناء;هندسة مدنية;12;16;28
13;1323;52;3;قيس الأراضي والجغرفة الرقمية;هندسة مدنية;9;1;10
4;401;53;3;الالكترونيك والالكتروتقنية والآلية;هندسة صناعية والكترونيك وآلية;11;12;23
4;401;53;11;الالكترونيك والالكتروتقنية والآلية;هندسة صناعية والكترونيك وآلية;6;6;12
4;401;43;10;البيولوجيا الجزيئية والخلوية والبيوتكنولوجيا-مسار الحيوان;علوم بيولوجيا;0;15;15
4;401;43;10;البيولوجيا الجزيئية والخلوية والبيوتكنولوجيا-مسار النبات;علوم بيولوجيا;0;6;6
4;401;43;11;البيولوجيا والصحة/السلامة الصحية للاغذية;علوم بيولوجيا;0;24;24
4;401;44;11;الفيزياء/تثمين الموارد الطبيعية;فيزياء;2;6;8
4;401;44;10;الكيمياء الاعضوية;كيمياء;1;9;10
4;401;44;11;الكيمياء الصناعية و البيتروكيمياء;كيمياء;5;22;27
4;401;44;10;الكيمياء العضوية;كيمياء;1;1;2
4;401;42;3;هندسة نظم الإعلامية;إعلامية;29;30;59
4;401;42;11;هندسة نظم الإعلامية;إعلامية;11;4;15
4;401;42;10;إعلامية;إعلامية;3;3;6
4;401;43;3;البيوتكنولوجيا;علوم بيولوجيا;0;44;44
4;401;81;11;البيولوجيا و إدارة المحيط;حماية البيئة;1;17;18
4;401;41;3;الرياضيات : الرياضيات والإعلامية;الرياضيات;1;6;7
4;401;44;10;الفيزياء;فيزياء;3;11;14
4;401;44;3;الفيزياء و الطاقة;فيزياء;3;10;13
4;401;44;11;الكيمياء : التحاليل الفيزيائية و الكيميائية;كيمياء;3;21;24
4;401;44;3;الكيمياء : بحث;كيمياء;4;23;27
4;401;44;3;الكيمياء الدقيقة;كيمياء;0;22;22
4;401;44;3;الموارد الجيولوجية والمحيط;علوم جيولوجيا;0;20;20
4;401;44;10;الموارد الجيولوجية وتطبيقاتها;علوم جيولوجيا;1;15;16
4;401;44;11;الموارد الجيولوجية وتطبيقاتها;علوم جيولوجيا;2;18;20
4;401;53;3;الهندسة الطاقية;هندسة موارد بيئية;3;11;14
4;401;53;11;الهندسة الطاقية;هندسة موارد بيئية;3;8;11
4;401;43;10;بيولوجيا الأفراد والمجموعات والمحيط;علوم بيولوجيا;1;7;8
4;401;53;3;تكنولوجيا المعلومات والاتصال;إتصالات;10;29;39
4;401;53;11;تكنولوجيا المعلومات والاتصال;إتصالات;0;8;8
4;401;41;3;رياضيات;الرياضيات;4;4;8
4;401;41;10;رياضيات;الرياضيات;1;3;4
4;401;44;3;علوم الأرض;علوم جيولوجيا;4;13;17
4;401;43;3;علوم الأحياء;علوم بيولوجيا;4;43;47
4;401;43;3;علوم الأحياء والمحيط;علوم بيولوجيا;0;15;15
4;401;43;3;علوم الحياة والأرض;علوم بيولوجيا;3;29;32
4;401;44;3;فيزياء الاستشعار;فيزياء;1;13;14
4;401;44;3;فيزياء المواد والتطبيقات;فيزياء;1;8;9
4;401;53;3;فيزياء وكيمياء;تحضير علمي;5;11;16
4;401;44;3;كيمياء:كيمياء صناعية;كيمياء;2;18;20
4;401;42;3;هندسة نظم الاعلامية;إعلامية;19;33;52
2;214;41;12;رياضيات;رياضيات;4;2;6
2;214;44;12;فيزياء;فيزياء;5;6;11
2;214;;12;تاريخ;اللغة والآداب والحضارةالعربية;5;2;7
2;214;34;12;جغرافيا;جغرافيا;3;2;5
2;214;22;12;اللغة والآداب والحضارةالعربية;آداب عربية;2;8;10
2;214;22;12;فرنسية;آداب فرنسية;2;6;8
2;214;;12;فلسفة;فرنسية;1;4;5
2;214;22;12;اللغة والآداب والحضارة الأنقليزية;آداب إنقليزية;1;14;15
5;506;31;;محاسبة;محاسبة;37;29;66
